Cost_Center_ID,Cost_Center_Code,Cost_Center_Name,Department,Parent_Cost_Center,Manager_ID,Plant,Area,Budget_Type,Annual_Budget_USD,Currency,Start_Date,End_Date,Status,Notes
CC-00001,CC-MNT-001,Maintenance Cost Center 001,Maintenance,,EMP-000001,Plant-01,Roasting,CAPEX,2500000,USD,2020-01-01,2025-12-31,Active,
CC-00002,CC-PRD-002,Production Cost Center 002,Production,,EMP-000002,Plant-01,Mixing,CAPEX,1000000,USD,2020-01-01,2025-12-31,Active,
CC-00003,CC-QLT-003,Quality Cost Center 003,Quality,,EMP-000003,Plant-01,Refining,CAPEX,2500000,USD,2020-01-01,2025-12-31,Active,
CC-00004,CC-WHS-004,Warehouse Cost Center 004,Warehouse,,EMP-000004,Plant-01,Conching,OPEX,2500000,USD,2020-01-01,2025-12-31,Active,
CC-00005,CC-SCM-005,Supply Chain Cost Center 005,Supply Chain,,EMP-000005,Plant-01,Tempering,Mixed,250000,USD,2020-01-01,2025-12-31,Active,
CC-00006,CC-UTL-006,Utilities Cost Center 006,Utilities,,EMP-000006,Plant-01,Molding,OPEX,100000,USD,2020-01-01,2025-12-31,Active,
CC-00007,CC-SLS-007,Sales Cost Center 007,Sales,,EMP-000007,Plant-01,Cooling,Mixed,100000,USD,2020-01-01,2025-12-31,Active,
CC-00008,CC-HR-008,Human Resources Cost Center 008,Human Resources,,EMP-000008,Plant-01,Packaging,OPEX,500000,USD,2020-01-01,2025-12-31,Active,
CC-00009,CC-FIN-009,Finance Cost Center 009,Finance,,EMP-000009,Plant-01,Utilities,Mixed,2500000,USD,2020-01-01,2025-12-31,Active,
CC-00010,CC-ENG-010,Engineering Cost Center 010,Engineering,,EMP-000010,Plant-01,Administration,Mixed,250000,USD,2020-01-01,2025-12-31,Active,
CC-00011,CC-MNT-011,Maintenance Cost Center 011,Maintenance,CC-00001,EMP-000011,Plant-01,Roasting,OPEX,2500000,USD,2020-01-01,2025-12-31,Active,
CC-00012,CC-PRD-012,Production Cost Center 012,Production,CC-00002,EMP-000012,Plant-01,Mixing,Mixed,2500000,USD,2020-01-01,2025-12-31,Active,
CC-00013,CC-QLT-013,Quality Cost Center 013,Quality,CC-00003,EMP-000013,Plant-01,Refining,OPEX,250000,USD,2020-01-01,2025-12-31,Active,
CC-00014,CC-WHS-014,Warehouse Cost Center 014,Warehouse,CC-00004,EMP-000014,Plant-01,Conching,Mixed,250000,USD,2020-01-01,2025-12-31,Active,
CC-00015,CC-SCM-015,Supply Chain Cost Center 015,Supply Chain,CC-00005,EMP-000015,Plant-01,Tempering,CAPEX,100000,USD,2020-01-01,2025-12-31,Active,
CC-00016,CC-UTL-016,Utilities Cost Center 016,Utilities,CC-00006,EMP-000016,Plant-01,Molding,Mixed,2500000,USD,2020-01-01,2025-12-31,Active,
CC-00017,CC-SLS-017,Sales Cost Center 017,Sales,CC-00007,EMP-000017,Plant-01,Cooling,CAPEX,50000,USD,2020-01-01,2025-12-31,Active,
CC-00018,CC-HR-018,Human Resources Cost Center 018,Human Resources,CC-00008,EMP-000018,Plant-01,Packaging,OPEX,50000,USD,2020-01-01,2025-12-31,Active,
CC-00019,CC-FIN-019,Finance Cost Center 019,Finance,CC-00009,EMP-000019,Plant-01,Utilities,CAPEX,250000,USD,2020-01-01,2025-12-31,Active,
CC-00020,CC-ENG-020,Engineering Cost Center 020,Engineering,CC-00010,EMP-000020,Plant-01,Administration,OPEX,250000,USD,2020-01-01,2025-12-31,Active,
CC-00021,CC-MNT-021,Maintenance Cost Center 021,Maintenance,CC-00001,EMP-000021,Plant-01,Roasting,OPEX,1000000,USD,2020-01-01,2025-12-31,Active,
CC-00022,CC-PRD-022,Production Cost Center 022,Production,CC-00002,EMP-000022,Plant-01,Mixing,Mixed,1000000,USD,2020-01-01,2025-12-31,Active,
CC-00023,CC-QLT-023,Quality Cost Center 023,Quality,CC-00003,EMP-000023,Plant-01,Refining,OPEX,1000000,USD,2020-01-01,2025-12-31,Active,
CC-00024,CC-WHS-024,Warehouse Cost Center 024,Warehouse,CC-00004,EMP-000024,Plant-01,Conching,CAPEX,50000,USD,2020-01-01,2025-12-31,Active,
CC-00025,CC-SCM-025,Supply Chain Cost Center 025,Supply Chain,CC-00005,EMP-000025,Plant-01,Tempering,OPEX,250000,USD,2020-01-01,2025-12-31,Active,
CC-00026,CC-UTL-026,Utilities Cost Center 026,Utilities,CC-00006,EMP-000026,Plant-01,Molding,OPEX,500000,USD,2020-01-01,2025-12-31,Active,
CC-00027,CC-SLS-027,Sales Cost Center 027,Sales,CC-00007,EMP-000027,Plant-01,Cooling,OPEX,50000,USD,2020-01-01,2025-12-31,Active,
CC-00028,CC-HR-028,Human Resources Cost Center 028,Human Resources,CC-00008,EMP-000028,Plant-01,Packaging,CAPEX,2500000,USD,2020-01-01,2025-12-31,Active,
CC-00029,CC-FIN-029,Finance Cost Center 029,Finance,CC-00009,EMP-000029,Plant-01,Utilities,CAPEX,500000,USD,2020-01-01,2025-12-31,Active,
CC-00030,CC-ENG-030,Engineering Cost Center 030,Engineering,CC-00010,EMP-000030,Plant-01,Administration,OPEX,2500000,USD,2020-01-01,2025-12-31,Active,
CC-00031,CC-MNT-031,Maintenance Cost Center 031,Maintenance,CC-00001,EMP-000031,Plant-01,Roasting,OPEX,2500000,USD,2020-01-01,2025-12-31,Active,
CC-00032,CC-PRD-032,Production Cost Center 032,Production,CC-00002,EMP-000032,Plant-01,Mixing,OPEX,250000,USD,2020-01-01,2025-12-31,Active,
CC-00033,CC-QLT-033,Quality Cost Center 033,Quality,CC-00003,EMP-000033,Plant-01,Refining,CAPEX,50000,USD,2020-01-01,2025-12-31,Active,
CC-00034,CC-WHS-034,Warehouse Cost Center 034,Warehouse,CC-00004,EMP-000034,Plant-01,Conching,Mixed,250000,USD,2020-01-01,2025-12-31,Active,
CC-00035,CC-SCM-035,Supply Chain Cost Center 035,Supply Chain,CC-00005,EMP-000035,Plant-01,Tempering,Mixed,100000,USD,2020-01-01,2025-12-31,Active,
CC-00036,CC-UTL-036,Utilities Cost Center 036,Utilities,CC-00006,EMP-000036,Plant-01,Molding,CAPEX,1000000,USD,2020-01-01,2025-12-31,Active,
CC-00037,CC-SLS-037,Sales Cost Center 037,Sales,CC-00007,EMP-000037,Plant-01,Cooling,CAPEX,250000,USD,2020-01-01,2025-12-31,Active,
CC-00038,CC-HR-038,Human Resources Cost Center 038,Human Resources,CC-00008,EMP-000038,Plant-01,Packaging,Mixed,100000,USD,2020-01-01,2025-12-31,Active,
CC-00039,CC-FIN-039,Finance Cost Center 039,Finance,CC-00009,EMP-000039,Plant-01,Utilities,Mixed,100000,USD,2020-01-01,2025-12-31,Active,
CC-00040,CC-ENG-040,Engineering Cost Center 040,Engineering,CC-00010,EMP-000040,Plant-01,Administration,CAPEX,500000,USD,2020-01-01,2025-12-31,Active,
CC-00041,CC-MNT-041,Maintenance Cost Center 041,Maintenance,CC-00001,EMP-000041,Plant-01,Roasting,OPEX,50000,USD,2020-01-01,2025-12-31,Active,
CC-00042,CC-PRD-042,Production Cost Center 042,Production,CC-00002,EMP-000042,Plant-01,Mixing,CAPEX,50000,USD,2020-01-01,2025-12-31,Active,
CC-00043,CC-QLT-043,Quality Cost Center 043,Quality,CC-00003,EMP-000043,Plant-01,Refining,OPEX,1000000,USD,2020-01-01,2025-12-31,Active,
CC-00044,CC-WHS-044,Warehouse Cost Center 044,Warehouse,CC-00004,EMP-000044,Plant-01,Conching,Mixed,100000,USD,2020-01-01,2025-12-31,Active,
CC-00045,CC-SCM-045,Supply Chain Cost Center 045,Supply Chain,CC-00005,EMP-000045,Plant-01,Tempering,OPEX,250000,USD,2020-01-01,2025-12-31,Active,
CC-00046,CC-UTL-046,Utilities Cost Center 046,Utilities,CC-00006,EMP-000046,Plant-01,Molding,CAPEX,250000,USD,2020-01-01,2025-12-31,Active,
CC-00047,CC-SLS-047,Sales Cost Center 047,Sales,CC-00007,EMP-000047,Plant-01,Cooling,Mixed,1000000,USD,2020-01-01,2025-12-31,Active,
CC-00048,CC-HR-048,Human Resources Cost Center 048,Human Resources,CC-00008,EMP-000048,Plant-01,Packaging,Mixed,250000,USD,2020-01-01,2025-12-31,Active,
CC-00049,CC-FIN-049,Finance Cost Center 049,Finance,CC-00009,EMP-000049,Plant-01,Utilities,OPEX,1000000,USD,2020-01-01,2025-12-31,Active,
CC-00050,CC-ENG-050,Engineering Cost Center 050,Engineering,CC-00010,EMP-000050,Plant-01,Administration,CAPEX,1000000,USD,2020-01-01,2025-12-31,Active,
CC-00051,CC-MNT-051,Maintenance Cost Center 051,Maintenance,CC-00001,EMP-000051,Plant-01,Roasting,CAPEX,500000,USD,2020-01-01,2025-12-31,Active,
CC-00052,CC-PRD-052,Production Cost Center 052,Production,CC-00002,EMP-000052,Plant-01,Mixing,Mixed,100000,USD,2020-01-01,2025-12-31,Active,
CC-00053,CC-QLT-053,Quality Cost Center 053,Quality,CC-00003,EMP-000053,Plant-01,Refining,CAPEX,250000,USD,2020-01-01,2025-12-31,Active,
CC-00054,CC-WHS-054,Warehouse Cost Center 054,Warehouse,CC-00004,EMP-000054,Plant-01,Conching,OPEX,250000,USD,2020-01-01,2025-12-31,Active,
CC-00055,CC-SCM-055,Supply Chain Cost Center 055,Supply Chain,CC-00005,EMP-000055,Plant-01,Tempering,CAPEX,100000,USD,2020-01-01,2025-12-31,Active,
CC-00056,CC-UTL-056,Utilities Cost Center 056,Utilities,CC-00006,EMP-000056,Plant-01,Molding,CAPEX,500000,USD,2020-01-01,2025-12-31,Active,
CC-00057,CC-SLS-057,Sales Cost Center 057,Sales,CC-00007,EMP-000057,Plant-01,Cooling,OPEX,500000,USD,2020-01-01,2025-12-31,Active,
CC-00058,CC-HR-058,Human Resources Cost Center 058,Human Resources,CC-00008,EMP-000058,Plant-01,Packaging,OPEX,2500000,USD,2020-01-01,2025-12-31,Active,
CC-00059,CC-FIN-059,Finance Cost Center 059,Finance,CC-00009,EMP-000059,Plant-01,Utilities,Mixed,100000,USD,2020-01-01,2025-12-31,Active,
CC-00060,CC-ENG-060,Engineering Cost Center 060,Engineering,CC-00010,EMP-000060,Plant-01,Administration,CAPEX,2500000,USD,2020-01-01,2025-12-31,Active,
CC-00061,CC-MNT-061,Maintenance Cost Center 061,Maintenance,CC-00001,EMP-000061,Plant-01,Roasting,Mixed,50000,USD,2020-01-01,2025-12-31,Active,
CC-00062,CC-PRD-062,Production Cost Center 062,Production,CC-00002,EMP-000062,Plant-01,Mixing,Mixed,1000000,USD,2020-01-01,2025-12-31,Active,
CC-00063,CC-QLT-063,Quality Cost Center 063,Quality,CC-00003,EMP-000063,Plant-01,Refining,OPEX,100000,USD,2020-01-01,2025-12-31,Active,
CC-00064,CC-WHS-064,Warehouse Cost Center 064,Warehouse,CC-00004,EMP-000064,Plant-01,Conching,OPEX,1000000,USD,2020-01-01,2025-12-31,Active,
CC-00065,CC-SCM-065,Supply Chain Cost Center 065,Supply Chain,CC-00005,EMP-000065,Plant-01,Tempering,CAPEX,1000000,USD,2020-01-01,2025-12-31,Active,
CC-00066,CC-UTL-066,Utilities Cost Center 066,Utilities,CC-00006,EMP-000066,Plant-01,Molding,OPEX,1000000,USD,2020-01-01,2025-12-31,Active,
CC-00067,CC-SLS-067,Sales Cost Center 067,Sales,CC-00007,EMP-000067,Plant-01,Cooling,CAPEX,500000,USD,2020-01-01,2025-12-31,Active,
CC-00068,CC-HR-068,Human Resources Cost Center 068,Human Resources,CC-00008,EMP-000068,Plant-01,Packaging,Mixed,2500000,USD,2020-01-01,2025-12-31,Active,
CC-00069,CC-FIN-069,Finance Cost Center 069,Finance,CC-00009,EMP-000069,Plant-01,Utilities,CAPEX,500000,USD,2020-01-01,2025-12-31,Active,
CC-00070,CC-ENG-070,Engineering Cost Center 070,Engineering,CC-00010,EMP-000070,Plant-01,Administration,OPEX,250000,USD,2020-01-01,2025-12-31,Active,
CC-00071,CC-MNT-071,Maintenance Cost Center 071,Maintenance,CC-00001,EMP-000071,Plant-01,Roasting,Mixed,2500000,USD,2020-01-01,2025-12-31,Active,
CC-00072,CC-PRD-072,Production Cost Center 072,Production,CC-00002,EMP-000072,Plant-01,Mixing,OPEX,500000,USD,2020-01-01,2025-12-31,Active,
CC-00073,CC-QLT-073,Quality Cost Center 073,Quality,CC-00003,EMP-000073,Plant-01,Refining,CAPEX,1000000,USD,2020-01-01,2025-12-31,Active,
CC-00074,CC-WHS-074,Warehouse Cost Center 074,Warehouse,CC-00004,EMP-000074,Plant-01,Conching,CAPEX,50000,USD,2020-01-01,2025-12-31,Active,
CC-00075,CC-SCM-075,Supply Chain Cost Center 075,Supply Chain,CC-00005,EMP-000075,Plant-01,Tempering,Mixed,500000,USD,2020-01-01,2025-12-31,Active,
CC-00076,CC-UTL-076,Utilities Cost Center 076,Utilities,CC-00006,EMP-000076,Plant-01,Molding,CAPEX,50000,USD,2020-01-01,2025-12-31,Active,
CC-00077,CC-SLS-077,Sales Cost Center 077,Sales,CC-00007,EMP-000077,Plant-01,Cooling,OPEX,1000000,USD,2020-01-01,2025-12-31,Active,
CC-00078,CC-HR-078,Human Resources Cost Center 078,Human Resources,CC-00008,EMP-000078,Plant-01,Packaging,CAPEX,250000,USD,2020-01-01,2025-12-31,Active,
CC-00079,CC-FIN-079,Finance Cost Center 079,Finance,CC-00009,EMP-000079,Plant-01,Utilities,Mixed,50000,USD,2020-01-01,2025-12-31,Active,
CC-00080,CC-ENG-080,Engineering Cost Center 080,Engineering,CC-00010,EMP-000080,Plant-01,Administration,Mixed,1000000,USD,2020-01-01,2025-12-31,Active,
CC-00081,CC-MNT-081,Maintenance Cost Center 081,Maintenance,CC-00001,EMP-000081,Plant-01,Roasting,OPEX,100000,USD,2020-01-01,2025-12-31,Active,
CC-00082,CC-PRD-082,Production Cost Center 082,Production,CC-00002,EMP-000082,Plant-01,Mixing,CAPEX,100000,USD,2020-01-01,2025-12-31,Active,
CC-00083,CC-QLT-083,Quality Cost Center 083,Quality,CC-00003,EMP-000083,Plant-01,Refining,Mixed,500000,USD,2020-01-01,2025-12-31,Active,
CC-00084,CC-WHS-084,Warehouse Cost Center 084,Warehouse,CC-00004,EMP-000084,Plant-01,Conching,CAPEX,500000,USD,2020-01-01,2025-12-31,Active,
CC-00085,CC-SCM-085,Supply Chain Cost Center 085,Supply Chain,CC-00005,EMP-000085,Plant-01,Tempering,CAPEX,2500000,USD,2020-01-01,2025-12-31,Active,
CC-00086,CC-UTL-086,Utilities Cost Center 086,Utilities,CC-00006,EMP-000086,Plant-01,Molding,OPEX,250000,USD,2020-01-01,2025-12-31,Active,
CC-00087,CC-SLS-087,Sales Cost Center 087,Sales,CC-00007,EMP-000087,Plant-01,Cooling,OPEX,100000,USD,2020-01-01,2025-12-31,Active,
CC-00088,CC-HR-088,Human Resources Cost Center 088,Human Resources,CC-00008,EMP-000088,Plant-01,Packaging,Mixed,100000,USD,2020-01-01,2025-12-31,Active,
CC-00089,CC-FIN-089,Finance Cost Center 089,Finance,CC-00009,EMP-000089,Plant-01,Utilities,Mixed,250000,USD,2020-01-01,2025-12-31,Active,
CC-00090,CC-ENG-090,Engineering Cost Center 090,Engineering,CC-00010,EMP-000090,Plant-01,Administration,OPEX,250000,USD,2020-01-01,2025-12-31,Active,
CC-00091,CC-MNT-091,Maintenance Cost Center 091,Maintenance,CC-00001,EMP-000091,Plant-01,Roasting,Mixed,100000,USD,2020-01-01,2025-12-31,Active,
CC-00092,CC-PRD-092,Production Cost Center 092,Production,CC-00002,EMP-000092,Plant-01,Mixing,OPEX,2500000,USD,2020-01-01,2025-12-31,Active,
CC-00093,CC-QLT-093,Quality Cost Center 093,Quality,CC-00003,EMP-000093,Plant-01,Refining,CAPEX,50000,USD,2020-01-01,2025-12-31,Active,
CC-00094,CC-WHS-094,Warehouse Cost Center 094,Warehouse,CC-00004,EMP-000094,Plant-01,Conching,CAPEX,100000,USD,2020-01-01,2025-12-31,Active,
CC-00095,CC-SCM-095,Supply Chain Cost Center 095,Supply Chain,CC-00005,EMP-000095,Plant-01,Tempering,CAPEX,250000,USD,2020-01-01,2025-12-31,Active,
CC-00096,CC-UTL-096,Utilities Cost Center 096,Utilities,CC-00006,EMP-000096,Plant-01,Molding,Mixed,100000,USD,2020-01-01,2025-12-31,Active,
CC-00097,CC-SLS-097,Sales Cost Center 097,Sales,CC-00007,EMP-000097,Plant-01,Cooling,OPEX,2500000,USD,2020-01-01,2025-12-31,Active,
CC-00098,CC-HR-098,Human Resources Cost Center 098,Human Resources,CC-00008,EMP-000098,Plant-01,Packaging,OPEX,500000,USD,2020-01-01,2025-12-31,Active,
CC-00099,CC-FIN-099,Finance Cost Center 099,Finance,CC-00009,EMP-000099,Plant-01,Utilities,OPEX,500000,USD,2020-01-01,2025-12-31,Active,
CC-00100,CC-ENG-100,Engineering Cost Center 100,Engineering,CC-00010,EMP-000100,Plant-01,Administration,OPEX,1000000,USD,2020-01-01,2025-12-31,Active,
CC-00101,CC-MNT-101,Maintenance Cost Center 101,Maintenance,CC-00001,EMP-000101,Plant-01,Roasting,CAPEX,1000000,USD,2020-01-01,2025-12-31,Active,
CC-00102,CC-PRD-102,Production Cost Center 102,Production,CC-00002,EMP-000102,Plant-01,Mixing,OPEX,250000,USD,2020-01-01,2025-12-31,Active,
CC-00103,CC-QLT-103,Quality Cost Center 103,Quality,CC-00003,EMP-000103,Plant-01,Refining,CAPEX,100000,USD,2020-01-01,2025-12-31,Active,
CC-00104,CC-WHS-104,Warehouse Cost Center 104,Warehouse,CC-00004,EMP-000104,Plant-01,Conching,OPEX,50000,USD,2020-01-01,2025-12-31,Active,
CC-00105,CC-SCM-105,Supply Chain Cost Center 105,Supply Chain,CC-00005,EMP-000105,Plant-01,Tempering,Mixed,1000000,USD,2020-01-01,2025-12-31,Active,
CC-00106,CC-UTL-106,Utilities Cost Center 106,Utilities,CC-00006,EMP-000106,Plant-01,Molding,OPEX,250000,USD,2020-01-01,2025-12-31,Active,
CC-00107,CC-SLS-107,Sales Cost Center 107,Sales,CC-00007,EMP-000107,Plant-01,Cooling,Mixed,1000000,USD,2020-01-01,2025-12-31,Active,
CC-00108,CC-HR-108,Human Resources Cost Center 108,Human Resources,CC-00008,EMP-000108,Plant-01,Packaging,OPEX,500000,USD,2020-01-01,2025-12-31,Active,
CC-00109,CC-FIN-109,Finance Cost Center 109,Finance,CC-00009,EMP-000109,Plant-01,Utilities,Mixed,50000,USD,2020-01-01,2025-12-31,Active,
CC-00110,CC-ENG-110,Engineering Cost Center 110,Engineering,CC-00010,EMP-000110,Plant-01,Administration,CAPEX,2500000,USD,2020-01-01,2025-12-31,Active,
CC-00111,CC-MNT-111,Maintenance Cost Center 111,Maintenance,CC-00001,EMP-000111,Plant-01,Roasting,Mixed,2500000,USD,2020-01-01,2025-12-31,Active,
CC-00112,CC-PRD-112,Production Cost Center 112,Production,CC-00002,EMP-000112,Plant-01,Mixing,Mixed,1000000,USD,2020-01-01,2025-12-31,Active,
CC-00113,CC-QLT-113,Quality Cost Center 113,Quality,CC-00003,EMP-000113,Plant-01,Refining,OPEX,50000,USD,2020-01-01,2025-12-31,Active,
CC-00114,CC-WHS-114,Warehouse Cost Center 114,Warehouse,CC-00004,EMP-000114,Plant-01,Conching,OPEX,1000000,USD,2020-01-01,2025-12-31,Active,
CC-00115,CC-SCM-115,Supply Chain Cost Center 115,Supply Chain,CC-00005,EMP-000115,Plant-01,Tempering,CAPEX,1000000,USD,2020-01-01,2025-12-31,Active,
CC-00116,CC-UTL-116,Utilities Cost Center 116,Utilities,CC-00006,EMP-000116,Plant-01,Molding,Mixed,250000,USD,2020-01-01,2025-12-31,Active,
CC-00117,CC-SLS-117,Sales Cost Center 117,Sales,CC-00007,EMP-000117,Plant-01,Cooling,OPEX,250000,USD,2020-01-01,2025-12-31,Active,
CC-00118,CC-HR-118,Human Resources Cost Center 118,Human Resources,CC-00008,EMP-000118,Plant-01,Packaging,CAPEX,250000,USD,2020-01-01,2025-12-31,Active,
CC-00119,CC-FIN-119,Finance Cost Center 119,Finance,CC-00009,EMP-000119,Plant-01,Utilities,Mixed,250000,USD,2020-01-01,2025-12-31,Active,
CC-00120,CC-ENG-120,Engineering Cost Center 120,Engineering,CC-00010,EMP-000120,Plant-01,Administration,CAPEX,1000000,USD,2020-01-01,2025-12-31,Active,
CC-00121,CC-MNT-121,Maintenance Cost Center 121,Maintenance,CC-00001,EMP-000121,Plant-01,Roasting,OPEX,1000000,USD,2020-01-01,2025-12-31,Active,
CC-00122,CC-PRD-122,Production Cost Center 122,Production,CC-00002,EMP-000122,Plant-01,Mixing,OPEX,2500000,USD,2020-01-01,2025-12-31,Active,
CC-00123,CC-QLT-123,Quality Cost Center 123,Quality,CC-00003,EMP-000123,Plant-01,Refining,OPEX,250000,USD,2020-01-01,2025-12-31,Active,
CC-00124,CC-WHS-124,Warehouse Cost Center 124,Warehouse,CC-00004,EMP-000124,Plant-01,Conching,CAPEX,500000,USD,2020-01-01,2025-12-31,Active,
CC-00125,CC-SCM-125,Supply Chain Cost Center 125,Supply Chain,CC-00005,EMP-000125,Plant-01,Tempering,CAPEX,1000000,USD,2020-01-01,2025-12-31,Active,
CC-00126,CC-UTL-126,Utilities Cost Center 126,Utilities,CC-00006,EMP-000126,Plant-01,Molding,Mixed,500000,USD,2020-01-01,2025-12-31,Active,
CC-00127,CC-SLS-127,Sales Cost Center 127,Sales,CC-00007,EMP-000127,Plant-01,Cooling,OPEX,1000000,USD,2020-01-01,2025-12-31,Active,
CC-00128,CC-HR-128,Human Resources Cost Center 128,Human Resources,CC-00008,EMP-000128,Plant-01,Packaging,CAPEX,1000000,USD,2020-01-01,2025-12-31,Active,
CC-00129,CC-FIN-129,Finance Cost Center 129,Finance,CC-00009,EMP-000129,Plant-01,Utilities,OPEX,2500000,USD,2020-01-01,2025-12-31,Active,
CC-00130,CC-ENG-130,Engineering Cost Center 130,Engineering,CC-00010,EMP-000130,Plant-01,Administration,OPEX,2500000,USD,2020-01-01,2025-12-31,Active,
CC-00131,CC-MNT-131,Maintenance Cost Center 131,Maintenance,CC-00001,EMP-000131,Plant-01,Roasting,OPEX,1000000,USD,2020-01-01,2025-12-31,Active,
CC-00132,CC-PRD-132,Production Cost Center 132,Production,CC-00002,EMP-000132,Plant-01,Mixing,CAPEX,500000,USD,2020-01-01,2025-12-31,Active,
CC-00133,CC-QLT-133,Quality Cost Center 133,Quality,CC-00003,EMP-000133,Plant-01,Refining,OPEX,100000,USD,2020-01-01,2025-12-31,Active,
CC-00134,CC-WHS-134,Warehouse Cost Center 134,Warehouse,CC-00004,EMP-000134,Plant-01,Conching,OPEX,1000000,USD,2020-01-01,2025-12-31,Active,
CC-00135,CC-SCM-135,Supply Chain Cost Center 135,Supply Chain,CC-00005,EMP-000135,Plant-01,Tempering,CAPEX,1000000,USD,2020-01-01,2025-12-31,Active,
CC-00136,CC-UTL-136,Utilities Cost Center 136,Utilities,CC-00006,EMP-000136,Plant-01,Molding,Mixed,1000000,USD,2020-01-01,2025-12-31,Active,
CC-00137,CC-SLS-137,Sales Cost Center 137,Sales,CC-00007,EMP-000137,Plant-01,Cooling,Mixed,100000,USD,2020-01-01,2025-12-31,Active,
CC-00138,CC-HR-138,Human Resources Cost Center 138,Human Resources,CC-00008,EMP-000138,Plant-01,Packaging,OPEX,50000,USD,2020-01-01,2025-12-31,Active,
CC-00139,CC-FIN-139,Finance Cost Center 139,Finance,CC-00009,EMP-000139,Plant-01,Utilities,CAPEX,500000,USD,2020-01-01,2025-12-31,Active,
CC-00140,CC-ENG-140,Engineering Cost Center 140,Engineering,CC-00010,EMP-000140,Plant-01,Administration,CAPEX,100000,USD,2020-01-01,2025-12-31,Active,
CC-00141,CC-MNT-141,Maintenance Cost Center 141,Maintenance,CC-00001,EMP-000141,Plant-01,Roasting,CAPEX,50000,USD,2020-01-01,2025-12-31,Active,
CC-00142,CC-PRD-142,Production Cost Center 142,Production,CC-00002,EMP-000142,Plant-01,Mixing,CAPEX,1000000,USD,2020-01-01,2025-12-31,Active,
CC-00143,CC-QLT-143,Quality Cost Center 143,Quality,CC-00003,EMP-000143,Plant-01,Refining,CAPEX,250000,USD,2020-01-01,2025-12-31,Active,
CC-00144,CC-WHS-144,Warehouse Cost Center 144,Warehouse,CC-00004,EMP-000144,Plant-01,Conching,Mixed,100000,USD,2020-01-01,2025-12-31,Active,
CC-00145,CC-SCM-145,Supply Chain Cost Center 145,Supply Chain,CC-00005,EMP-000145,Plant-01,Tempering,CAPEX,250000,USD,2020-01-01,2025-12-31,Active,
CC-00146,CC-UTL-146,Utilities Cost Center 146,Utilities,CC-00006,EMP-000146,Plant-01,Molding,Mixed,50000,USD,2020-01-01,2025-12-31,Active,
CC-00147,CC-SLS-147,Sales Cost Center 147,Sales,CC-00007,EMP-000147,Plant-01,Cooling,CAPEX,100000,USD,2020-01-01,2025-12-31,Active,
CC-00148,CC-HR-148,Human Resources Cost Center 148,Human Resources,CC-00008,EMP-000148,Plant-01,Packaging,OPEX,1000000,USD,2020-01-01,2025-12-31,Active,
CC-00149,CC-FIN-149,Finance Cost Center 149,Finance,CC-00009,EMP-000149,Plant-01,Utilities,Mixed,2500000,USD,2020-01-01,2025-12-31,Active,
CC-00150,CC-ENG-150,Engineering Cost Center 150,Engineering,CC-00010,EMP-000150,Plant-01,Administration,CAPEX,250000,USD,2020-01-01,2025-12-31,Active,
CC-00151,CC-MNT-151,Maintenance Cost Center 151,Maintenance,CC-00001,EMP-000151,Plant-01,Roasting,CAPEX,100000,USD,2020-01-01,2025-12-31,Active,
CC-00152,CC-PRD-152,Production Cost Center 152,Production,CC-00002,EMP-000152,Plant-01,Mixing,Mixed,500000,USD,2020-01-01,2025-12-31,Active,
CC-00153,CC-QLT-153,Quality Cost Center 153,Quality,CC-00003,EMP-000153,Plant-01,Refining,CAPEX,50000,USD,2020-01-01,2025-12-31,Active,
CC-00154,CC-WHS-154,Warehouse Cost Center 154,Warehouse,CC-00004,EMP-000154,Plant-01,Conching,OPEX,50000,USD,2020-01-01,2025-12-31,Active,
CC-00155,CC-SCM-155,Supply Chain Cost Center 155,Supply Chain,CC-00005,EMP-000155,Plant-01,Tempering,Mixed,500000,USD,2020-01-01,2025-12-31,Active,
CC-00156,CC-UTL-156,Utilities Cost Center 156,Utilities,CC-00006,EMP-000156,Plant-01,Molding,Mixed,2500000,USD,2020-01-01,2025-12-31,Active,
CC-00157,CC-SLS-157,Sales Cost Center 157,Sales,CC-00007,EMP-000157,Plant-01,Cooling,CAPEX,500000,USD,2020-01-01,2025-12-31,Active,
CC-00158,CC-HR-158,Human Resources Cost Center 158,Human Resources,CC-00008,EMP-000158,Plant-01,Packaging,CAPEX,1000000,USD,2020-01-01,2025-12-31,Active,
CC-00159,CC-FIN-159,Finance Cost Center 159,Finance,CC-00009,EMP-000159,Plant-01,Utilities,Mixed,100000,USD,2020-01-01,2025-12-31,Active,
CC-00160,CC-ENG-160,Engineering Cost Center 160,Engineering,CC-00010,EMP-000160,Plant-01,Administration,Mixed,50000,USD,2020-01-01,2025-12-31,Active,
CC-00161,CC-MNT-161,Maintenance Cost Center 161,Maintenance,CC-00001,EMP-000161,Plant-01,Roasting,Mixed,50000,USD,2020-01-01,2025-12-31,Active,
CC-00162,CC-PRD-162,Production Cost Center 162,Production,CC-00002,EMP-000162,Plant-01,Mixing,OPEX,1000000,USD,2020-01-01,2025-12-31,Active,
CC-00163,CC-QLT-163,Quality Cost Center 163,Quality,CC-00003,EMP-000163,Plant-01,Refining,Mixed,2500000,USD,2020-01-01,2025-12-31,Active,
CC-00164,CC-WHS-164,Warehouse Cost Center 164,Warehouse,CC-00004,EMP-000164,Plant-01,Conching,OPEX,1000000,USD,2020-01-01,2025-12-31,Active,
CC-00165,CC-SCM-165,Supply Chain Cost Center 165,Supply Chain,CC-00005,EMP-000165,Plant-01,Tempering,CAPEX,1000000,USD,2020-01-01,2025-12-31,Active,
CC-00166,CC-UTL-166,Utilities Cost Center 166,Utilities,CC-00006,EMP-000166,Plant-01,Molding,OPEX,100000,USD,2020-01-01,2025-12-31,Active,
CC-00167,CC-SLS-167,Sales Cost Center 167,Sales,CC-00007,EMP-000167,Plant-01,Cooling,OPEX,1000000,USD,2020-01-01,2025-12-31,Active,
CC-00168,CC-HR-168,Human Resources Cost Center 168,Human Resources,CC-00008,EMP-000168,Plant-01,Packaging,Mixed,2500000,USD,2020-01-01,2025-12-31,Active,
CC-00169,CC-FIN-169,Finance Cost Center 169,Finance,CC-00009,EMP-000169,Plant-01,Utilities,CAPEX,500000,USD,2020-01-01,2025-12-31,Active,
CC-00170,CC-ENG-170,Engineering Cost Center 170,Engineering,CC-00010,EMP-000170,Plant-01,Administration,Mixed,2500000,USD,2020-01-01,2025-12-31,Active,
CC-00171,CC-MNT-171,Maintenance Cost Center 171,Maintenance,CC-00001,EMP-000171,Plant-01,Roasting,Mixed,100000,USD,2020-01-01,2025-12-31,Active,
CC-00172,CC-PRD-172,Production Cost Center 172,Production,CC-00002,EMP-000172,Plant-01,Mixing,Mixed,100000,USD,2020-01-01,2025-12-31,Active,
CC-00173,CC-QLT-173,Quality Cost Center 173,Quality,CC-00003,EMP-000173,Plant-01,Refining,CAPEX,100000,USD,2020-01-01,2025-12-31,Active,
CC-00174,CC-WHS-174,Warehouse Cost Center 174,Warehouse,CC-00004,EMP-000174,Plant-01,Conching,CAPEX,250000,USD,2020-01-01,2025-12-31,Active,
CC-00175,CC-SCM-175,Supply Chain Cost Center 175,Supply Chain,CC-00005,EMP-000175,Plant-01,Tempering,CAPEX,500000,USD,2020-01-01,2025-12-31,Active,
CC-00176,CC-UTL-176,Utilities Cost Center 176,Utilities,CC-00006,EMP-000176,Plant-01,Molding,Mixed,1000000,USD,2020-01-01,2025-12-31,Active,
CC-00177,CC-SLS-177,Sales Cost Center 177,Sales,CC-00007,EMP-000177,Plant-01,Cooling,OPEX,100000,USD,2020-01-01,2025-12-31,Active,
CC-00178,CC-HR-178,Human Resources Cost Center 178,Human Resources,CC-00008,EMP-000178,Plant-01,Packaging,CAPEX,250000,USD,2020-01-01,2025-12-31,Active,
CC-00179,CC-FIN-179,Finance Cost Center 179,Finance,CC-00009,EMP-000179,Plant-01,Utilities,Mixed,50000,USD,2020-01-01,2025-12-31,Active,
CC-00180,CC-ENG-180,Engineering Cost Center 180,Engineering,CC-00010,EMP-000180,Plant-01,Administration,Mixed,250000,USD,2020-01-01,2025-12-31,Active,
CC-00181,CC-MNT-181,Maintenance Cost Center 181,Maintenance,CC-00001,EMP-000181,Plant-01,Roasting,OPEX,500000,USD,2020-01-01,2025-12-31,Active,
CC-00182,CC-PRD-182,Production Cost Center 182,Production,CC-00002,EMP-000182,Plant-01,Mixing,Mixed,2500000,USD,2020-01-01,2025-12-31,Active,
CC-00183,CC-QLT-183,Quality Cost Center 183,Quality,CC-00003,EMP-000183,Plant-01,Refining,OPEX,100000,USD,2020-01-01,2025-12-31,Active,
CC-00184,CC-WHS-184,Warehouse Cost Center 184,Warehouse,CC-00004,EMP-000184,Plant-01,Conching,Mixed,1000000,USD,2020-01-01,2025-12-31,Active,
CC-00185,CC-SCM-185,Supply Chain Cost Center 185,Supply Chain,CC-00005,EMP-000185,Plant-01,Tempering,CAPEX,250000,USD,2020-01-01,2025-12-31,Active,
CC-00186,CC-UTL-186,Utilities Cost Center 186,Utilities,CC-00006,EMP-000186,Plant-01,Molding,OPEX,100000,USD,2020-01-01,2025-12-31,Active,
CC-00187,CC-SLS-187,Sales Cost Center 187,Sales,CC-00007,EMP-000187,Plant-01,Cooling,CAPEX,50000,USD,2020-01-01,2025-12-31,Active,
CC-00188,CC-HR-188,Human Resources Cost Center 188,Human Resources,CC-00008,EMP-000188,Plant-01,Packaging,Mixed,250000,USD,2020-01-01,2025-12-31,Active,
CC-00189,CC-FIN-189,Finance Cost Center 189,Finance,CC-00009,EMP-000189,Plant-01,Utilities,CAPEX,1000000,USD,2020-01-01,2025-12-31,Active,
CC-00190,CC-ENG-190,Engineering Cost Center 190,Engineering,CC-00010,EMP-000190,Plant-01,Administration,OPEX,50000,USD,2020-01-01,2025-12-31,Active,
CC-00191,CC-MNT-191,Maintenance Cost Center 191,Maintenance,CC-00001,EMP-000191,Plant-01,Roasting,Mixed,50000,USD,2020-01-01,2025-12-31,Active,
CC-00192,CC-PRD-192,Production Cost Center 192,Production,CC-00002,EMP-000192,Plant-01,Mixing,OPEX,250000,USD,2020-01-01,2025-12-31,Active,
CC-00193,CC-QLT-193,Quality Cost Center 193,Quality,CC-00003,EMP-000193,Plant-01,Refining,OPEX,1000000,USD,2020-01-01,2025-12-31,Active,
CC-00194,CC-WHS-194,Warehouse Cost Center 194,Warehouse,CC-00004,EMP-000194,Plant-01,Conching,CAPEX,2500000,USD,2020-01-01,2025-12-31,Active,
CC-00195,CC-SCM-195,Supply Chain Cost Center 195,Supply Chain,CC-00005,EMP-000195,Plant-01,Tempering,Mixed,100000,USD,2020-01-01,2025-12-31,Active,
CC-00196,CC-UTL-196,Utilities Cost Center 196,Utilities,CC-00006,EMP-000196,Plant-01,Molding,Mixed,100000,USD,2020-01-01,2025-12-31,Active,
CC-00197,CC-SLS-197,Sales Cost Center 197,Sales,CC-00007,EMP-000197,Plant-01,Cooling,OPEX,1000000,USD,2020-01-01,2025-12-31,Active,
CC-00198,CC-HR-198,Human Resources Cost Center 198,Human Resources,CC-00008,EMP-000198,Plant-01,Packaging,Mixed,500000,USD,2020-01-01,2025-12-31,Active,
CC-00199,CC-FIN-199,Finance Cost Center 199,Finance,CC-00009,EMP-000199,Plant-01,Utilities,Mixed,100000,USD,2020-01-01,2025-12-31,Active,
CC-00200,CC-ENG-200,Engineering Cost Center 200,Engineering,CC-00010,EMP-000200,Plant-01,Administration,CAPEX,250000,USD,2020-01-01,2025-12-31,Active,
CC-00201,CC-MNT-201,Maintenance Cost Center 201,Maintenance,CC-00001,EMP-000201,Plant-01,Roasting,OPEX,50000,USD,2020-01-01,2025-12-31,Active,
CC-00202,CC-PRD-202,Production Cost Center 202,Production,CC-00002,EMP-000202,Plant-01,Mixing,Mixed,500000,USD,2020-01-01,2025-12-31,Active,
CC-00203,CC-QLT-203,Quality Cost Center 203,Quality,CC-00003,EMP-000203,Plant-01,Refining,OPEX,100000,USD,2020-01-01,2025-12-31,Active,
CC-00204,CC-WHS-204,Warehouse Cost Center 204,Warehouse,CC-00004,EMP-000204,Plant-01,Conching,OPEX,50000,USD,2020-01-01,2025-12-31,Active,
CC-00205,CC-SCM-205,Supply Chain Cost Center 205,Supply Chain,CC-00005,EMP-000205,Plant-01,Tempering,Mixed,500000,USD,2020-01-01,2025-12-31,Active,
CC-00206,CC-UTL-206,Utilities Cost Center 206,Utilities,CC-00006,EMP-000206,Plant-01,Molding,OPEX,50000,USD,2020-01-01,2025-12-31,Active,
CC-00207,CC-SLS-207,Sales Cost Center 207,Sales,CC-00007,EMP-000207,Plant-01,Cooling,CAPEX,100000,USD,2020-01-01,2025-12-31,Active,
CC-00208,CC-HR-208,Human Resources Cost Center 208,Human Resources,CC-00008,EMP-000208,Plant-01,Packaging,OPEX,2500000,USD,2020-01-01,2025-12-31,Active,
CC-00209,CC-FIN-209,Finance Cost Center 209,Finance,CC-00009,EMP-000209,Plant-01,Utilities,OPEX,2500000,USD,2020-01-01,2025-12-31,Active,
CC-00210,CC-ENG-210,Engineering Cost Center 210,Engineering,CC-00010,EMP-000210,Plant-01,Administration,CAPEX,100000,USD,2020-01-01,2025-12-31,Active,
CC-00211,CC-MNT-211,Maintenance Cost Center 211,Maintenance,CC-00001,EMP-000211,Plant-01,Roasting,OPEX,50000,USD,2020-01-01,2025-12-31,Active,
CC-00212,CC-PRD-212,Production Cost Center 212,Production,CC-00002,EMP-000212,Plant-01,Mixing,OPEX,2500000,USD,2020-01-01,2025-12-31,Active,
CC-00213,CC-QLT-213,Quality Cost Center 213,Quality,CC-00003,EMP-000213,Plant-01,Refining,Mixed,1000000,USD,2020-01-01,2025-12-31,Active,
CC-00214,CC-WHS-214,Warehouse Cost Center 214,Warehouse,CC-00004,EMP-000214,Plant-01,Conching,CAPEX,2500000,USD,2020-01-01,2025-12-31,Active,
CC-00215,CC-SCM-215,Supply Chain Cost Center 215,Supply Chain,CC-00005,EMP-000215,Plant-01,Tempering,Mixed,100000,USD,2020-01-01,2025-12-31,Active,
CC-00216,CC-UTL-216,Utilities Cost Center 216,Utilities,CC-00006,EMP-000216,Plant-01,Molding,Mixed,2500000,USD,2020-01-01,2025-12-31,Active,
CC-00217,CC-SLS-217,Sales Cost Center 217,Sales,CC-00007,EMP-000217,Plant-01,Cooling,CAPEX,250000,USD,2020-01-01,2025-12-31,Active,
CC-00218,CC-HR-218,Human Resources Cost Center 218,Human Resources,CC-00008,EMP-000218,Plant-01,Packaging,OPEX,100000,USD,2020-01-01,2025-12-31,Active,
CC-00219,CC-FIN-219,Finance Cost Center 219,Finance,CC-00009,EMP-000219,Plant-01,Utilities,OPEX,1000000,USD,2020-01-01,2025-12-31,Active,
CC-00220,CC-ENG-220,Engineering Cost Center 220,Engineering,CC-00010,EMP-000220,Plant-01,Administration,OPEX,500000,USD,2020-01-01,2025-12-31,Active,
CC-00221,CC-MNT-221,Maintenance Cost Center 221,Maintenance,CC-00001,EMP-000221,Plant-01,Roasting,CAPEX,500000,USD,2020-01-01,2025-12-31,Active,
CC-00222,CC-PRD-222,Production Cost Center 222,Production,CC-00002,EMP-000222,Plant-01,Mixing,CAPEX,1000000,USD,2020-01-01,2025-12-31,Active,
CC-00223,CC-QLT-223,Quality Cost Center 223,Quality,CC-00003,EMP-000223,Plant-01,Refining,OPEX,1000000,USD,2020-01-01,2025-12-31,Active,
CC-00224,CC-WHS-224,Warehouse Cost Center 224,Warehouse,CC-00004,EMP-000224,Plant-01,Conching,Mixed,100000,USD,2020-01-01,2025-12-31,Active,
CC-00225,CC-SCM-225,Supply Chain Cost Center 225,Supply Chain,CC-00005,EMP-000225,Plant-01,Tempering,OPEX,1000000,USD,2020-01-01,2025-12-31,Active,
CC-00226,CC-UTL-226,Utilities Cost Center 226,Utilities,CC-00006,EMP-000226,Plant-01,Molding,OPEX,50000,USD,2020-01-01,2025-12-31,Active,
CC-00227,CC-SLS-227,Sales Cost Center 227,Sales,CC-00007,EMP-000227,Plant-01,Cooling,OPEX,2500000,USD,2020-01-01,2025-12-31,Active,
CC-00228,CC-HR-228,Human Resources Cost Center 228,Human Resources,CC-00008,EMP-000228,Plant-01,Packaging,Mixed,500000,USD,2020-01-01,2025-12-31,Active,
CC-00229,CC-FIN-229,Finance Cost Center 229,Finance,CC-00009,EMP-000229,Plant-01,Utilities,OPEX,250000,USD,2020-01-01,2025-12-31,Active,
CC-00230,CC-ENG-230,Engineering Cost Center 230,Engineering,CC-00010,EMP-000230,Plant-01,Administration,Mixed,2500000,USD,2020-01-01,2025-12-31,Active,
CC-00231,CC-MNT-231,Maintenance Cost Center 231,Maintenance,CC-00001,EMP-000231,Plant-01,Roasting,Mixed,50000,USD,2020-01-01,2025-12-31,Active,
CC-00232,CC-PRD-232,Production Cost Center 232,Production,CC-00002,EMP-000232,Plant-01,Mixing,CAPEX,50000,USD,2020-01-01,2025-12-31,Active,
CC-00233,CC-QLT-233,Quality Cost Center 233,Quality,CC-00003,EMP-000233,Plant-01,Refining,OPEX,250000,USD,2020-01-01,2025-12-31,Active,
CC-00234,CC-WHS-234,Warehouse Cost Center 234,Warehouse,CC-00004,EMP-000234,Plant-01,Conching,OPEX,50000,USD,2020-01-01,2025-12-31,Active,
CC-00235,CC-SCM-235,Supply Chain Cost Center 235,Supply Chain,CC-00005,EMP-000235,Plant-01,Tempering,Mixed,1000000,USD,2020-01-01,2025-12-31,Active,
CC-00236,CC-UTL-236,Utilities Cost Center 236,Utilities,CC-00006,EMP-000236,Plant-01,Molding,CAPEX,250000,USD,2020-01-01,2025-12-31,Active,
CC-00237,CC-SLS-237,Sales Cost Center 237,Sales,CC-00007,EMP-000237,Plant-01,Cooling,Mixed,100000,USD,2020-01-01,2025-12-31,Active,
CC-00238,CC-HR-238,Human Resources Cost Center 238,Human Resources,CC-00008,EMP-000238,Plant-01,Packaging,Mixed,1000000,USD,2020-01-01,2025-12-31,Active,
CC-00239,CC-FIN-239,Finance Cost Center 239,Finance,CC-00009,EMP-000239,Plant-01,Utilities,Mixed,250000,USD,2020-01-01,2025-12-31,Active,
CC-00240,CC-ENG-240,Engineering Cost Center 240,Engineering,CC-00010,EMP-000240,Plant-01,Administration,CAPEX,250000,USD,2020-01-01,2025-12-31,Active,
CC-00241,CC-MNT-241,Maintenance Cost Center 241,Maintenance,CC-00001,EMP-000241,Plant-01,Roasting,Mixed,500000,USD,2020-01-01,2025-12-31,Active,
CC-00242,CC-PRD-242,Production Cost Center 242,Production,CC-00002,EMP-000242,Plant-01,Mixing,CAPEX,50000,USD,2020-01-01,2025-12-31,Active,
CC-00243,CC-QLT-243,Quality Cost Center 243,Quality,CC-00003,EMP-000243,Plant-01,Refining,CAPEX,500000,USD,2020-01-01,2025-12-31,Active,
CC-00244,CC-WHS-244,Warehouse Cost Center 244,Warehouse,CC-00004,EMP-000244,Plant-01,Conching,CAPEX,2500000,USD,2020-01-01,2025-12-31,Active,
CC-00245,CC-SCM-245,Supply Chain Cost Center 245,Supply Chain,CC-00005,EMP-000245,Plant-01,Tempering,CAPEX,100000,USD,2020-01-01,2025-12-31,Active,
CC-00246,CC-UTL-246,Utilities Cost Center 246,Utilities,CC-00006,EMP-000246,Plant-01,Molding,CAPEX,100000,USD,2020-01-01,2025-12-31,Active,
CC-00247,CC-SLS-247,Sales Cost Center 247,Sales,CC-00007,EMP-000247,Plant-01,Cooling,Mixed,500000,USD,2020-01-01,2025-12-31,Active,
CC-00248,CC-HR-248,Human Resources Cost Center 248,Human Resources,CC-00008,EMP-000248,Plant-01,Packaging,CAPEX,2500000,USD,2020-01-01,2025-12-31,Active,
CC-00249,CC-FIN-249,Finance Cost Center 249,Finance,CC-00009,EMP-000249,Plant-01,Utilities,Mixed,250000,USD,2020-01-01,2025-12-31,Active,
CC-00250,CC-ENG-250,Engineering Cost Center 250,Engineering,CC-00010,EMP-000250,Plant-01,Administration,CAPEX,1000000,USD,2020-01-01,2025-12-31,Active,
CC-00251,CC-MNT-251,Maintenance Cost Center 251,Maintenance,CC-00001,EMP-000251,Plant-01,Roasting,Mixed,50000,USD,2020-01-01,2025-12-31,Active,
CC-00252,CC-PRD-252,Production Cost Center 252,Production,CC-00002,EMP-000252,Plant-01,Mixing,CAPEX,1000000,USD,2020-01-01,2025-12-31,Active,
CC-00253,CC-QLT-253,Quality Cost Center 253,Quality,CC-00003,EMP-000253,Plant-01,Refining,CAPEX,100000,USD,2020-01-01,2025-12-31,Active,
CC-00254,CC-WHS-254,Warehouse Cost Center 254,Warehouse,CC-00004,EMP-000254,Plant-01,Conching,Mixed,100000,USD,2020-01-01,2025-12-31,Active,
CC-00255,CC-SCM-255,Supply Chain Cost Center 255,Supply Chain,CC-00005,EMP-000255,Plant-01,Tempering,Mixed,500000,USD,2020-01-01,2025-12-31,Active,
CC-00256,CC-UTL-256,Utilities Cost Center 256,Utilities,CC-00006,EMP-000256,Plant-01,Molding,Mixed,500000,USD,2020-01-01,2025-12-31,Active,
CC-00257,CC-SLS-257,Sales Cost Center 257,Sales,CC-00007,EMP-000257,Plant-01,Cooling,CAPEX,500000,USD,2020-01-01,2025-12-31,Active,
CC-00258,CC-HR-258,Human Resources Cost Center 258,Human Resources,CC-00008,EMP-000258,Plant-01,Packaging,OPEX,2500000,USD,2020-01-01,2025-12-31,Active,
CC-00259,CC-FIN-259,Finance Cost Center 259,Finance,CC-00009,EMP-000259,Plant-01,Utilities,Mixed,1000000,USD,2020-01-01,2025-12-31,Active,
CC-00260,CC-ENG-260,Engineering Cost Center 260,Engineering,CC-00010,EMP-000260,Plant-01,Administration,OPEX,50000,USD,2020-01-01,2025-12-31,Active,
CC-00261,CC-MNT-261,Maintenance Cost Center 261,Maintenance,CC-00001,EMP-000261,Plant-01,Roasting,Mixed,50000,USD,2020-01-01,2025-12-31,Active,
CC-00262,CC-PRD-262,Production Cost Center 262,Production,CC-00002,EMP-000262,Plant-01,Mixing,CAPEX,50000,USD,2020-01-01,2025-12-31,Active,
CC-00263,CC-QLT-263,Quality Cost Center 263,Quality,CC-00003,EMP-000263,Plant-01,Refining,OPEX,250000,USD,2020-01-01,2025-12-31,Active,
CC-00264,CC-WHS-264,Warehouse Cost Center 264,Warehouse,CC-00004,EMP-000264,Plant-01,Conching,Mixed,100000,USD,2020-01-01,2025-12-31,Active,
CC-00265,CC-SCM-265,Supply Chain Cost Center 265,Supply Chain,CC-00005,EMP-000265,Plant-01,Tempering,Mixed,1000000,USD,2020-01-01,2025-12-31,Active,
CC-00266,CC-UTL-266,Utilities Cost Center 266,Utilities,CC-00006,EMP-000266,Plant-01,Molding,Mixed,250000,USD,2020-01-01,2025-12-31,Active,
CC-00267,CC-SLS-267,Sales Cost Center 267,Sales,CC-00007,EMP-000267,Plant-01,Cooling,Mixed,1000000,USD,2020-01-01,2025-12-31,Active,
CC-00268,CC-HR-268,Human Resources Cost Center 268,Human Resources,CC-00008,EMP-000268,Plant-01,Packaging,OPEX,2500000,USD,2020-01-01,2025-12-31,Active,
CC-00269,CC-FIN-269,Finance Cost Center 269,Finance,CC-00009,EMP-000269,Plant-01,Utilities,OPEX,250000,USD,2020-01-01,2025-12-31,Active,
CC-00270,CC-ENG-270,Engineering Cost Center 270,Engineering,CC-00010,EMP-000270,Plant-01,Administration,OPEX,2500000,USD,2020-01-01,2025-12-31,Active,
CC-00271,CC-MNT-271,Maintenance Cost Center 271,Maintenance,CC-00001,EMP-000271,Plant-01,Roasting,OPEX,500000,USD,2020-01-01,2025-12-31,Active,
CC-00272,CC-PRD-272,Production Cost Center 272,Production,CC-00002,EMP-000272,Plant-01,Mixing,Mixed,1000000,USD,2020-01-01,2025-12-31,Active,
CC-00273,CC-QLT-273,Quality Cost Center 273,Quality,CC-00003,EMP-000273,Plant-01,Refining,CAPEX,100000,USD,2020-01-01,2025-12-31,Active,
CC-00274,CC-WHS-274,Warehouse Cost Center 274,Warehouse,CC-00004,EMP-000274,Plant-01,Conching,CAPEX,250000,USD,2020-01-01,2025-12-31,Active,
CC-00275,CC-SCM-275,Supply Chain Cost Center 275,Supply Chain,CC-00005,EMP-000275,Plant-01,Tempering,OPEX,250000,USD,2020-01-01,2025-12-31,Active,
CC-00276,CC-UTL-276,Utilities Cost Center 276,Utilities,CC-00006,EMP-000276,Plant-01,Molding,CAPEX,250000,USD,2020-01-01,2025-12-31,Active,
CC-00277,CC-SLS-277,Sales Cost Center 277,Sales,CC-00007,EMP-000277,Plant-01,Cooling,CAPEX,1000000,USD,2020-01-01,2025-12-31,Active,
CC-00278,CC-HR-278,Human Resources Cost Center 278,Human Resources,CC-00008,EMP-000278,Plant-01,Packaging,Mixed,50000,USD,2020-01-01,2025-12-31,Active,
CC-00279,CC-FIN-279,Finance Cost Center 279,Finance,CC-00009,EMP-000279,Plant-01,Utilities,OPEX,100000,USD,2020-01-01,2025-12-31,Active,
CC-00280,CC-ENG-280,Engineering Cost Center 280,Engineering,CC-00010,EMP-000280,Plant-01,Administration,CAPEX,250000,USD,2020-01-01,2025-12-31,Active,
CC-00281,CC-MNT-281,Maintenance Cost Center 281,Maintenance,CC-00001,EMP-000281,Plant-01,Roasting,CAPEX,2500000,USD,2020-01-01,2025-12-31,Active,
CC-00282,CC-PRD-282,Production Cost Center 282,Production,CC-00002,EMP-000282,Plant-01,Mixing,CAPEX,100000,USD,2020-01-01,2025-12-31,Active,
CC-00283,CC-QLT-283,Quality Cost Center 283,Quality,CC-00003,EMP-000283,Plant-01,Refining,OPEX,50000,USD,2020-01-01,2025-12-31,Active,
CC-00284,CC-WHS-284,Warehouse Cost Center 284,Warehouse,CC-00004,EMP-000284,Plant-01,Conching,OPEX,500000,USD,2020-01-01,2025-12-31,Active,
CC-00285,CC-SCM-285,Supply Chain Cost Center 285,Supply Chain,CC-00005,EMP-000285,Plant-01,Tempering,Mixed,500000,USD,2020-01-01,2025-12-31,Active,
CC-00286,CC-UTL-286,Utilities Cost Center 286,Utilities,CC-00006,EMP-000286,Plant-01,Molding,CAPEX,500000,USD,2020-01-01,2025-12-31,Active,
CC-00287,CC-SLS-287,Sales Cost Center 287,Sales,CC-00007,EMP-000287,Plant-01,Cooling,OPEX,500000,USD,2020-01-01,2025-12-31,Active,
CC-00288,CC-HR-288,Human Resources Cost Center 288,Human Resources,CC-00008,EMP-000288,Plant-01,Packaging,OPEX,100000,USD,2020-01-01,2025-12-31,Active,
CC-00289,CC-FIN-289,Finance Cost Center 289,Finance,CC-00009,EMP-000289,Plant-01,Utilities,CAPEX,2500000,USD,2020-01-01,2025-12-31,Active,
CC-00290,CC-ENG-290,Engineering Cost Center 290,Engineering,CC-00010,EMP-000290,Plant-01,Administration,CAPEX,100000,USD,2020-01-01,2025-12-31,Active,
CC-00291,CC-MNT-291,Maintenance Cost Center 291,Maintenance,CC-00001,EMP-000291,Plant-01,Roasting,OPEX,2500000,USD,2020-01-01,2025-12-31,Active,
CC-00292,CC-PRD-292,Production Cost Center 292,Production,CC-00002,EMP-000292,Plant-01,Mixing,OPEX,250000,USD,2020-01-01,2025-12-31,Active,
CC-00293,CC-QLT-293,Quality Cost Center 293,Quality,CC-00003,EMP-000293,Plant-01,Refining,OPEX,1000000,USD,2020-01-01,2025-12-31,Active,
CC-00294,CC-WHS-294,Warehouse Cost Center 294,Warehouse,CC-00004,EMP-000294,Plant-01,Conching,Mixed,500000,USD,2020-01-01,2025-12-31,Active,
CC-00295,CC-SCM-295,Supply Chain Cost Center 295,Supply Chain,CC-00005,EMP-000295,Plant-01,Tempering,Mixed,50000,USD,2020-01-01,2025-12-31,Active,
CC-00296,CC-UTL-296,Utilities Cost Center 296,Utilities,CC-00006,EMP-000296,Plant-01,Molding,OPEX,100000,USD,2020-01-01,2025-12-31,Active,
CC-00297,CC-SLS-297,Sales Cost Center 297,Sales,CC-00007,EMP-000297,Plant-01,Cooling,Mixed,100000,USD,2020-01-01,2025-12-31,Active,
CC-00298,CC-HR-298,Human Resources Cost Center 298,Human Resources,CC-00008,EMP-000298,Plant-01,Packaging,CAPEX,100000,USD,2020-01-01,2025-12-31,Active,
CC-00299,CC-FIN-299,Finance Cost Center 299,Finance,CC-00009,EMP-000299,Plant-01,Utilities,OPEX,500000,USD,2020-01-01,2025-12-31,Active,
CC-00300,CC-ENG-300,Engineering Cost Center 300,Engineering,CC-00010,EMP-000300,Plant-01,Administration,Mixed,1000000,USD,2020-01-01,2025-12-31,Active,
CC-00301,CC-MNT-301,Maintenance Cost Center 301,Maintenance,CC-00001,EMP-000301,Plant-01,Roasting,OPEX,1000000,USD,2020-01-01,2025-12-31,Active,
CC-00302,CC-PRD-302,Production Cost Center 302,Production,CC-00002,EMP-000302,Plant-01,Mixing,CAPEX,100000,USD,2020-01-01,2025-12-31,Active,
CC-00303,CC-QLT-303,Quality Cost Center 303,Quality,CC-00003,EMP-000303,Plant-01,Refining,CAPEX,250000,USD,2020-01-01,2025-12-31,Active,
CC-00304,CC-WHS-304,Warehouse Cost Center 304,Warehouse,CC-00004,EMP-000304,Plant-01,Conching,OPEX,1000000,USD,2020-01-01,2025-12-31,Active,
CC-00305,CC-SCM-305,Supply Chain Cost Center 305,Supply Chain,CC-00005,EMP-000305,Plant-01,Tempering,Mixed,2500000,USD,2020-01-01,2025-12-31,Active,
CC-00306,CC-UTL-306,Utilities Cost Center 306,Utilities,CC-00006,EMP-000306,Plant-01,Molding,OPEX,500000,USD,2020-01-01,2025-12-31,Active,
CC-00307,CC-SLS-307,Sales Cost Center 307,Sales,CC-00007,EMP-000307,Plant-01,Cooling,OPEX,1000000,USD,2020-01-01,2025-12-31,Active,
CC-00308,CC-HR-308,Human Resources Cost Center 308,Human Resources,CC-00008,EMP-000308,Plant-01,Packaging,Mixed,50000,USD,2020-01-01,2025-12-31,Active,
CC-00309,CC-FIN-309,Finance Cost Center 309,Finance,CC-00009,EMP-000309,Plant-01,Utilities,CAPEX,100000,USD,2020-01-01,2025-12-31,Active,
CC-00310,CC-ENG-310,Engineering Cost Center 310,Engineering,CC-00010,EMP-000310,Plant-01,Administration,Mixed,2500000,USD,2020-01-01,2025-12-31,Active,
CC-00311,CC-MNT-311,Maintenance Cost Center 311,Maintenance,CC-00001,EMP-000311,Plant-01,Roasting,Mixed,100000,USD,2020-01-01,2025-12-31,Active,
CC-00312,CC-PRD-312,Production Cost Center 312,Production,CC-00002,EMP-000312,Plant-01,Mixing,CAPEX,250000,USD,2020-01-01,2025-12-31,Active,
CC-00313,CC-QLT-313,Quality Cost Center 313,Quality,CC-00003,EMP-000313,Plant-01,Refining,CAPEX,2500000,USD,2020-01-01,2025-12-31,Active,
CC-00314,CC-WHS-314,Warehouse Cost Center 314,Warehouse,CC-00004,EMP-000314,Plant-01,Conching,Mixed,50000,USD,2020-01-01,2025-12-31,Active,
CC-00315,CC-SCM-315,Supply Chain Cost Center 315,Supply Chain,CC-00005,EMP-000315,Plant-01,Tempering,CAPEX,2500000,USD,2020-01-01,2025-12-31,Active,
CC-00316,CC-UTL-316,Utilities Cost Center 316,Utilities,CC-00006,EMP-000316,Plant-01,Molding,OPEX,1000000,USD,2020-01-01,2025-12-31,Active,
CC-00317,CC-SLS-317,Sales Cost Center 317,Sales,CC-00007,EMP-000317,Plant-01,Cooling,OPEX,500000,USD,2020-01-01,2025-12-31,Active,
CC-00318,CC-HR-318,Human Resources Cost Center 318,Human Resources,CC-00008,EMP-000318,Plant-01,Packaging,OPEX,100000,USD,2020-01-01,2025-12-31,Active,
CC-00319,CC-FIN-319,Finance Cost Center 319,Finance,CC-00009,EMP-000319,Plant-01,Utilities,Mixed,100000,USD,2020-01-01,2025-12-31,Active,
CC-00320,CC-ENG-320,Engineering Cost Center 320,Engineering,CC-00010,EMP-000320,Plant-01,Administration,CAPEX,2500000,USD,2020-01-01,2025-12-31,Active,
CC-00321,CC-MNT-321,Maintenance Cost Center 321,Maintenance,CC-00001,EMP-000321,Plant-01,Roasting,OPEX,1000000,USD,2020-01-01,2025-12-31,Active,
CC-00322,CC-PRD-322,Production Cost Center 322,Production,CC-00002,EMP-000322,Plant-01,Mixing,OPEX,50000,USD,2020-01-01,2025-12-31,Active,
CC-00323,CC-QLT-323,Quality Cost Center 323,Quality,CC-00003,EMP-000323,Plant-01,Refining,OPEX,2500000,USD,2020-01-01,2025-12-31,Active,
CC-00324,CC-WHS-324,Warehouse Cost Center 324,Warehouse,CC-00004,EMP-000324,Plant-01,Conching,Mixed,2500000,USD,2020-01-01,2025-12-31,Active,
CC-00325,CC-SCM-325,Supply Chain Cost Center 325,Supply Chain,CC-00005,EMP-000325,Plant-01,Tempering,Mixed,100000,USD,2020-01-01,2025-12-31,Active,
CC-00326,CC-UTL-326,Utilities Cost Center 326,Utilities,CC-00006,EMP-000326,Plant-01,Molding,CAPEX,250000,USD,2020-01-01,2025-12-31,Active,
CC-00327,CC-SLS-327,Sales Cost Center 327,Sales,CC-00007,EMP-000327,Plant-01,Cooling,CAPEX,2500000,USD,2020-01-01,2025-12-31,Active,
CC-00328,CC-HR-328,Human Resources Cost Center 328,Human Resources,CC-00008,EMP-000328,Plant-01,Packaging,OPEX,100000,USD,2020-01-01,2025-12-31,Active,
CC-00329,CC-FIN-329,Finance Cost Center 329,Finance,CC-00009,EMP-000329,Plant-01,Utilities,Mixed,1000000,USD,2020-01-01,2025-12-31,Active,
CC-00330,CC-ENG-330,Engineering Cost Center 330,Engineering,CC-00010,EMP-000330,Plant-01,Administration,CAPEX,2500000,USD,2020-01-01,2025-12-31,Active,
CC-00331,CC-MNT-331,Maintenance Cost Center 331,Maintenance,CC-00001,EMP-000331,Plant-01,Roasting,OPEX,2500000,USD,2020-01-01,2025-12-31,Active,
CC-00332,CC-PRD-332,Production Cost Center 332,Production,CC-00002,EMP-000332,Plant-01,Mixing,OPEX,2500000,USD,2020-01-01,2025-12-31,Active,
CC-00333,CC-QLT-333,Quality Cost Center 333,Quality,CC-00003,EMP-000333,Plant-01,Refining,CAPEX,100000,USD,2020-01-01,2025-12-31,Active,
CC-00334,CC-WHS-334,Warehouse Cost Center 334,Warehouse,CC-00004,EMP-000334,Plant-01,Conching,OPEX,100000,USD,2020-01-01,2025-12-31,Active,
CC-00335,CC-SCM-335,Supply Chain Cost Center 335,Supply Chain,CC-00005,EMP-000335,Plant-01,Tempering,Mixed,100000,USD,2020-01-01,2025-12-31,Active,
CC-00336,CC-UTL-336,Utilities Cost Center 336,Utilities,CC-00006,EMP-000336,Plant-01,Molding,OPEX,1000000,USD,2020-01-01,2025-12-31,Active,
CC-00337,CC-SLS-337,Sales Cost Center 337,Sales,CC-00007,EMP-000337,Plant-01,Cooling,CAPEX,250000,USD,2020-01-01,2025-12-31,Active,
CC-00338,CC-HR-338,Human Resources Cost Center 338,Human Resources,CC-00008,EMP-000338,Plant-01,Packaging,Mixed,2500000,USD,2020-01-01,2025-12-31,Active,
CC-00339,CC-FIN-339,Finance Cost Center 339,Finance,CC-00009,EMP-000339,Plant-01,Utilities,CAPEX,1000000,USD,2020-01-01,2025-12-31,Active,
CC-00340,CC-ENG-340,Engineering Cost Center 340,Engineering,CC-00010,EMP-000340,Plant-01,Administration,Mixed,1000000,USD,2020-01-01,2025-12-31,Active,
CC-00341,CC-MNT-341,Maintenance Cost Center 341,Maintenance,CC-00001,EMP-000341,Plant-01,Roasting,OPEX,100000,USD,2020-01-01,2025-12-31,Active,
CC-00342,CC-PRD-342,Production Cost Center 342,Production,CC-00002,EMP-000342,Plant-01,Mixing,OPEX,250000,USD,2020-01-01,2025-12-31,Active,
CC-00343,CC-QLT-343,Quality Cost Center 343,Quality,CC-00003,EMP-000343,Plant-01,Refining,Mixed,250000,USD,2020-01-01,2025-12-31,Active,
CC-00344,CC-WHS-344,Warehouse Cost Center 344,Warehouse,CC-00004,EMP-000344,Plant-01,Conching,OPEX,2500000,USD,2020-01-01,2025-12-31,Active,
CC-00345,CC-SCM-345,Supply Chain Cost Center 345,Supply Chain,CC-00005,EMP-000345,Plant-01,Tempering,Mixed,2500000,USD,2020-01-01,2025-12-31,Active,
CC-00346,CC-UTL-346,Utilities Cost Center 346,Utilities,CC-00006,EMP-000346,Plant-01,Molding,OPEX,500000,USD,2020-01-01,2025-12-31,Active,
CC-00347,CC-SLS-347,Sales Cost Center 347,Sales,CC-00007,EMP-000347,Plant-01,Cooling,Mixed,100000,USD,2020-01-01,2025-12-31,Active,
CC-00348,CC-HR-348,Human Resources Cost Center 348,Human Resources,CC-00008,EMP-000348,Plant-01,Packaging,Mixed,1000000,USD,2020-01-01,2025-12-31,Active,
CC-00349,CC-FIN-349,Finance Cost Center 349,Finance,CC-00009,EMP-000349,Plant-01,Utilities,OPEX,100000,USD,2020-01-01,2025-12-31,Active,
CC-00350,CC-ENG-350,Engineering Cost Center 350,Engineering,CC-00010,EMP-000350,Plant-01,Administration,OPEX,1000000,USD,2020-01-01,2025-12-31,Active,
CC-00351,CC-MNT-351,Maintenance Cost Center 351,Maintenance,CC-00001,EMP-000351,Plant-01,Roasting,OPEX,50000,USD,2020-01-01,2025-12-31,Active,
CC-00352,CC-PRD-352,Production Cost Center 352,Production,CC-00002,EMP-000352,Plant-01,Mixing,Mixed,50000,USD,2020-01-01,2025-12-31,Active,
CC-00353,CC-QLT-353,Quality Cost Center 353,Quality,CC-00003,EMP-000353,Plant-01,Refining,OPEX,1000000,USD,2020-01-01,2025-12-31,Active,
CC-00354,CC-WHS-354,Warehouse Cost Center 354,Warehouse,CC-00004,EMP-000354,Plant-01,Conching,Mixed,500000,USD,2020-01-01,2025-12-31,Active,
CC-00355,CC-SCM-355,Supply Chain Cost Center 355,Supply Chain,CC-00005,EMP-000355,Plant-01,Tempering,Mixed,250000,USD,2020-01-01,2025-12-31,Active,
CC-00356,CC-UTL-356,Utilities Cost Center 356,Utilities,CC-00006,EMP-000356,Plant-01,Molding,Mixed,1000000,USD,2020-01-01,2025-12-31,Active,
CC-00357,CC-SLS-357,Sales Cost Center 357,Sales,CC-00007,EMP-000357,Plant-01,Cooling,CAPEX,2500000,USD,2020-01-01,2025-12-31,Active,
CC-00358,CC-HR-358,Human Resources Cost Center 358,Human Resources,CC-00008,EMP-000358,Plant-01,Packaging,Mixed,1000000,USD,2020-01-01,2025-12-31,Active,
CC-00359,CC-FIN-359,Finance Cost Center 359,Finance,CC-00009,EMP-000359,Plant-01,Utilities,OPEX,500000,USD,2020-01-01,2025-12-31,Active,
CC-00360,CC-ENG-360,Engineering Cost Center 360,Engineering,CC-00010,EMP-000360,Plant-01,Administration,OPEX,1000000,USD,2020-01-01,2025-12-31,Active,
CC-00361,CC-MNT-361,Maintenance Cost Center 361,Maintenance,CC-00001,EMP-000361,Plant-01,Roasting,Mixed,2500000,USD,2020-01-01,2025-12-31,Active,
CC-00362,CC-PRD-362,Production Cost Center 362,Production,CC-00002,EMP-000362,Plant-01,Mixing,CAPEX,1000000,USD,2020-01-01,2025-12-31,Active,
CC-00363,CC-QLT-363,Quality Cost Center 363,Quality,CC-00003,EMP-000363,Plant-01,Refining,OPEX,100000,USD,2020-01-01,2025-12-31,Active,
CC-00364,CC-WHS-364,Warehouse Cost Center 364,Warehouse,CC-00004,EMP-000364,Plant-01,Conching,CAPEX,2500000,USD,2020-01-01,2025-12-31,Active,
CC-00365,CC-SCM-365,Supply Chain Cost Center 365,Supply Chain,CC-00005,EMP-000365,Plant-01,Tempering,CAPEX,50000,USD,2020-01-01,2025-12-31,Active,
CC-00366,CC-UTL-366,Utilities Cost Center 366,Utilities,CC-00006,EMP-000366,Plant-01,Molding,CAPEX,1000000,USD,2020-01-01,2025-12-31,Active,
CC-00367,CC-SLS-367,Sales Cost Center 367,Sales,CC-00007,EMP-000367,Plant-01,Cooling,CAPEX,2500000,USD,2020-01-01,2025-12-31,Active,
CC-00368,CC-HR-368,Human Resources Cost Center 368,Human Resources,CC-00008,EMP-000368,Plant-01,Packaging,OPEX,1000000,USD,2020-01-01,2025-12-31,Active,
CC-00369,CC-FIN-369,Finance Cost Center 369,Finance,CC-00009,EMP-000369,Plant-01,Utilities,CAPEX,2500000,USD,2020-01-01,2025-12-31,Active,
CC-00370,CC-ENG-370,Engineering Cost Center 370,Engineering,CC-00010,EMP-000370,Plant-01,Administration,Mixed,50000,USD,2020-01-01,2025-12-31,Active,
CC-00371,CC-MNT-371,Maintenance Cost Center 371,Maintenance,CC-00001,EMP-000371,Plant-01,Roasting,CAPEX,500000,USD,2020-01-01,2025-12-31,Active,
CC-00372,CC-PRD-372,Production Cost Center 372,Production,CC-00002,EMP-000372,Plant-01,Mixing,CAPEX,250000,USD,2020-01-01,2025-12-31,Active,
CC-00373,CC-QLT-373,Quality Cost Center 373,Quality,CC-00003,EMP-000373,Plant-01,Refining,CAPEX,2500000,USD,2020-01-01,2025-12-31,Active,
CC-00374,CC-WHS-374,Warehouse Cost Center 374,Warehouse,CC-00004,EMP-000374,Plant-01,Conching,CAPEX,100000,USD,2020-01-01,2025-12-31,Active,
CC-00375,CC-SCM-375,Supply Chain Cost Center 375,Supply Chain,CC-00005,EMP-000375,Plant-01,Tempering,CAPEX,250000,USD,2020-01-01,2025-12-31,Active,
CC-00376,CC-UTL-376,Utilities Cost Center 376,Utilities,CC-00006,EMP-000376,Plant-01,Molding,Mixed,500000,USD,2020-01-01,2025-12-31,Active,
CC-00377,CC-SLS-377,Sales Cost Center 377,Sales,CC-00007,EMP-000377,Plant-01,Cooling,OPEX,1000000,USD,2020-01-01,2025-12-31,Active,
CC-00378,CC-HR-378,Human Resources Cost Center 378,Human Resources,CC-00008,EMP-000378,Plant-01,Packaging,OPEX,500000,USD,2020-01-01,2025-12-31,Active,
CC-00379,CC-FIN-379,Finance Cost Center 379,Finance,CC-00009,EMP-000379,Plant-01,Utilities,CAPEX,2500000,USD,2020-01-01,2025-12-31,Active,
CC-00380,CC-ENG-380,Engineering Cost Center 380,Engineering,CC-00010,EMP-000380,Plant-01,Administration,OPEX,500000,USD,2020-01-01,2025-12-31,Active,
CC-00381,CC-MNT-381,Maintenance Cost Center 381,Maintenance,CC-00001,EMP-000381,Plant-01,Roasting,Mixed,50000,USD,2020-01-01,2025-12-31,Active,
CC-00382,CC-PRD-382,Production Cost Center 382,Production,CC-00002,EMP-000382,Plant-01,Mixing,CAPEX,100000,USD,2020-01-01,2025-12-31,Active,
CC-00383,CC-QLT-383,Quality Cost Center 383,Quality,CC-00003,EMP-000383,Plant-01,Refining,CAPEX,250000,USD,2020-01-01,2025-12-31,Active,
CC-00384,CC-WHS-384,Warehouse Cost Center 384,Warehouse,CC-00004,EMP-000384,Plant-01,Conching,CAPEX,250000,USD,2020-01-01,2025-12-31,Active,
CC-00385,CC-SCM-385,Supply Chain Cost Center 385,Supply Chain,CC-00005,EMP-000385,Plant-01,Tempering,OPEX,1000000,USD,2020-01-01,2025-12-31,Active,
CC-00386,CC-UTL-386,Utilities Cost Center 386,Utilities,CC-00006,EMP-000386,Plant-01,Molding,Mixed,250000,USD,2020-01-01,2025-12-31,Active,
CC-00387,CC-SLS-387,Sales Cost Center 387,Sales,CC-00007,EMP-000387,Plant-01,Cooling,CAPEX,500000,USD,2020-01-01,2025-12-31,Active,
CC-00388,CC-HR-388,Human Resources Cost Center 388,Human Resources,CC-00008,EMP-000388,Plant-01,Packaging,Mixed,50000,USD,2020-01-01,2025-12-31,Active,
CC-00389,CC-FIN-389,Finance Cost Center 389,Finance,CC-00009,EMP-000389,Plant-01,Utilities,OPEX,50000,USD,2020-01-01,2025-12-31,Active,
CC-00390,CC-ENG-390,Engineering Cost Center 390,Engineering,CC-00010,EMP-000390,Plant-01,Administration,OPEX,2500000,USD,2020-01-01,2025-12-31,Active,
CC-00391,CC-MNT-391,Maintenance Cost Center 391,Maintenance,CC-00001,EMP-000391,Plant-01,Roasting,CAPEX,100000,USD,2020-01-01,2025-12-31,Active,
CC-00392,CC-PRD-392,Production Cost Center 392,Production,CC-00002,EMP-000392,Plant-01,Mixing,Mixed,2500000,USD,2020-01-01,2025-12-31,Active,
CC-00393,CC-QLT-393,Quality Cost Center 393,Quality,CC-00003,EMP-000393,Plant-01,Refining,Mixed,1000000,USD,2020-01-01,2025-12-31,Active,
CC-00394,CC-WHS-394,Warehouse Cost Center 394,Warehouse,CC-00004,EMP-000394,Plant-01,Conching,CAPEX,250000,USD,2020-01-01,2025-12-31,Active,
CC-00395,CC-SCM-395,Supply Chain Cost Center 395,Supply Chain,CC-00005,EMP-000395,Plant-01,Tempering,OPEX,250000,USD,2020-01-01,2025-12-31,Active,
CC-00396,CC-UTL-396,Utilities Cost Center 396,Utilities,CC-00006,EMP-000396,Plant-01,Molding,Mixed,1000000,USD,2020-01-01,2025-12-31,Active,
CC-00397,CC-SLS-397,Sales Cost Center 397,Sales,CC-00007,EMP-000397,Plant-01,Cooling,CAPEX,100000,USD,2020-01-01,2025-12-31,Active,
CC-00398,CC-HR-398,Human Resources Cost Center 398,Human Resources,CC-00008,EMP-000398,Plant-01,Packaging,Mixed,500000,USD,2020-01-01,2025-12-31,Active,
CC-00399,CC-FIN-399,Finance Cost Center 399,Finance,CC-00009,EMP-000399,Plant-01,Utilities,Mixed,50000,USD,2020-01-01,2025-12-31,Active,
CC-00400,CC-ENG-400,Engineering Cost Center 400,Engineering,CC-00010,EMP-000400,Plant-01,Administration,CAPEX,100000,USD,2020-01-01,2025-12-31,Active,
CC-00401,CC-MNT-401,Maintenance Cost Center 401,Maintenance,CC-00001,EMP-000401,Plant-01,Roasting,OPEX,2500000,USD,2020-01-01,2025-12-31,Active,
CC-00402,CC-PRD-402,Production Cost Center 402,Production,CC-00002,EMP-000402,Plant-01,Mixing,OPEX,1000000,USD,2020-01-01,2025-12-31,Active,
CC-00403,CC-QLT-403,Quality Cost Center 403,Quality,CC-00003,EMP-000403,Plant-01,Refining,OPEX,1000000,USD,2020-01-01,2025-12-31,Active,
CC-00404,CC-WHS-404,Warehouse Cost Center 404,Warehouse,CC-00004,EMP-000404,Plant-01,Conching,OPEX,100000,USD,2020-01-01,2025-12-31,Active,
CC-00405,CC-SCM-405,Supply Chain Cost Center 405,Supply Chain,CC-00005,EMP-000405,Plant-01,Tempering,Mixed,500000,USD,2020-01-01,2025-12-31,Active,
CC-00406,CC-UTL-406,Utilities Cost Center 406,Utilities,CC-00006,EMP-000406,Plant-01,Molding,CAPEX,50000,USD,2020-01-01,2025-12-31,Active,
CC-00407,CC-SLS-407,Sales Cost Center 407,Sales,CC-00007,EMP-000407,Plant-01,Cooling,Mixed,100000,USD,2020-01-01,2025-12-31,Active,
CC-00408,CC-HR-408,Human Resources Cost Center 408,Human Resources,CC-00008,EMP-000408,Plant-01,Packaging,OPEX,50000,USD,2020-01-01,2025-12-31,Active,
CC-00409,CC-FIN-409,Finance Cost Center 409,Finance,CC-00009,EMP-000409,Plant-01,Utilities,OPEX,50000,USD,2020-01-01,2025-12-31,Active,
CC-00410,CC-ENG-410,Engineering Cost Center 410,Engineering,CC-00010,EMP-000410,Plant-01,Administration,OPEX,250000,USD,2020-01-01,2025-12-31,Active,
CC-00411,CC-MNT-411,Maintenance Cost Center 411,Maintenance,CC-00001,EMP-000411,Plant-01,Roasting,OPEX,100000,USD,2020-01-01,2025-12-31,Active,
CC-00412,CC-PRD-412,Production Cost Center 412,Production,CC-00002,EMP-000412,Plant-01,Mixing,Mixed,100000,USD,2020-01-01,2025-12-31,Active,
CC-00413,CC-QLT-413,Quality Cost Center 413,Quality,CC-00003,EMP-000413,Plant-01,Refining,OPEX,2500000,USD,2020-01-01,2025-12-31,Active,
CC-00414,CC-WHS-414,Warehouse Cost Center 414,Warehouse,CC-00004,EMP-000414,Plant-01,Conching,CAPEX,50000,USD,2020-01-01,2025-12-31,Active,
CC-00415,CC-SCM-415,Supply Chain Cost Center 415,Supply Chain,CC-00005,EMP-000415,Plant-01,Tempering,CAPEX,1000000,USD,2020-01-01,2025-12-31,Active,
CC-00416,CC-UTL-416,Utilities Cost Center 416,Utilities,CC-00006,EMP-000416,Plant-01,Molding,OPEX,250000,USD,2020-01-01,2025-12-31,Active,
CC-00417,CC-SLS-417,Sales Cost Center 417,Sales,CC-00007,EMP-000417,Plant-01,Cooling,OPEX,2500000,USD,2020-01-01,2025-12-31,Active,
CC-00418,CC-HR-418,Human Resources Cost Center 418,Human Resources,CC-00008,EMP-000418,Plant-01,Packaging,CAPEX,250000,USD,2020-01-01,2025-12-31,Active,
CC-00419,CC-FIN-419,Finance Cost Center 419,Finance,CC-00009,EMP-000419,Plant-01,Utilities,OPEX,100000,USD,2020-01-01,2025-12-31,Active,
CC-00420,CC-ENG-420,Engineering Cost Center 420,Engineering,CC-00010,EMP-000420,Plant-01,Administration,Mixed,2500000,USD,2020-01-01,2025-12-31,Active,
CC-00421,CC-MNT-421,Maintenance Cost Center 421,Maintenance,CC-00001,EMP-000421,Plant-01,Roasting,OPEX,500000,USD,2020-01-01,2025-12-31,Active,
CC-00422,CC-PRD-422,Production Cost Center 422,Production,CC-00002,EMP-000422,Plant-01,Mixing,OPEX,250000,USD,2020-01-01,2025-12-31,Active,
CC-00423,CC-QLT-423,Quality Cost Center 423,Quality,CC-00003,EMP-000423,Plant-01,Refining,CAPEX,2500000,USD,2020-01-01,2025-12-31,Active,
CC-00424,CC-WHS-424,Warehouse Cost Center 424,Warehouse,CC-00004,EMP-000424,Plant-01,Conching,CAPEX,2500000,USD,2020-01-01,2025-12-31,Active,
CC-00425,CC-SCM-425,Supply Chain Cost Center 425,Supply Chain,CC-00005,EMP-000425,Plant-01,Tempering,Mixed,250000,USD,2020-01-01,2025-12-31,Active,
CC-00426,CC-UTL-426,Utilities Cost Center 426,Utilities,CC-00006,EMP-000426,Plant-01,Molding,Mixed,50000,USD,2020-01-01,2025-12-31,Active,
CC-00427,CC-SLS-427,Sales Cost Center 427,Sales,CC-00007,EMP-000427,Plant-01,Cooling,Mixed,100000,USD,2020-01-01,2025-12-31,Active,
CC-00428,CC-HR-428,Human Resources Cost Center 428,Human Resources,CC-00008,EMP-000428,Plant-01,Packaging,CAPEX,250000,USD,2020-01-01,2025-12-31,Active,
CC-00429,CC-FIN-429,Finance Cost Center 429,Finance,CC-00009,EMP-000429,Plant-01,Utilities,CAPEX,100000,USD,2020-01-01,2025-12-31,Active,
CC-00430,CC-ENG-430,Engineering Cost Center 430,Engineering,CC-00010,EMP-000430,Plant-01,Administration,Mixed,50000,USD,2020-01-01,2025-12-31,Active,
CC-00431,CC-MNT-431,Maintenance Cost Center 431,Maintenance,CC-00001,EMP-000431,Plant-01,Roasting,OPEX,100000,USD,2020-01-01,2025-12-31,Active,
CC-00432,CC-PRD-432,Production Cost Center 432,Production,CC-00002,EMP-000432,Plant-01,Mixing,OPEX,500000,USD,2020-01-01,2025-12-31,Active,
CC-00433,CC-QLT-433,Quality Cost Center 433,Quality,CC-00003,EMP-000433,Plant-01,Refining,CAPEX,1000000,USD,2020-01-01,2025-12-31,Active,
CC-00434,CC-WHS-434,Warehouse Cost Center 434,Warehouse,CC-00004,EMP-000434,Plant-01,Conching,CAPEX,250000,USD,2020-01-01,2025-12-31,Active,
CC-00435,CC-SCM-435,Supply Chain Cost Center 435,Supply Chain,CC-00005,EMP-000435,Plant-01,Tempering,Mixed,100000,USD,2020-01-01,2025-12-31,Active,
CC-00436,CC-UTL-436,Utilities Cost Center 436,Utilities,CC-00006,EMP-000436,Plant-01,Molding,Mixed,250000,USD,2020-01-01,2025-12-31,Active,
CC-00437,CC-SLS-437,Sales Cost Center 437,Sales,CC-00007,EMP-000437,Plant-01,Cooling,CAPEX,1000000,USD,2020-01-01,2025-12-31,Active,
CC-00438,CC-HR-438,Human Resources Cost Center 438,Human Resources,CC-00008,EMP-000438,Plant-01,Packaging,OPEX,50000,USD,2020-01-01,2025-12-31,Active,
CC-00439,CC-FIN-439,Finance Cost Center 439,Finance,CC-00009,EMP-000439,Plant-01,Utilities,OPEX,2500000,USD,2020-01-01,2025-12-31,Active,
CC-00440,CC-ENG-440,Engineering Cost Center 440,Engineering,CC-00010,EMP-000440,Plant-01,Administration,Mixed,250000,USD,2020-01-01,2025-12-31,Active,
CC-00441,CC-MNT-441,Maintenance Cost Center 441,Maintenance,CC-00001,EMP-000441,Plant-01,Roasting,OPEX,250000,USD,2020-01-01,2025-12-31,Active,
CC-00442,CC-PRD-442,Production Cost Center 442,Production,CC-00002,EMP-000442,Plant-01,Mixing,Mixed,50000,USD,2020-01-01,2025-12-31,Active,
CC-00443,CC-QLT-443,Quality Cost Center 443,Quality,CC-00003,EMP-000443,Plant-01,Refining,OPEX,100000,USD,2020-01-01,2025-12-31,Active,
CC-00444,CC-WHS-444,Warehouse Cost Center 444,Warehouse,CC-00004,EMP-000444,Plant-01,Conching,OPEX,50000,USD,2020-01-01,2025-12-31,Active,
CC-00445,CC-SCM-445,Supply Chain Cost Center 445,Supply Chain,CC-00005,EMP-000445,Plant-01,Tempering,Mixed,250000,USD,2020-01-01,2025-12-31,Active,
CC-00446,CC-UTL-446,Utilities Cost Center 446,Utilities,CC-00006,EMP-000446,Plant-01,Molding,OPEX,50000,USD,2020-01-01,2025-12-31,Active,
CC-00447,CC-SLS-447,Sales Cost Center 447,Sales,CC-00007,EMP-000447,Plant-01,Cooling,OPEX,50000,USD,2020-01-01,2025-12-31,Active,
CC-00448,CC-HR-448,Human Resources Cost Center 448,Human Resources,CC-00008,EMP-000448,Plant-01,Packaging,CAPEX,100000,USD,2020-01-01,2025-12-31,Active,
CC-00449,CC-FIN-449,Finance Cost Center 449,Finance,CC-00009,EMP-000449,Plant-01,Utilities,OPEX,250000,USD,2020-01-01,2025-12-31,Active,
CC-00450,CC-ENG-450,Engineering Cost Center 450,Engineering,CC-00010,EMP-000450,Plant-01,Administration,CAPEX,100000,USD,2020-01-01,2025-12-31,Active,
CC-00451,CC-MNT-451,Maintenance Cost Center 451,Maintenance,CC-00001,EMP-000451,Plant-01,Roasting,Mixed,1000000,USD,2020-01-01,2025-12-31,Active,
CC-00452,CC-PRD-452,Production Cost Center 452,Production,CC-00002,EMP-000452,Plant-01,Mixing,OPEX,100000,USD,2020-01-01,2025-12-31,Active,
CC-00453,CC-QLT-453,Quality Cost Center 453,Quality,CC-00003,EMP-000453,Plant-01,Refining,Mixed,100000,USD,2020-01-01,2025-12-31,Active,
CC-00454,CC-WHS-454,Warehouse Cost Center 454,Warehouse,CC-00004,EMP-000454,Plant-01,Conching,CAPEX,50000,USD,2020-01-01,2025-12-31,Active,
CC-00455,CC-SCM-455,Supply Chain Cost Center 455,Supply Chain,CC-00005,EMP-000455,Plant-01,Tempering,OPEX,500000,USD,2020-01-01,2025-12-31,Active,
CC-00456,CC-UTL-456,Utilities Cost Center 456,Utilities,CC-00006,EMP-000456,Plant-01,Molding,CAPEX,1000000,USD,2020-01-01,2025-12-31,Active,
CC-00457,CC-SLS-457,Sales Cost Center 457,Sales,CC-00007,EMP-000457,Plant-01,Cooling,Mixed,1000000,USD,2020-01-01,2025-12-31,Active,
CC-00458,CC-HR-458,Human Resources Cost Center 458,Human Resources,CC-00008,EMP-000458,Plant-01,Packaging,CAPEX,500000,USD,2020-01-01,2025-12-31,Active,
CC-00459,CC-FIN-459,Finance Cost Center 459,Finance,CC-00009,EMP-000459,Plant-01,Utilities,CAPEX,2500000,USD,2020-01-01,2025-12-31,Active,
CC-00460,CC-ENG-460,Engineering Cost Center 460,Engineering,CC-00010,EMP-000460,Plant-01,Administration,Mixed,50000,USD,2020-01-01,2025-12-31,Active,
CC-00461,CC-MNT-461,Maintenance Cost Center 461,Maintenance,CC-00001,EMP-000461,Plant-01,Roasting,Mixed,50000,USD,2020-01-01,2025-12-31,Active,
CC-00462,CC-PRD-462,Production Cost Center 462,Production,CC-00002,EMP-000462,Plant-01,Mixing,OPEX,1000000,USD,2020-01-01,2025-12-31,Active,
CC-00463,CC-QLT-463,Quality Cost Center 463,Quality,CC-00003,EMP-000463,Plant-01,Refining,Mixed,250000,USD,2020-01-01,2025-12-31,Active,
CC-00464,CC-WHS-464,Warehouse Cost Center 464,Warehouse,CC-00004,EMP-000464,Plant-01,Conching,CAPEX,1000000,USD,2020-01-01,2025-12-31,Active,
CC-00465,CC-SCM-465,Supply Chain Cost Center 465,Supply Chain,CC-00005,EMP-000465,Plant-01,Tempering,OPEX,50000,USD,2020-01-01,2025-12-31,Active,
CC-00466,CC-UTL-466,Utilities Cost Center 466,Utilities,CC-00006,EMP-000466,Plant-01,Molding,OPEX,500000,USD,2020-01-01,2025-12-31,Active,
CC-00467,CC-SLS-467,Sales Cost Center 467,Sales,CC-00007,EMP-000467,Plant-01,Cooling,Mixed,500000,USD,2020-01-01,2025-12-31,Active,
CC-00468,CC-HR-468,Human Resources Cost Center 468,Human Resources,CC-00008,EMP-000468,Plant-01,Packaging,OPEX,1000000,USD,2020-01-01,2025-12-31,Active,
CC-00469,CC-FIN-469,Finance Cost Center 469,Finance,CC-00009,EMP-000469,Plant-01,Utilities,OPEX,50000,USD,2020-01-01,2025-12-31,Active,
CC-00470,CC-ENG-470,Engineering Cost Center 470,Engineering,CC-00010,EMP-000470,Plant-01,Administration,Mixed,2500000,USD,2020-01-01,2025-12-31,Active,
CC-00471,CC-MNT-471,Maintenance Cost Center 471,Maintenance,CC-00001,EMP-000471,Plant-01,Roasting,Mixed,1000000,USD,2020-01-01,2025-12-31,Active,
CC-00472,CC-PRD-472,Production Cost Center 472,Production,CC-00002,EMP-000472,Plant-01,Mixing,OPEX,250000,USD,2020-01-01,2025-12-31,Active,
CC-00473,CC-QLT-473,Quality Cost Center 473,Quality,CC-00003,EMP-000473,Plant-01,Refining,OPEX,100000,USD,2020-01-01,2025-12-31,Active,
CC-00474,CC-WHS-474,Warehouse Cost Center 474,Warehouse,CC-00004,EMP-000474,Plant-01,Conching,CAPEX,500000,USD,2020-01-01,2025-12-31,Active,
CC-00475,CC-SCM-475,Supply Chain Cost Center 475,Supply Chain,CC-00005,EMP-000475,Plant-01,Tempering,Mixed,500000,USD,2020-01-01,2025-12-31,Active,
CC-00476,CC-UTL-476,Utilities Cost Center 476,Utilities,CC-00006,EMP-000476,Plant-01,Molding,Mixed,50000,USD,2020-01-01,2025-12-31,Active,
CC-00477,CC-SLS-477,Sales Cost Center 477,Sales,CC-00007,EMP-000477,Plant-01,Cooling,Mixed,500000,USD,2020-01-01,2025-12-31,Active,
CC-00478,CC-HR-478,Human Resources Cost Center 478,Human Resources,CC-00008,EMP-000478,Plant-01,Packaging,OPEX,2500000,USD,2020-01-01,2025-12-31,Active,
CC-00479,CC-FIN-479,Finance Cost Center 479,Finance,CC-00009,EMP-000479,Plant-01,Utilities,Mixed,100000,USD,2020-01-01,2025-12-31,Active,
CC-00480,CC-ENG-480,Engineering Cost Center 480,Engineering,CC-00010,EMP-000480,Plant-01,Administration,Mixed,2500000,USD,2020-01-01,2025-12-31,Active,
CC-00481,CC-MNT-481,Maintenance Cost Center 481,Maintenance,CC-00001,EMP-000481,Plant-01,Roasting,CAPEX,1000000,USD,2020-01-01,2025-12-31,Active,
CC-00482,CC-PRD-482,Production Cost Center 482,Production,CC-00002,EMP-000482,Plant-01,Mixing,CAPEX,100000,USD,2020-01-01,2025-12-31,Active,
CC-00483,CC-QLT-483,Quality Cost Center 483,Quality,CC-00003,EMP-000483,Plant-01,Refining,CAPEX,500000,USD,2020-01-01,2025-12-31,Active,
CC-00484,CC-WHS-484,Warehouse Cost Center 484,Warehouse,CC-00004,EMP-000484,Plant-01,Conching,CAPEX,100000,USD,2020-01-01,2025-12-31,Active,
CC-00485,CC-SCM-485,Supply Chain Cost Center 485,Supply Chain,CC-00005,EMP-000485,Plant-01,Tempering,OPEX,250000,USD,2020-01-01,2025-12-31,Active,
CC-00486,CC-UTL-486,Utilities Cost Center 486,Utilities,CC-00006,EMP-000486,Plant-01,Molding,Mixed,50000,USD,2020-01-01,2025-12-31,Active,
CC-00487,CC-SLS-487,Sales Cost Center 487,Sales,CC-00007,EMP-000487,Plant-01,Cooling,OPEX,250000,USD,2020-01-01,2025-12-31,Active,
CC-00488,CC-HR-488,Human Resources Cost Center 488,Human Resources,CC-00008,EMP-000488,Plant-01,Packaging,Mixed,1000000,USD,2020-01-01,2025-12-31,Active,
CC-00489,CC-FIN-489,Finance Cost Center 489,Finance,CC-00009,EMP-000489,Plant-01,Utilities,OPEX,2500000,USD,2020-01-01,2025-12-31,Active,
CC-00490,CC-ENG-490,Engineering Cost Center 490,Engineering,CC-00010,EMP-000490,Plant-01,Administration,Mixed,250000,USD,2020-01-01,2025-12-31,Active,
CC-00491,CC-MNT-491,Maintenance Cost Center 491,Maintenance,CC-00001,EMP-000491,Plant-01,Roasting,Mixed,50000,USD,2020-01-01,2025-12-31,Active,
CC-00492,CC-PRD-492,Production Cost Center 492,Production,CC-00002,EMP-000492,Plant-01,Mixing,Mixed,500000,USD,2020-01-01,2025-12-31,Active,
CC-00493,CC-QLT-493,Quality Cost Center 493,Quality,CC-00003,EMP-000493,Plant-01,Refining,Mixed,50000,USD,2020-01-01,2025-12-31,Active,
CC-00494,CC-WHS-494,Warehouse Cost Center 494,Warehouse,CC-00004,EMP-000494,Plant-01,Conching,OPEX,2500000,USD,2020-01-01,2025-12-31,Active,
CC-00495,CC-SCM-495,Supply Chain Cost Center 495,Supply Chain,CC-00005,EMP-000495,Plant-01,Tempering,OPEX,50000,USD,2020-01-01,2025-12-31,Active,
CC-00496,CC-UTL-496,Utilities Cost Center 496,Utilities,CC-00006,EMP-000496,Plant-01,Molding,CAPEX,2500000,USD,2020-01-01,2025-12-31,Active,
CC-00497,CC-SLS-497,Sales Cost Center 497,Sales,CC-00007,EMP-000497,Plant-01,Cooling,Mixed,2500000,USD,2020-01-01,2025-12-31,Active,
CC-00498,CC-HR-498,Human Resources Cost Center 498,Human Resources,CC-00008,EMP-000498,Plant-01,Packaging,CAPEX,500000,USD,2020-01-01,2025-12-31,Active,
CC-00499,CC-FIN-499,Finance Cost Center 499,Finance,CC-00009,EMP-000499,Plant-01,Utilities,Mixed,1000000,USD,2020-01-01,2025-12-31,Active,
CC-00500,CC-ENG-500,Engineering Cost Center 500,Engineering,CC-00010,EMP-000500,Plant-01,Administration,Mixed,500000,USD,2020-01-01,2025-12-31,Active,
CC-00501,CC-MNT-501,Maintenance Cost Center 501,Maintenance,CC-00001,EMP-000501,Plant-01,Roasting,CAPEX,500000,USD,2020-01-01,2025-12-31,Active,
CC-00502,CC-PRD-502,Production Cost Center 502,Production,CC-00002,EMP-000502,Plant-01,Mixing,OPEX,100000,USD,2020-01-01,2025-12-31,Active,
CC-00503,CC-QLT-503,Quality Cost Center 503,Quality,CC-00003,EMP-000503,Plant-01,Refining,CAPEX,1000000,USD,2020-01-01,2025-12-31,Active,
CC-00504,CC-WHS-504,Warehouse Cost Center 504,Warehouse,CC-00004,EMP-000504,Plant-01,Conching,Mixed,500000,USD,2020-01-01,2025-12-31,Active,
CC-00505,CC-SCM-505,Supply Chain Cost Center 505,Supply Chain,CC-00005,EMP-000505,Plant-01,Tempering,OPEX,2500000,USD,2020-01-01,2025-12-31,Active,
CC-00506,CC-UTL-506,Utilities Cost Center 506,Utilities,CC-00006,EMP-000506,Plant-01,Molding,CAPEX,1000000,USD,2020-01-01,2025-12-31,Active,
CC-00507,CC-SLS-507,Sales Cost Center 507,Sales,CC-00007,EMP-000507,Plant-01,Cooling,OPEX,50000,USD,2020-01-01,2025-12-31,Active,
CC-00508,CC-HR-508,Human Resources Cost Center 508,Human Resources,CC-00008,EMP-000508,Plant-01,Packaging,Mixed,2500000,USD,2020-01-01,2025-12-31,Active,
CC-00509,CC-FIN-509,Finance Cost Center 509,Finance,CC-00009,EMP-000509,Plant-01,Utilities,Mixed,2500000,USD,2020-01-01,2025-12-31,Active,
CC-00510,CC-ENG-510,Engineering Cost Center 510,Engineering,CC-00010,EMP-000510,Plant-01,Administration,CAPEX,250000,USD,2020-01-01,2025-12-31,Active,
CC-00511,CC-MNT-511,Maintenance Cost Center 511,Maintenance,CC-00001,EMP-000511,Plant-01,Roasting,OPEX,500000,USD,2020-01-01,2025-12-31,Active,
CC-00512,CC-PRD-512,Production Cost Center 512,Production,CC-00002,EMP-000512,Plant-01,Mixing,Mixed,100000,USD,2020-01-01,2025-12-31,Active,
CC-00513,CC-QLT-513,Quality Cost Center 513,Quality,CC-00003,EMP-000513,Plant-01,Refining,OPEX,500000,USD,2020-01-01,2025-12-31,Active,
CC-00514,CC-WHS-514,Warehouse Cost Center 514,Warehouse,CC-00004,EMP-000514,Plant-01,Conching,Mixed,500000,USD,2020-01-01,2025-12-31,Active,
CC-00515,CC-SCM-515,Supply Chain Cost Center 515,Supply Chain,CC-00005,EMP-000515,Plant-01,Tempering,CAPEX,250000,USD,2020-01-01,2025-12-31,Active,
CC-00516,CC-UTL-516,Utilities Cost Center 516,Utilities,CC-00006,EMP-000516,Plant-01,Molding,OPEX,50000,USD,2020-01-01,2025-12-31,Active,
CC-00517,CC-SLS-517,Sales Cost Center 517,Sales,CC-00007,EMP-000517,Plant-01,Cooling,CAPEX,500000,USD,2020-01-01,2025-12-31,Active,
CC-00518,CC-HR-518,Human Resources Cost Center 518,Human Resources,CC-00008,EMP-000518,Plant-01,Packaging,OPEX,100000,USD,2020-01-01,2025-12-31,Active,
CC-00519,CC-FIN-519,Finance Cost Center 519,Finance,CC-00009,EMP-000519,Plant-01,Utilities,CAPEX,2500000,USD,2020-01-01,2025-12-31,Active,
CC-00520,CC-ENG-520,Engineering Cost Center 520,Engineering,CC-00010,EMP-000520,Plant-01,Administration,CAPEX,500000,USD,2020-01-01,2025-12-31,Active,
CC-00521,CC-MNT-521,Maintenance Cost Center 521,Maintenance,CC-00001,EMP-000521,Plant-01,Roasting,CAPEX,100000,USD,2020-01-01,2025-12-31,Active,
CC-00522,CC-PRD-522,Production Cost Center 522,Production,CC-00002,EMP-000522,Plant-01,Mixing,OPEX,100000,USD,2020-01-01,2025-12-31,Active,
CC-00523,CC-QLT-523,Quality Cost Center 523,Quality,CC-00003,EMP-000523,Plant-01,Refining,CAPEX,100000,USD,2020-01-01,2025-12-31,Active,
CC-00524,CC-WHS-524,Warehouse Cost Center 524,Warehouse,CC-00004,EMP-000524,Plant-01,Conching,OPEX,250000,USD,2020-01-01,2025-12-31,Active,
CC-00525,CC-SCM-525,Supply Chain Cost Center 525,Supply Chain,CC-00005,EMP-000525,Plant-01,Tempering,CAPEX,1000000,USD,2020-01-01,2025-12-31,Active,
CC-00526,CC-UTL-526,Utilities Cost Center 526,Utilities,CC-00006,EMP-000526,Plant-01,Molding,OPEX,500000,USD,2020-01-01,2025-12-31,Active,
CC-00527,CC-SLS-527,Sales Cost Center 527,Sales,CC-00007,EMP-000527,Plant-01,Cooling,Mixed,100000,USD,2020-01-01,2025-12-31,Active,
CC-00528,CC-HR-528,Human Resources Cost Center 528,Human Resources,CC-00008,EMP-000528,Plant-01,Packaging,OPEX,1000000,USD,2020-01-01,2025-12-31,Active,
CC-00529,CC-FIN-529,Finance Cost Center 529,Finance,CC-00009,EMP-000529,Plant-01,Utilities,CAPEX,500000,USD,2020-01-01,2025-12-31,Active,
CC-00530,CC-ENG-530,Engineering Cost Center 530,Engineering,CC-00010,EMP-000530,Plant-01,Administration,CAPEX,50000,USD,2020-01-01,2025-12-31,Active,
CC-00531,CC-MNT-531,Maintenance Cost Center 531,Maintenance,CC-00001,EMP-000531,Plant-01,Roasting,CAPEX,100000,USD,2020-01-01,2025-12-31,Active,
CC-00532,CC-PRD-532,Production Cost Center 532,Production,CC-00002,EMP-000532,Plant-01,Mixing,Mixed,50000,USD,2020-01-01,2025-12-31,Active,
CC-00533,CC-QLT-533,Quality Cost Center 533,Quality,CC-00003,EMP-000533,Plant-01,Refining,Mixed,500000,USD,2020-01-01,2025-12-31,Active,
CC-00534,CC-WHS-534,Warehouse Cost Center 534,Warehouse,CC-00004,EMP-000534,Plant-01,Conching,Mixed,50000,USD,2020-01-01,2025-12-31,Active,
CC-00535,CC-SCM-535,Supply Chain Cost Center 535,Supply Chain,CC-00005,EMP-000535,Plant-01,Tempering,CAPEX,100000,USD,2020-01-01,2025-12-31,Active,
CC-00536,CC-UTL-536,Utilities Cost Center 536,Utilities,CC-00006,EMP-000536,Plant-01,Molding,Mixed,1000000,USD,2020-01-01,2025-12-31,Active,
CC-00537,CC-SLS-537,Sales Cost Center 537,Sales,CC-00007,EMP-000537,Plant-01,Cooling,OPEX,2500000,USD,2020-01-01,2025-12-31,Active,
CC-00538,CC-HR-538,Human Resources Cost Center 538,Human Resources,CC-00008,EMP-000538,Plant-01,Packaging,Mixed,250000,USD,2020-01-01,2025-12-31,Active,
CC-00539,CC-FIN-539,Finance Cost Center 539,Finance,CC-00009,EMP-000539,Plant-01,Utilities,Mixed,2500000,USD,2020-01-01,2025-12-31,Active,
CC-00540,CC-ENG-540,Engineering Cost Center 540,Engineering,CC-00010,EMP-000540,Plant-01,Administration,CAPEX,2500000,USD,2020-01-01,2025-12-31,Active,
CC-00541,CC-MNT-541,Maintenance Cost Center 541,Maintenance,CC-00001,EMP-000541,Plant-01,Roasting,CAPEX,100000,USD,2020-01-01,2025-12-31,Active,
CC-00542,CC-PRD-542,Production Cost Center 542,Production,CC-00002,EMP-000542,Plant-01,Mixing,Mixed,250000,USD,2020-01-01,2025-12-31,Active,
CC-00543,CC-QLT-543,Quality Cost Center 543,Quality,CC-00003,EMP-000543,Plant-01,Refining,Mixed,250000,USD,2020-01-01,2025-12-31,Active,
CC-00544,CC-WHS-544,Warehouse Cost Center 544,Warehouse,CC-00004,EMP-000544,Plant-01,Conching,Mixed,500000,USD,2020-01-01,2025-12-31,Active,
CC-00545,CC-SCM-545,Supply Chain Cost Center 545,Supply Chain,CC-00005,EMP-000545,Plant-01,Tempering,Mixed,100000,USD,2020-01-01,2025-12-31,Active,
CC-00546,CC-UTL-546,Utilities Cost Center 546,Utilities,CC-00006,EMP-000546,Plant-01,Molding,OPEX,500000,USD,2020-01-01,2025-12-31,Active,
CC-00547,CC-SLS-547,Sales Cost Center 547,Sales,CC-00007,EMP-000547,Plant-01,Cooling,Mixed,1000000,USD,2020-01-01,2025-12-31,Active,
CC-00548,CC-HR-548,Human Resources Cost Center 548,Human Resources,CC-00008,EMP-000548,Plant-01,Packaging,Mixed,1000000,USD,2020-01-01,2025-12-31,Active,
CC-00549,CC-FIN-549,Finance Cost Center 549,Finance,CC-00009,EMP-000549,Plant-01,Utilities,Mixed,100000,USD,2020-01-01,2025-12-31,Active,
CC-00550,CC-ENG-550,Engineering Cost Center 550,Engineering,CC-00010,EMP-000550,Plant-01,Administration,OPEX,100000,USD,2020-01-01,2025-12-31,Active,
CC-00551,CC-MNT-551,Maintenance Cost Center 551,Maintenance,CC-00001,EMP-000551,Plant-01,Roasting,OPEX,100000,USD,2020-01-01,2025-12-31,Active,
CC-00552,CC-PRD-552,Production Cost Center 552,Production,CC-00002,EMP-000552,Plant-01,Mixing,CAPEX,50000,USD,2020-01-01,2025-12-31,Active,
CC-00553,CC-QLT-553,Quality Cost Center 553,Quality,CC-00003,EMP-000553,Plant-01,Refining,OPEX,1000000,USD,2020-01-01,2025-12-31,Active,
CC-00554,CC-WHS-554,Warehouse Cost Center 554,Warehouse,CC-00004,EMP-000554,Plant-01,Conching,CAPEX,250000,USD,2020-01-01,2025-12-31,Active,
CC-00555,CC-SCM-555,Supply Chain Cost Center 555,Supply Chain,CC-00005,EMP-000555,Plant-01,Tempering,Mixed,500000,USD,2020-01-01,2025-12-31,Active,
CC-00556,CC-UTL-556,Utilities Cost Center 556,Utilities,CC-00006,EMP-000556,Plant-01,Molding,OPEX,1000000,USD,2020-01-01,2025-12-31,Active,
CC-00557,CC-SLS-557,Sales Cost Center 557,Sales,CC-00007,EMP-000557,Plant-01,Cooling,OPEX,250000,USD,2020-01-01,2025-12-31,Active,
CC-00558,CC-HR-558,Human Resources Cost Center 558,Human Resources,CC-00008,EMP-000558,Plant-01,Packaging,OPEX,50000,USD,2020-01-01,2025-12-31,Active,
CC-00559,CC-FIN-559,Finance Cost Center 559,Finance,CC-00009,EMP-000559,Plant-01,Utilities,OPEX,1000000,USD,2020-01-01,2025-12-31,Active,
CC-00560,CC-ENG-560,Engineering Cost Center 560,Engineering,CC-00010,EMP-000560,Plant-01,Administration,CAPEX,100000,USD,2020-01-01,2025-12-31,Active,
CC-00561,CC-MNT-561,Maintenance Cost Center 561,Maintenance,CC-00001,EMP-000561,Plant-01,Roasting,CAPEX,50000,USD,2020-01-01,2025-12-31,Active,
CC-00562,CC-PRD-562,Production Cost Center 562,Production,CC-00002,EMP-000562,Plant-01,Mixing,Mixed,50000,USD,2020-01-01,2025-12-31,Active,
CC-00563,CC-QLT-563,Quality Cost Center 563,Quality,CC-00003,EMP-000563,Plant-01,Refining,OPEX,50000,USD,2020-01-01,2025-12-31,Active,
CC-00564,CC-WHS-564,Warehouse Cost Center 564,Warehouse,CC-00004,EMP-000564,Plant-01,Conching,OPEX,500000,USD,2020-01-01,2025-12-31,Active,
CC-00565,CC-SCM-565,Supply Chain Cost Center 565,Supply Chain,CC-00005,EMP-000565,Plant-01,Tempering,Mixed,500000,USD,2020-01-01,2025-12-31,Active,
CC-00566,CC-UTL-566,Utilities Cost Center 566,Utilities,CC-00006,EMP-000566,Plant-01,Molding,OPEX,2500000,USD,2020-01-01,2025-12-31,Active,
CC-00567,CC-SLS-567,Sales Cost Center 567,Sales,CC-00007,EMP-000567,Plant-01,Cooling,OPEX,1000000,USD,2020-01-01,2025-12-31,Active,
CC-00568,CC-HR-568,Human Resources Cost Center 568,Human Resources,CC-00008,EMP-000568,Plant-01,Packaging,Mixed,1000000,USD,2020-01-01,2025-12-31,Active,
CC-00569,CC-FIN-569,Finance Cost Center 569,Finance,CC-00009,EMP-000569,Plant-01,Utilities,CAPEX,1000000,USD,2020-01-01,2025-12-31,Active,
CC-00570,CC-ENG-570,Engineering Cost Center 570,Engineering,CC-00010,EMP-000570,Plant-01,Administration,OPEX,500000,USD,2020-01-01,2025-12-31,Active,
CC-00571,CC-MNT-571,Maintenance Cost Center 571,Maintenance,CC-00001,EMP-000571,Plant-01,Roasting,OPEX,500000,USD,2020-01-01,2025-12-31,Active,
CC-00572,CC-PRD-572,Production Cost Center 572,Production,CC-00002,EMP-000572,Plant-01,Mixing,Mixed,100000,USD,2020-01-01,2025-12-31,Active,
CC-00573,CC-QLT-573,Quality Cost Center 573,Quality,CC-00003,EMP-000573,Plant-01,Refining,CAPEX,100000,USD,2020-01-01,2025-12-31,Active,
CC-00574,CC-WHS-574,Warehouse Cost Center 574,Warehouse,CC-00004,EMP-000574,Plant-01,Conching,Mixed,100000,USD,2020-01-01,2025-12-31,Active,
CC-00575,CC-SCM-575,Supply Chain Cost Center 575,Supply Chain,CC-00005,EMP-000575,Plant-01,Tempering,CAPEX,1000000,USD,2020-01-01,2025-12-31,Active,
CC-00576,CC-UTL-576,Utilities Cost Center 576,Utilities,CC-00006,EMP-000576,Plant-01,Molding,Mixed,2500000,USD,2020-01-01,2025-12-31,Active,
CC-00577,CC-SLS-577,Sales Cost Center 577,Sales,CC-00007,EMP-000577,Plant-01,Cooling,Mixed,50000,USD,2020-01-01,2025-12-31,Active,
CC-00578,CC-HR-578,Human Resources Cost Center 578,Human Resources,CC-00008,EMP-000578,Plant-01,Packaging,CAPEX,2500000,USD,2020-01-01,2025-12-31,Active,
CC-00579,CC-FIN-579,Finance Cost Center 579,Finance,CC-00009,EMP-000579,Plant-01,Utilities,Mixed,50000,USD,2020-01-01,2025-12-31,Active,
CC-00580,CC-ENG-580,Engineering Cost Center 580,Engineering,CC-00010,EMP-000580,Plant-01,Administration,OPEX,2500000,USD,2020-01-01,2025-12-31,Active,
CC-00581,CC-MNT-581,Maintenance Cost Center 581,Maintenance,CC-00001,EMP-000581,Plant-01,Roasting,CAPEX,1000000,USD,2020-01-01,2025-12-31,Active,
CC-00582,CC-PRD-582,Production Cost Center 582,Production,CC-00002,EMP-000582,Plant-01,Mixing,CAPEX,250000,USD,2020-01-01,2025-12-31,Active,
CC-00583,CC-QLT-583,Quality Cost Center 583,Quality,CC-00003,EMP-000583,Plant-01,Refining,Mixed,2500000,USD,2020-01-01,2025-12-31,Active,
CC-00584,CC-WHS-584,Warehouse Cost Center 584,Warehouse,CC-00004,EMP-000584,Plant-01,Conching,Mixed,500000,USD,2020-01-01,2025-12-31,Active,
CC-00585,CC-SCM-585,Supply Chain Cost Center 585,Supply Chain,CC-00005,EMP-000585,Plant-01,Tempering,OPEX,100000,USD,2020-01-01,2025-12-31,Active,
CC-00586,CC-UTL-586,Utilities Cost Center 586,Utilities,CC-00006,EMP-000586,Plant-01,Molding,OPEX,500000,USD,2020-01-01,2025-12-31,Active,
CC-00587,CC-SLS-587,Sales Cost Center 587,Sales,CC-00007,EMP-000587,Plant-01,Cooling,Mixed,250000,USD,2020-01-01,2025-12-31,Active,
CC-00588,CC-HR-588,Human Resources Cost Center 588,Human Resources,CC-00008,EMP-000588,Plant-01,Packaging,OPEX,500000,USD,2020-01-01,2025-12-31,Active,
CC-00589,CC-FIN-589,Finance Cost Center 589,Finance,CC-00009,EMP-000589,Plant-01,Utilities,Mixed,2500000,USD,2020-01-01,2025-12-31,Active,
CC-00590,CC-ENG-590,Engineering Cost Center 590,Engineering,CC-00010,EMP-000590,Plant-01,Administration,OPEX,500000,USD,2020-01-01,2025-12-31,Active,
CC-00591,CC-MNT-591,Maintenance Cost Center 591,Maintenance,CC-00001,EMP-000591,Plant-01,Roasting,Mixed,2500000,USD,2020-01-01,2025-12-31,Active,
CC-00592,CC-PRD-592,Production Cost Center 592,Production,CC-00002,EMP-000592,Plant-01,Mixing,CAPEX,2500000,USD,2020-01-01,2025-12-31,Active,
CC-00593,CC-QLT-593,Quality Cost Center 593,Quality,CC-00003,EMP-000593,Plant-01,Refining,CAPEX,250000,USD,2020-01-01,2025-12-31,Active,
CC-00594,CC-WHS-594,Warehouse Cost Center 594,Warehouse,CC-00004,EMP-000594,Plant-01,Conching,OPEX,50000,USD,2020-01-01,2025-12-31,Active,
CC-00595,CC-SCM-595,Supply Chain Cost Center 595,Supply Chain,CC-00005,EMP-000595,Plant-01,Tempering,Mixed,250000,USD,2020-01-01,2025-12-31,Active,
CC-00596,CC-UTL-596,Utilities Cost Center 596,Utilities,CC-00006,EMP-000596,Plant-01,Molding,Mixed,100000,USD,2020-01-01,2025-12-31,Active,
CC-00597,CC-SLS-597,Sales Cost Center 597,Sales,CC-00007,EMP-000597,Plant-01,Cooling,Mixed,250000,USD,2020-01-01,2025-12-31,Active,
CC-00598,CC-HR-598,Human Resources Cost Center 598,Human Resources,CC-00008,EMP-000598,Plant-01,Packaging,CAPEX,250000,USD,2020-01-01,2025-12-31,Active,
CC-00599,CC-FIN-599,Finance Cost Center 599,Finance,CC-00009,EMP-000599,Plant-01,Utilities,CAPEX,500000,USD,2020-01-01,2025-12-31,Active,
CC-00600,CC-ENG-600,Engineering Cost Center 600,Engineering,CC-00010,EMP-000600,Plant-01,Administration,CAPEX,50000,USD,2020-01-01,2025-12-31,Active,
CC-00601,CC-MNT-601,Maintenance Cost Center 601,Maintenance,CC-00001,EMP-000601,Plant-01,Roasting,CAPEX,500000,USD,2020-01-01,2025-12-31,Active,
CC-00602,CC-PRD-602,Production Cost Center 602,Production,CC-00002,EMP-000602,Plant-01,Mixing,Mixed,50000,USD,2020-01-01,2025-12-31,Active,
CC-00603,CC-QLT-603,Quality Cost Center 603,Quality,CC-00003,EMP-000603,Plant-01,Refining,OPEX,500000,USD,2020-01-01,2025-12-31,Active,
CC-00604,CC-WHS-604,Warehouse Cost Center 604,Warehouse,CC-00004,EMP-000604,Plant-01,Conching,CAPEX,100000,USD,2020-01-01,2025-12-31,Active,
CC-00605,CC-SCM-605,Supply Chain Cost Center 605,Supply Chain,CC-00005,EMP-000605,Plant-01,Tempering,Mixed,50000,USD,2020-01-01,2025-12-31,Active,
CC-00606,CC-UTL-606,Utilities Cost Center 606,Utilities,CC-00006,EMP-000606,Plant-01,Molding,CAPEX,100000,USD,2020-01-01,2025-12-31,Active,
CC-00607,CC-SLS-607,Sales Cost Center 607,Sales,CC-00007,EMP-000607,Plant-01,Cooling,CAPEX,2500000,USD,2020-01-01,2025-12-31,Active,
CC-00608,CC-HR-608,Human Resources Cost Center 608,Human Resources,CC-00008,EMP-000608,Plant-01,Packaging,CAPEX,2500000,USD,2020-01-01,2025-12-31,Active,
CC-00609,CC-FIN-609,Finance Cost Center 609,Finance,CC-00009,EMP-000609,Plant-01,Utilities,CAPEX,1000000,USD,2020-01-01,2025-12-31,Active,
CC-00610,CC-ENG-610,Engineering Cost Center 610,Engineering,CC-00010,EMP-000610,Plant-01,Administration,CAPEX,1000000,USD,2020-01-01,2025-12-31,Active,
CC-00611,CC-MNT-611,Maintenance Cost Center 611,Maintenance,CC-00001,EMP-000611,Plant-01,Roasting,CAPEX,50000,USD,2020-01-01,2025-12-31,Active,
CC-00612,CC-PRD-612,Production Cost Center 612,Production,CC-00002,EMP-000612,Plant-01,Mixing,CAPEX,50000,USD,2020-01-01,2025-12-31,Active,
CC-00613,CC-QLT-613,Quality Cost Center 613,Quality,CC-00003,EMP-000613,Plant-01,Refining,OPEX,100000,USD,2020-01-01,2025-12-31,Active,
CC-00614,CC-WHS-614,Warehouse Cost Center 614,Warehouse,CC-00004,EMP-000614,Plant-01,Conching,Mixed,500000,USD,2020-01-01,2025-12-31,Active,
CC-00615,CC-SCM-615,Supply Chain Cost Center 615,Supply Chain,CC-00005,EMP-000615,Plant-01,Tempering,Mixed,2500000,USD,2020-01-01,2025-12-31,Active,
CC-00616,CC-UTL-616,Utilities Cost Center 616,Utilities,CC-00006,EMP-000616,Plant-01,Molding,Mixed,1000000,USD,2020-01-01,2025-12-31,Active,
CC-00617,CC-SLS-617,Sales Cost Center 617,Sales,CC-00007,EMP-000617,Plant-01,Cooling,CAPEX,2500000,USD,2020-01-01,2025-12-31,Active,
CC-00618,CC-HR-618,Human Resources Cost Center 618,Human Resources,CC-00008,EMP-000618,Plant-01,Packaging,Mixed,250000,USD,2020-01-01,2025-12-31,Active,
CC-00619,CC-FIN-619,Finance Cost Center 619,Finance,CC-00009,EMP-000619,Plant-01,Utilities,CAPEX,100000,USD,2020-01-01,2025-12-31,Active,
CC-00620,CC-ENG-620,Engineering Cost Center 620,Engineering,CC-00010,EMP-000620,Plant-01,Administration,Mixed,500000,USD,2020-01-01,2025-12-31,Active,
CC-00621,CC-MNT-621,Maintenance Cost Center 621,Maintenance,CC-00001,EMP-000621,Plant-01,Roasting,Mixed,50000,USD,2020-01-01,2025-12-31,Active,
CC-00622,CC-PRD-622,Production Cost Center 622,Production,CC-00002,EMP-000622,Plant-01,Mixing,Mixed,250000,USD,2020-01-01,2025-12-31,Active,
CC-00623,CC-QLT-623,Quality Cost Center 623,Quality,CC-00003,EMP-000623,Plant-01,Refining,CAPEX,250000,USD,2020-01-01,2025-12-31,Active,
CC-00624,CC-WHS-624,Warehouse Cost Center 624,Warehouse,CC-00004,EMP-000624,Plant-01,Conching,CAPEX,1000000,USD,2020-01-01,2025-12-31,Active,
CC-00625,CC-SCM-625,Supply Chain Cost Center 625,Supply Chain,CC-00005,EMP-000625,Plant-01,Tempering,OPEX,250000,USD,2020-01-01,2025-12-31,Active,
CC-00626,CC-UTL-626,Utilities Cost Center 626,Utilities,CC-00006,EMP-000626,Plant-01,Molding,OPEX,250000,USD,2020-01-01,2025-12-31,Active,
CC-00627,CC-SLS-627,Sales Cost Center 627,Sales,CC-00007,EMP-000627,Plant-01,Cooling,OPEX,1000000,USD,2020-01-01,2025-12-31,Active,
CC-00628,CC-HR-628,Human Resources Cost Center 628,Human Resources,CC-00008,EMP-000628,Plant-01,Packaging,OPEX,50000,USD,2020-01-01,2025-12-31,Active,
CC-00629,CC-FIN-629,Finance Cost Center 629,Finance,CC-00009,EMP-000629,Plant-01,Utilities,CAPEX,50000,USD,2020-01-01,2025-12-31,Active,
CC-00630,CC-ENG-630,Engineering Cost Center 630,Engineering,CC-00010,EMP-000630,Plant-01,Administration,CAPEX,250000,USD,2020-01-01,2025-12-31,Active,
CC-00631,CC-MNT-631,Maintenance Cost Center 631,Maintenance,CC-00001,EMP-000631,Plant-01,Roasting,Mixed,2500000,USD,2020-01-01,2025-12-31,Active,
CC-00632,CC-PRD-632,Production Cost Center 632,Production,CC-00002,EMP-000632,Plant-01,Mixing,CAPEX,2500000,USD,2020-01-01,2025-12-31,Active,
CC-00633,CC-QLT-633,Quality Cost Center 633,Quality,CC-00003,EMP-000633,Plant-01,Refining,OPEX,50000,USD,2020-01-01,2025-12-31,Active,
CC-00634,CC-WHS-634,Warehouse Cost Center 634,Warehouse,CC-00004,EMP-000634,Plant-01,Conching,OPEX,500000,USD,2020-01-01,2025-12-31,Active,
CC-00635,CC-SCM-635,Supply Chain Cost Center 635,Supply Chain,CC-00005,EMP-000635,Plant-01,Tempering,Mixed,500000,USD,2020-01-01,2025-12-31,Active,
CC-00636,CC-UTL-636,Utilities Cost Center 636,Utilities,CC-00006,EMP-000636,Plant-01,Molding,CAPEX,250000,USD,2020-01-01,2025-12-31,Active,
CC-00637,CC-SLS-637,Sales Cost Center 637,Sales,CC-00007,EMP-000637,Plant-01,Cooling,CAPEX,2500000,USD,2020-01-01,2025-12-31,Active,
CC-00638,CC-HR-638,Human Resources Cost Center 638,Human Resources,CC-00008,EMP-000638,Plant-01,Packaging,CAPEX,100000,USD,2020-01-01,2025-12-31,Active,
CC-00639,CC-FIN-639,Finance Cost Center 639,Finance,CC-00009,EMP-000639,Plant-01,Utilities,CAPEX,250000,USD,2020-01-01,2025-12-31,Active,
CC-00640,CC-ENG-640,Engineering Cost Center 640,Engineering,CC-00010,EMP-000640,Plant-01,Administration,OPEX,100000,USD,2020-01-01,2025-12-31,Active,
CC-00641,CC-MNT-641,Maintenance Cost Center 641,Maintenance,CC-00001,EMP-000641,Plant-01,Roasting,OPEX,500000,USD,2020-01-01,2025-12-31,Active,
CC-00642,CC-PRD-642,Production Cost Center 642,Production,CC-00002,EMP-000642,Plant-01,Mixing,OPEX,500000,USD,2020-01-01,2025-12-31,Active,
CC-00643,CC-QLT-643,Quality Cost Center 643,Quality,CC-00003,EMP-000643,Plant-01,Refining,OPEX,50000,USD,2020-01-01,2025-12-31,Active,
CC-00644,CC-WHS-644,Warehouse Cost Center 644,Warehouse,CC-00004,EMP-000644,Plant-01,Conching,Mixed,2500000,USD,2020-01-01,2025-12-31,Active,
CC-00645,CC-SCM-645,Supply Chain Cost Center 645,Supply Chain,CC-00005,EMP-000645,Plant-01,Tempering,Mixed,500000,USD,2020-01-01,2025-12-31,Active,
CC-00646,CC-UTL-646,Utilities Cost Center 646,Utilities,CC-00006,EMP-000646,Plant-01,Molding,CAPEX,500000,USD,2020-01-01,2025-12-31,Active,
CC-00647,CC-SLS-647,Sales Cost Center 647,Sales,CC-00007,EMP-000647,Plant-01,Cooling,OPEX,50000,USD,2020-01-01,2025-12-31,Active,
CC-00648,CC-HR-648,Human Resources Cost Center 648,Human Resources,CC-00008,EMP-000648,Plant-01,Packaging,OPEX,1000000,USD,2020-01-01,2025-12-31,Active,
CC-00649,CC-FIN-649,Finance Cost Center 649,Finance,CC-00009,EMP-000649,Plant-01,Utilities,OPEX,50000,USD,2020-01-01,2025-12-31,Active,
CC-00650,CC-ENG-650,Engineering Cost Center 650,Engineering,CC-00010,EMP-000650,Plant-01,Administration,Mixed,1000000,USD,2020-01-01,2025-12-31,Active,
CC-00651,CC-MNT-651,Maintenance Cost Center 651,Maintenance,CC-00001,EMP-000651,Plant-01,Roasting,Mixed,1000000,USD,2020-01-01,2025-12-31,Active,
CC-00652,CC-PRD-652,Production Cost Center 652,Production,CC-00002,EMP-000652,Plant-01,Mixing,OPEX,50000,USD,2020-01-01,2025-12-31,Active,
CC-00653,CC-QLT-653,Quality Cost Center 653,Quality,CC-00003,EMP-000653,Plant-01,Refining,Mixed,50000,USD,2020-01-01,2025-12-31,Active,
CC-00654,CC-WHS-654,Warehouse Cost Center 654,Warehouse,CC-00004,EMP-000654,Plant-01,Conching,Mixed,100000,USD,2020-01-01,2025-12-31,Active,
CC-00655,CC-SCM-655,Supply Chain Cost Center 655,Supply Chain,CC-00005,EMP-000655,Plant-01,Tempering,CAPEX,100000,USD,2020-01-01,2025-12-31,Active,
CC-00656,CC-UTL-656,Utilities Cost Center 656,Utilities,CC-00006,EMP-000656,Plant-01,Molding,OPEX,1000000,USD,2020-01-01,2025-12-31,Active,
CC-00657,CC-SLS-657,Sales Cost Center 657,Sales,CC-00007,EMP-000657,Plant-01,Cooling,Mixed,2500000,USD,2020-01-01,2025-12-31,Active,
CC-00658,CC-HR-658,Human Resources Cost Center 658,Human Resources,CC-00008,EMP-000658,Plant-01,Packaging,CAPEX,50000,USD,2020-01-01,2025-12-31,Active,
CC-00659,CC-FIN-659,Finance Cost Center 659,Finance,CC-00009,EMP-000659,Plant-01,Utilities,Mixed,2500000,USD,2020-01-01,2025-12-31,Active,
CC-00660,CC-ENG-660,Engineering Cost Center 660,Engineering,CC-00010,EMP-000660,Plant-01,Administration,Mixed,1000000,USD,2020-01-01,2025-12-31,Active,
CC-00661,CC-MNT-661,Maintenance Cost Center 661,Maintenance,CC-00001,EMP-000661,Plant-01,Roasting,Mixed,100000,USD,2020-01-01,2025-12-31,Active,
CC-00662,CC-PRD-662,Production Cost Center 662,Production,CC-00002,EMP-000662,Plant-01,Mixing,CAPEX,1000000,USD,2020-01-01,2025-12-31,Active,
CC-00663,CC-QLT-663,Quality Cost Center 663,Quality,CC-00003,EMP-000663,Plant-01,Refining,Mixed,100000,USD,2020-01-01,2025-12-31,Active,
CC-00664,CC-WHS-664,Warehouse Cost Center 664,Warehouse,CC-00004,EMP-000664,Plant-01,Conching,OPEX,2500000,USD,2020-01-01,2025-12-31,Active,
CC-00665,CC-SCM-665,Supply Chain Cost Center 665,Supply Chain,CC-00005,EMP-000665,Plant-01,Tempering,CAPEX,250000,USD,2020-01-01,2025-12-31,Active,
CC-00666,CC-UTL-666,Utilities Cost Center 666,Utilities,CC-00006,EMP-000666,Plant-01,Molding,OPEX,50000,USD,2020-01-01,2025-12-31,Active,
CC-00667,CC-SLS-667,Sales Cost Center 667,Sales,CC-00007,EMP-000667,Plant-01,Cooling,Mixed,50000,USD,2020-01-01,2025-12-31,Active,
CC-00668,CC-HR-668,Human Resources Cost Center 668,Human Resources,CC-00008,EMP-000668,Plant-01,Packaging,CAPEX,100000,USD,2020-01-01,2025-12-31,Active,
CC-00669,CC-FIN-669,Finance Cost Center 669,Finance,CC-00009,EMP-000669,Plant-01,Utilities,Mixed,500000,USD,2020-01-01,2025-12-31,Active,
CC-00670,CC-ENG-670,Engineering Cost Center 670,Engineering,CC-00010,EMP-000670,Plant-01,Administration,Mixed,100000,USD,2020-01-01,2025-12-31,Active,
CC-00671,CC-MNT-671,Maintenance Cost Center 671,Maintenance,CC-00001,EMP-000671,Plant-01,Roasting,OPEX,250000,USD,2020-01-01,2025-12-31,Active,
CC-00672,CC-PRD-672,Production Cost Center 672,Production,CC-00002,EMP-000672,Plant-01,Mixing,OPEX,50000,USD,2020-01-01,2025-12-31,Active,
CC-00673,CC-QLT-673,Quality Cost Center 673,Quality,CC-00003,EMP-000673,Plant-01,Refining,OPEX,250000,USD,2020-01-01,2025-12-31,Active,
CC-00674,CC-WHS-674,Warehouse Cost Center 674,Warehouse,CC-00004,EMP-000674,Plant-01,Conching,OPEX,500000,USD,2020-01-01,2025-12-31,Active,
CC-00675,CC-SCM-675,Supply Chain Cost Center 675,Supply Chain,CC-00005,EMP-000675,Plant-01,Tempering,Mixed,1000000,USD,2020-01-01,2025-12-31,Active,
CC-00676,CC-UTL-676,Utilities Cost Center 676,Utilities,CC-00006,EMP-000676,Plant-01,Molding,OPEX,250000,USD,2020-01-01,2025-12-31,Active,
CC-00677,CC-SLS-677,Sales Cost Center 677,Sales,CC-00007,EMP-000677,Plant-01,Cooling,OPEX,1000000,USD,2020-01-01,2025-12-31,Active,
CC-00678,CC-HR-678,Human Resources Cost Center 678,Human Resources,CC-00008,EMP-000678,Plant-01,Packaging,CAPEX,100000,USD,2020-01-01,2025-12-31,Active,
CC-00679,CC-FIN-679,Finance Cost Center 679,Finance,CC-00009,EMP-000679,Plant-01,Utilities,Mixed,500000,USD,2020-01-01,2025-12-31,Active,
CC-00680,CC-ENG-680,Engineering Cost Center 680,Engineering,CC-00010,EMP-000680,Plant-01,Administration,CAPEX,50000,USD,2020-01-01,2025-12-31,Active,
CC-00681,CC-MNT-681,Maintenance Cost Center 681,Maintenance,CC-00001,EMP-000681,Plant-01,Roasting,Mixed,1000000,USD,2020-01-01,2025-12-31,Active,
CC-00682,CC-PRD-682,Production Cost Center 682,Production,CC-00002,EMP-000682,Plant-01,Mixing,CAPEX,2500000,USD,2020-01-01,2025-12-31,Active,
CC-00683,CC-QLT-683,Quality Cost Center 683,Quality,CC-00003,EMP-000683,Plant-01,Refining,OPEX,250000,USD,2020-01-01,2025-12-31,Active,
CC-00684,CC-WHS-684,Warehouse Cost Center 684,Warehouse,CC-00004,EMP-000684,Plant-01,Conching,CAPEX,2500000,USD,2020-01-01,2025-12-31,Active,
CC-00685,CC-SCM-685,Supply Chain Cost Center 685,Supply Chain,CC-00005,EMP-000685,Plant-01,Tempering,OPEX,1000000,USD,2020-01-01,2025-12-31,Active,
CC-00686,CC-UTL-686,Utilities Cost Center 686,Utilities,CC-00006,EMP-000686,Plant-01,Molding,Mixed,1000000,USD,2020-01-01,2025-12-31,Active,
CC-00687,CC-SLS-687,Sales Cost Center 687,Sales,CC-00007,EMP-000687,Plant-01,Cooling,OPEX,100000,USD,2020-01-01,2025-12-31,Active,
CC-00688,CC-HR-688,Human Resources Cost Center 688,Human Resources,CC-00008,EMP-000688,Plant-01,Packaging,OPEX,2500000,USD,2020-01-01,2025-12-31,Active,
CC-00689,CC-FIN-689,Finance Cost Center 689,Finance,CC-00009,EMP-000689,Plant-01,Utilities,Mixed,2500000,USD,2020-01-01,2025-12-31,Active,
CC-00690,CC-ENG-690,Engineering Cost Center 690,Engineering,CC-00010,EMP-000690,Plant-01,Administration,OPEX,500000,USD,2020-01-01,2025-12-31,Active,
CC-00691,CC-MNT-691,Maintenance Cost Center 691,Maintenance,CC-00001,EMP-000691,Plant-01,Roasting,CAPEX,500000,USD,2020-01-01,2025-12-31,Active,
CC-00692,CC-PRD-692,Production Cost Center 692,Production,CC-00002,EMP-000692,Plant-01,Mixing,Mixed,100000,USD,2020-01-01,2025-12-31,Active,
CC-00693,CC-QLT-693,Quality Cost Center 693,Quality,CC-00003,EMP-000693,Plant-01,Refining,OPEX,500000,USD,2020-01-01,2025-12-31,Active,
CC-00694,CC-WHS-694,Warehouse Cost Center 694,Warehouse,CC-00004,EMP-000694,Plant-01,Conching,OPEX,50000,USD,2020-01-01,2025-12-31,Active,
CC-00695,CC-SCM-695,Supply Chain Cost Center 695,Supply Chain,CC-00005,EMP-000695,Plant-01,Tempering,OPEX,100000,USD,2020-01-01,2025-12-31,Active,
CC-00696,CC-UTL-696,Utilities Cost Center 696,Utilities,CC-00006,EMP-000696,Plant-01,Molding,OPEX,250000,USD,2020-01-01,2025-12-31,Active,
CC-00697,CC-SLS-697,Sales Cost Center 697,Sales,CC-00007,EMP-000697,Plant-01,Cooling,OPEX,1000000,USD,2020-01-01,2025-12-31,Active,
CC-00698,CC-HR-698,Human Resources Cost Center 698,Human Resources,CC-00008,EMP-000698,Plant-01,Packaging,CAPEX,1000000,USD,2020-01-01,2025-12-31,Active,
CC-00699,CC-FIN-699,Finance Cost Center 699,Finance,CC-00009,EMP-000699,Plant-01,Utilities,Mixed,50000,USD,2020-01-01,2025-12-31,Active,
CC-00700,CC-ENG-700,Engineering Cost Center 700,Engineering,CC-00010,EMP-000700,Plant-01,Administration,CAPEX,50000,USD,2020-01-01,2025-12-31,Active,
CC-00701,CC-MNT-701,Maintenance Cost Center 701,Maintenance,CC-00001,EMP-000701,Plant-01,Roasting,CAPEX,50000,USD,2020-01-01,2025-12-31,Active,
CC-00702,CC-PRD-702,Production Cost Center 702,Production,CC-00002,EMP-000702,Plant-01,Mixing,CAPEX,1000000,USD,2020-01-01,2025-12-31,Active,
CC-00703,CC-QLT-703,Quality Cost Center 703,Quality,CC-00003,EMP-000703,Plant-01,Refining,OPEX,50000,USD,2020-01-01,2025-12-31,Active,
CC-00704,CC-WHS-704,Warehouse Cost Center 704,Warehouse,CC-00004,EMP-000704,Plant-01,Conching,OPEX,2500000,USD,2020-01-01,2025-12-31,Active,
CC-00705,CC-SCM-705,Supply Chain Cost Center 705,Supply Chain,CC-00005,EMP-000705,Plant-01,Tempering,Mixed,50000,USD,2020-01-01,2025-12-31,Active,
CC-00706,CC-UTL-706,Utilities Cost Center 706,Utilities,CC-00006,EMP-000706,Plant-01,Molding,OPEX,1000000,USD,2020-01-01,2025-12-31,Active,
CC-00707,CC-SLS-707,Sales Cost Center 707,Sales,CC-00007,EMP-000707,Plant-01,Cooling,OPEX,50000,USD,2020-01-01,2025-12-31,Active,
CC-00708,CC-HR-708,Human Resources Cost Center 708,Human Resources,CC-00008,EMP-000708,Plant-01,Packaging,CAPEX,1000000,USD,2020-01-01,2025-12-31,Active,
CC-00709,CC-FIN-709,Finance Cost Center 709,Finance,CC-00009,EMP-000709,Plant-01,Utilities,OPEX,1000000,USD,2020-01-01,2025-12-31,Active,
CC-00710,CC-ENG-710,Engineering Cost Center 710,Engineering,CC-00010,EMP-000710,Plant-01,Administration,Mixed,1000000,USD,2020-01-01,2025-12-31,Active,
CC-00711,CC-MNT-711,Maintenance Cost Center 711,Maintenance,CC-00001,EMP-000711,Plant-01,Roasting,CAPEX,1000000,USD,2020-01-01,2025-12-31,Active,
CC-00712,CC-PRD-712,Production Cost Center 712,Production,CC-00002,EMP-000712,Plant-01,Mixing,CAPEX,250000,USD,2020-01-01,2025-12-31,Active,
CC-00713,CC-QLT-713,Quality Cost Center 713,Quality,CC-00003,EMP-000713,Plant-01,Refining,CAPEX,500000,USD,2020-01-01,2025-12-31,Active,
CC-00714,CC-WHS-714,Warehouse Cost Center 714,Warehouse,CC-00004,EMP-000714,Plant-01,Conching,CAPEX,2500000,USD,2020-01-01,2025-12-31,Active,
CC-00715,CC-SCM-715,Supply Chain Cost Center 715,Supply Chain,CC-00005,EMP-000715,Plant-01,Tempering,Mixed,100000,USD,2020-01-01,2025-12-31,Active,
CC-00716,CC-UTL-716,Utilities Cost Center 716,Utilities,CC-00006,EMP-000716,Plant-01,Molding,OPEX,500000,USD,2020-01-01,2025-12-31,Active,
CC-00717,CC-SLS-717,Sales Cost Center 717,Sales,CC-00007,EMP-000717,Plant-01,Cooling,CAPEX,1000000,USD,2020-01-01,2025-12-31,Active,
CC-00718,CC-HR-718,Human Resources Cost Center 718,Human Resources,CC-00008,EMP-000718,Plant-01,Packaging,CAPEX,250000,USD,2020-01-01,2025-12-31,Active,
CC-00719,CC-FIN-719,Finance Cost Center 719,Finance,CC-00009,EMP-000719,Plant-01,Utilities,CAPEX,100000,USD,2020-01-01,2025-12-31,Active,
CC-00720,CC-ENG-720,Engineering Cost Center 720,Engineering,CC-00010,EMP-000720,Plant-01,Administration,Mixed,50000,USD,2020-01-01,2025-12-31,Active,
CC-00721,CC-MNT-721,Maintenance Cost Center 721,Maintenance,CC-00001,EMP-000721,Plant-01,Roasting,Mixed,2500000,USD,2020-01-01,2025-12-31,Active,
CC-00722,CC-PRD-722,Production Cost Center 722,Production,CC-00002,EMP-000722,Plant-01,Mixing,Mixed,250000,USD,2020-01-01,2025-12-31,Active,
CC-00723,CC-QLT-723,Quality Cost Center 723,Quality,CC-00003,EMP-000723,Plant-01,Refining,OPEX,1000000,USD,2020-01-01,2025-12-31,Active,
CC-00724,CC-WHS-724,Warehouse Cost Center 724,Warehouse,CC-00004,EMP-000724,Plant-01,Conching,CAPEX,50000,USD,2020-01-01,2025-12-31,Active,
CC-00725,CC-SCM-725,Supply Chain Cost Center 725,Supply Chain,CC-00005,EMP-000725,Plant-01,Tempering,OPEX,1000000,USD,2020-01-01,2025-12-31,Active,
CC-00726,CC-UTL-726,Utilities Cost Center 726,Utilities,CC-00006,EMP-000726,Plant-01,Molding,Mixed,500000,USD,2020-01-01,2025-12-31,Active,
CC-00727,CC-SLS-727,Sales Cost Center 727,Sales,CC-00007,EMP-000727,Plant-01,Cooling,OPEX,1000000,USD,2020-01-01,2025-12-31,Active,
CC-00728,CC-HR-728,Human Resources Cost Center 728,Human Resources,CC-00008,EMP-000728,Plant-01,Packaging,Mixed,100000,USD,2020-01-01,2025-12-31,Active,
CC-00729,CC-FIN-729,Finance Cost Center 729,Finance,CC-00009,EMP-000729,Plant-01,Utilities,CAPEX,100000,USD,2020-01-01,2025-12-31,Active,
CC-00730,CC-ENG-730,Engineering Cost Center 730,Engineering,CC-00010,EMP-000730,Plant-01,Administration,OPEX,250000,USD,2020-01-01,2025-12-31,Active,
CC-00731,CC-MNT-731,Maintenance Cost Center 731,Maintenance,CC-00001,EMP-000731,Plant-01,Roasting,CAPEX,250000,USD,2020-01-01,2025-12-31,Active,
CC-00732,CC-PRD-732,Production Cost Center 732,Production,CC-00002,EMP-000732,Plant-01,Mixing,Mixed,1000000,USD,2020-01-01,2025-12-31,Active,
CC-00733,CC-QLT-733,Quality Cost Center 733,Quality,CC-00003,EMP-000733,Plant-01,Refining,CAPEX,500000,USD,2020-01-01,2025-12-31,Active,
CC-00734,CC-WHS-734,Warehouse Cost Center 734,Warehouse,CC-00004,EMP-000734,Plant-01,Conching,OPEX,2500000,USD,2020-01-01,2025-12-31,Active,
CC-00735,CC-SCM-735,Supply Chain Cost Center 735,Supply Chain,CC-00005,EMP-000735,Plant-01,Tempering,Mixed,2500000,USD,2020-01-01,2025-12-31,Active,
CC-00736,CC-UTL-736,Utilities Cost Center 736,Utilities,CC-00006,EMP-000736,Plant-01,Molding,CAPEX,2500000,USD,2020-01-01,2025-12-31,Active,
CC-00737,CC-SLS-737,Sales Cost Center 737,Sales,CC-00007,EMP-000737,Plant-01,Cooling,CAPEX,50000,USD,2020-01-01,2025-12-31,Active,
CC-00738,CC-HR-738,Human Resources Cost Center 738,Human Resources,CC-00008,EMP-000738,Plant-01,Packaging,CAPEX,2500000,USD,2020-01-01,2025-12-31,Active,
CC-00739,CC-FIN-739,Finance Cost Center 739,Finance,CC-00009,EMP-000739,Plant-01,Utilities,OPEX,100000,USD,2020-01-01,2025-12-31,Active,
CC-00740,CC-ENG-740,Engineering Cost Center 740,Engineering,CC-00010,EMP-000740,Plant-01,Administration,CAPEX,500000,USD,2020-01-01,2025-12-31,Active,
CC-00741,CC-MNT-741,Maintenance Cost Center 741,Maintenance,CC-00001,EMP-000741,Plant-01,Roasting,CAPEX,1000000,USD,2020-01-01,2025-12-31,Active,
CC-00742,CC-PRD-742,Production Cost Center 742,Production,CC-00002,EMP-000742,Plant-01,Mixing,CAPEX,100000,USD,2020-01-01,2025-12-31,Active,
CC-00743,CC-QLT-743,Quality Cost Center 743,Quality,CC-00003,EMP-000743,Plant-01,Refining,CAPEX,100000,USD,2020-01-01,2025-12-31,Active,
CC-00744,CC-WHS-744,Warehouse Cost Center 744,Warehouse,CC-00004,EMP-000744,Plant-01,Conching,OPEX,1000000,USD,2020-01-01,2025-12-31,Active,
CC-00745,CC-SCM-745,Supply Chain Cost Center 745,Supply Chain,CC-00005,EMP-000745,Plant-01,Tempering,Mixed,1000000,USD,2020-01-01,2025-12-31,Active,
CC-00746,CC-UTL-746,Utilities Cost Center 746,Utilities,CC-00006,EMP-000746,Plant-01,Molding,CAPEX,1000000,USD,2020-01-01,2025-12-31,Active,
CC-00747,CC-SLS-747,Sales Cost Center 747,Sales,CC-00007,EMP-000747,Plant-01,Cooling,CAPEX,50000,USD,2020-01-01,2025-12-31,Active,
CC-00748,CC-HR-748,Human Resources Cost Center 748,Human Resources,CC-00008,EMP-000748,Plant-01,Packaging,CAPEX,500000,USD,2020-01-01,2025-12-31,Active,
CC-00749,CC-FIN-749,Finance Cost Center 749,Finance,CC-00009,EMP-000749,Plant-01,Utilities,OPEX,2500000,USD,2020-01-01,2025-12-31,Active,
CC-00750,CC-ENG-750,Engineering Cost Center 750,Engineering,CC-00010,EMP-000750,Plant-01,Administration,OPEX,1000000,USD,2020-01-01,2025-12-31,Active,
CC-00751,CC-MNT-751,Maintenance Cost Center 751,Maintenance,CC-00001,EMP-000751,Plant-01,Roasting,OPEX,2500000,USD,2020-01-01,2025-12-31,Active,
CC-00752,CC-PRD-752,Production Cost Center 752,Production,CC-00002,EMP-000752,Plant-01,Mixing,OPEX,500000,USD,2020-01-01,2025-12-31,Active,
CC-00753,CC-QLT-753,Quality Cost Center 753,Quality,CC-00003,EMP-000753,Plant-01,Refining,OPEX,1000000,USD,2020-01-01,2025-12-31,Active,
CC-00754,CC-WHS-754,Warehouse Cost Center 754,Warehouse,CC-00004,EMP-000754,Plant-01,Conching,OPEX,100000,USD,2020-01-01,2025-12-31,Active,
CC-00755,CC-SCM-755,Supply Chain Cost Center 755,Supply Chain,CC-00005,EMP-000755,Plant-01,Tempering,CAPEX,250000,USD,2020-01-01,2025-12-31,Active,
CC-00756,CC-UTL-756,Utilities Cost Center 756,Utilities,CC-00006,EMP-000756,Plant-01,Molding,CAPEX,2500000,USD,2020-01-01,2025-12-31,Active,
CC-00757,CC-SLS-757,Sales Cost Center 757,Sales,CC-00007,EMP-000757,Plant-01,Cooling,Mixed,50000,USD,2020-01-01,2025-12-31,Active,
CC-00758,CC-HR-758,Human Resources Cost Center 758,Human Resources,CC-00008,EMP-000758,Plant-01,Packaging,OPEX,100000,USD,2020-01-01,2025-12-31,Active,
CC-00759,CC-FIN-759,Finance Cost Center 759,Finance,CC-00009,EMP-000759,Plant-01,Utilities,Mixed,1000000,USD,2020-01-01,2025-12-31,Active,
CC-00760,CC-ENG-760,Engineering Cost Center 760,Engineering,CC-00010,EMP-000760,Plant-01,Administration,CAPEX,2500000,USD,2020-01-01,2025-12-31,Active,
CC-00761,CC-MNT-761,Maintenance Cost Center 761,Maintenance,CC-00001,EMP-000761,Plant-01,Roasting,CAPEX,2500000,USD,2020-01-01,2025-12-31,Active,
CC-00762,CC-PRD-762,Production Cost Center 762,Production,CC-00002,EMP-000762,Plant-01,Mixing,OPEX,1000000,USD,2020-01-01,2025-12-31,Active,
CC-00763,CC-QLT-763,Quality Cost Center 763,Quality,CC-00003,EMP-000763,Plant-01,Refining,Mixed,50000,USD,2020-01-01,2025-12-31,Active,
CC-00764,CC-WHS-764,Warehouse Cost Center 764,Warehouse,CC-00004,EMP-000764,Plant-01,Conching,CAPEX,100000,USD,2020-01-01,2025-12-31,Active,
CC-00765,CC-SCM-765,Supply Chain Cost Center 765,Supply Chain,CC-00005,EMP-000765,Plant-01,Tempering,OPEX,500000,USD,2020-01-01,2025-12-31,Active,
CC-00766,CC-UTL-766,Utilities Cost Center 766,Utilities,CC-00006,EMP-000766,Plant-01,Molding,Mixed,250000,USD,2020-01-01,2025-12-31,Active,
CC-00767,CC-SLS-767,Sales Cost Center 767,Sales,CC-00007,EMP-000767,Plant-01,Cooling,OPEX,100000,USD,2020-01-01,2025-12-31,Active,
CC-00768,CC-HR-768,Human Resources Cost Center 768,Human Resources,CC-00008,EMP-000768,Plant-01,Packaging,OPEX,2500000,USD,2020-01-01,2025-12-31,Active,
CC-00769,CC-FIN-769,Finance Cost Center 769,Finance,CC-00009,EMP-000769,Plant-01,Utilities,CAPEX,50000,USD,2020-01-01,2025-12-31,Active,
CC-00770,CC-ENG-770,Engineering Cost Center 770,Engineering,CC-00010,EMP-000770,Plant-01,Administration,Mixed,50000,USD,2020-01-01,2025-12-31,Active,
CC-00771,CC-MNT-771,Maintenance Cost Center 771,Maintenance,CC-00001,EMP-000771,Plant-01,Roasting,Mixed,2500000,USD,2020-01-01,2025-12-31,Active,
CC-00772,CC-PRD-772,Production Cost Center 772,Production,CC-00002,EMP-000772,Plant-01,Mixing,OPEX,2500000,USD,2020-01-01,2025-12-31,Active,
CC-00773,CC-QLT-773,Quality Cost Center 773,Quality,CC-00003,EMP-000773,Plant-01,Refining,Mixed,100000,USD,2020-01-01,2025-12-31,Active,
CC-00774,CC-WHS-774,Warehouse Cost Center 774,Warehouse,CC-00004,EMP-000774,Plant-01,Conching,OPEX,500000,USD,2020-01-01,2025-12-31,Active,
CC-00775,CC-SCM-775,Supply Chain Cost Center 775,Supply Chain,CC-00005,EMP-000775,Plant-01,Tempering,OPEX,500000,USD,2020-01-01,2025-12-31,Active,
CC-00776,CC-UTL-776,Utilities Cost Center 776,Utilities,CC-00006,EMP-000776,Plant-01,Molding,CAPEX,500000,USD,2020-01-01,2025-12-31,Active,
CC-00777,CC-SLS-777,Sales Cost Center 777,Sales,CC-00007,EMP-000777,Plant-01,Cooling,Mixed,1000000,USD,2020-01-01,2025-12-31,Active,
CC-00778,CC-HR-778,Human Resources Cost Center 778,Human Resources,CC-00008,EMP-000778,Plant-01,Packaging,CAPEX,2500000,USD,2020-01-01,2025-12-31,Active,
CC-00779,CC-FIN-779,Finance Cost Center 779,Finance,CC-00009,EMP-000779,Plant-01,Utilities,OPEX,100000,USD,2020-01-01,2025-12-31,Active,
CC-00780,CC-ENG-780,Engineering Cost Center 780,Engineering,CC-00010,EMP-000780,Plant-01,Administration,CAPEX,1000000,USD,2020-01-01,2025-12-31,Active,
CC-00781,CC-MNT-781,Maintenance Cost Center 781,Maintenance,CC-00001,EMP-000781,Plant-01,Roasting,CAPEX,500000,USD,2020-01-01,2025-12-31,Active,
CC-00782,CC-PRD-782,Production Cost Center 782,Production,CC-00002,EMP-000782,Plant-01,Mixing,OPEX,50000,USD,2020-01-01,2025-12-31,Active,
CC-00783,CC-QLT-783,Quality Cost Center 783,Quality,CC-00003,EMP-000783,Plant-01,Refining,Mixed,2500000,USD,2020-01-01,2025-12-31,Active,
CC-00784,CC-WHS-784,Warehouse Cost Center 784,Warehouse,CC-00004,EMP-000784,Plant-01,Conching,OPEX,100000,USD,2020-01-01,2025-12-31,Active,
CC-00785,CC-SCM-785,Supply Chain Cost Center 785,Supply Chain,CC-00005,EMP-000785,Plant-01,Tempering,Mixed,500000,USD,2020-01-01,2025-12-31,Active,
CC-00786,CC-UTL-786,Utilities Cost Center 786,Utilities,CC-00006,EMP-000786,Plant-01,Molding,CAPEX,500000,USD,2020-01-01,2025-12-31,Active,
CC-00787,CC-SLS-787,Sales Cost Center 787,Sales,CC-00007,EMP-000787,Plant-01,Cooling,CAPEX,2500000,USD,2020-01-01,2025-12-31,Active,
CC-00788,CC-HR-788,Human Resources Cost Center 788,Human Resources,CC-00008,EMP-000788,Plant-01,Packaging,CAPEX,250000,USD,2020-01-01,2025-12-31,Active,
CC-00789,CC-FIN-789,Finance Cost Center 789,Finance,CC-00009,EMP-000789,Plant-01,Utilities,CAPEX,50000,USD,2020-01-01,2025-12-31,Active,
CC-00790,CC-ENG-790,Engineering Cost Center 790,Engineering,CC-00010,EMP-000790,Plant-01,Administration,Mixed,250000,USD,2020-01-01,2025-12-31,Active,
CC-00791,CC-MNT-791,Maintenance Cost Center 791,Maintenance,CC-00001,EMP-000791,Plant-01,Roasting,CAPEX,250000,USD,2020-01-01,2025-12-31,Active,
CC-00792,CC-PRD-792,Production Cost Center 792,Production,CC-00002,EMP-000792,Plant-01,Mixing,Mixed,500000,USD,2020-01-01,2025-12-31,Active,
CC-00793,CC-QLT-793,Quality Cost Center 793,Quality,CC-00003,EMP-000793,Plant-01,Refining,CAPEX,1000000,USD,2020-01-01,2025-12-31,Active,
CC-00794,CC-WHS-794,Warehouse Cost Center 794,Warehouse,CC-00004,EMP-000794,Plant-01,Conching,CAPEX,100000,USD,2020-01-01,2025-12-31,Active,
CC-00795,CC-SCM-795,Supply Chain Cost Center 795,Supply Chain,CC-00005,EMP-000795,Plant-01,Tempering,CAPEX,1000000,USD,2020-01-01,2025-12-31,Active,
CC-00796,CC-UTL-796,Utilities Cost Center 796,Utilities,CC-00006,EMP-000796,Plant-01,Molding,CAPEX,500000,USD,2020-01-01,2025-12-31,Active,
CC-00797,CC-SLS-797,Sales Cost Center 797,Sales,CC-00007,EMP-000797,Plant-01,Cooling,OPEX,1000000,USD,2020-01-01,2025-12-31,Active,
CC-00798,CC-HR-798,Human Resources Cost Center 798,Human Resources,CC-00008,EMP-000798,Plant-01,Packaging,Mixed,250000,USD,2020-01-01,2025-12-31,Active,
CC-00799,CC-FIN-799,Finance Cost Center 799,Finance,CC-00009,EMP-000799,Plant-01,Utilities,OPEX,100000,USD,2020-01-01,2025-12-31,Active,
CC-00800,CC-ENG-800,Engineering Cost Center 800,Engineering,CC-00010,EMP-000800,Plant-01,Administration,OPEX,250000,USD,2020-01-01,2025-12-31,Active,
CC-00801,CC-MNT-801,Maintenance Cost Center 801,Maintenance,CC-00001,EMP-000801,Plant-01,Roasting,Mixed,2500000,USD,2020-01-01,2025-12-31,Active,
CC-00802,CC-PRD-802,Production Cost Center 802,Production,CC-00002,EMP-000802,Plant-01,Mixing,Mixed,250000,USD,2020-01-01,2025-12-31,Active,
CC-00803,CC-QLT-803,Quality Cost Center 803,Quality,CC-00003,EMP-000803,Plant-01,Refining,Mixed,100000,USD,2020-01-01,2025-12-31,Active,
CC-00804,CC-WHS-804,Warehouse Cost Center 804,Warehouse,CC-00004,EMP-000804,Plant-01,Conching,Mixed,500000,USD,2020-01-01,2025-12-31,Active,
CC-00805,CC-SCM-805,Supply Chain Cost Center 805,Supply Chain,CC-00005,EMP-000805,Plant-01,Tempering,OPEX,500000,USD,2020-01-01,2025-12-31,Active,
CC-00806,CC-UTL-806,Utilities Cost Center 806,Utilities,CC-00006,EMP-000806,Plant-01,Molding,Mixed,100000,USD,2020-01-01,2025-12-31,Active,
CC-00807,CC-SLS-807,Sales Cost Center 807,Sales,CC-00007,EMP-000807,Plant-01,Cooling,OPEX,1000000,USD,2020-01-01,2025-12-31,Active,
CC-00808,CC-HR-808,Human Resources Cost Center 808,Human Resources,CC-00008,EMP-000808,Plant-01,Packaging,OPEX,100000,USD,2020-01-01,2025-12-31,Active,
CC-00809,CC-FIN-809,Finance Cost Center 809,Finance,CC-00009,EMP-000809,Plant-01,Utilities,Mixed,250000,USD,2020-01-01,2025-12-31,Active,
CC-00810,CC-ENG-810,Engineering Cost Center 810,Engineering,CC-00010,EMP-000810,Plant-01,Administration,Mixed,250000,USD,2020-01-01,2025-12-31,Active,
CC-00811,CC-MNT-811,Maintenance Cost Center 811,Maintenance,CC-00001,EMP-000811,Plant-01,Roasting,OPEX,100000,USD,2020-01-01,2025-12-31,Active,
CC-00812,CC-PRD-812,Production Cost Center 812,Production,CC-00002,EMP-000812,Plant-01,Mixing,Mixed,1000000,USD,2020-01-01,2025-12-31,Active,
CC-00813,CC-QLT-813,Quality Cost Center 813,Quality,CC-00003,EMP-000813,Plant-01,Refining,CAPEX,250000,USD,2020-01-01,2025-12-31,Active,
CC-00814,CC-WHS-814,Warehouse Cost Center 814,Warehouse,CC-00004,EMP-000814,Plant-01,Conching,CAPEX,250000,USD,2020-01-01,2025-12-31,Active,
CC-00815,CC-SCM-815,Supply Chain Cost Center 815,Supply Chain,CC-00005,EMP-000815,Plant-01,Tempering,CAPEX,1000000,USD,2020-01-01,2025-12-31,Active,
CC-00816,CC-UTL-816,Utilities Cost Center 816,Utilities,CC-00006,EMP-000816,Plant-01,Molding,Mixed,2500000,USD,2020-01-01,2025-12-31,Active,
CC-00817,CC-SLS-817,Sales Cost Center 817,Sales,CC-00007,EMP-000817,Plant-01,Cooling,Mixed,100000,USD,2020-01-01,2025-12-31,Active,
CC-00818,CC-HR-818,Human Resources Cost Center 818,Human Resources,CC-00008,EMP-000818,Plant-01,Packaging,CAPEX,2500000,USD,2020-01-01,2025-12-31,Active,
CC-00819,CC-FIN-819,Finance Cost Center 819,Finance,CC-00009,EMP-000819,Plant-01,Utilities,Mixed,100000,USD,2020-01-01,2025-12-31,Active,
CC-00820,CC-ENG-820,Engineering Cost Center 820,Engineering,CC-00010,EMP-000820,Plant-01,Administration,Mixed,2500000,USD,2020-01-01,2025-12-31,Active,
CC-00821,CC-MNT-821,Maintenance Cost Center 821,Maintenance,CC-00001,EMP-000821,Plant-01,Roasting,CAPEX,250000,USD,2020-01-01,2025-12-31,Active,
CC-00822,CC-PRD-822,Production Cost Center 822,Production,CC-00002,EMP-000822,Plant-01,Mixing,Mixed,500000,USD,2020-01-01,2025-12-31,Active,
CC-00823,CC-QLT-823,Quality Cost Center 823,Quality,CC-00003,EMP-000823,Plant-01,Refining,CAPEX,2500000,USD,2020-01-01,2025-12-31,Active,
CC-00824,CC-WHS-824,Warehouse Cost Center 824,Warehouse,CC-00004,EMP-000824,Plant-01,Conching,CAPEX,50000,USD,2020-01-01,2025-12-31,Active,
CC-00825,CC-SCM-825,Supply Chain Cost Center 825,Supply Chain,CC-00005,EMP-000825,Plant-01,Tempering,CAPEX,2500000,USD,2020-01-01,2025-12-31,Active,
CC-00826,CC-UTL-826,Utilities Cost Center 826,Utilities,CC-00006,EMP-000826,Plant-01,Molding,CAPEX,50000,USD,2020-01-01,2025-12-31,Active,
CC-00827,CC-SLS-827,Sales Cost Center 827,Sales,CC-00007,EMP-000827,Plant-01,Cooling,Mixed,100000,USD,2020-01-01,2025-12-31,Active,
CC-00828,CC-HR-828,Human Resources Cost Center 828,Human Resources,CC-00008,EMP-000828,Plant-01,Packaging,OPEX,50000,USD,2020-01-01,2025-12-31,Active,
CC-00829,CC-FIN-829,Finance Cost Center 829,Finance,CC-00009,EMP-000829,Plant-01,Utilities,OPEX,2500000,USD,2020-01-01,2025-12-31,Active,
CC-00830,CC-ENG-830,Engineering Cost Center 830,Engineering,CC-00010,EMP-000830,Plant-01,Administration,CAPEX,100000,USD,2020-01-01,2025-12-31,Active,
CC-00831,CC-MNT-831,Maintenance Cost Center 831,Maintenance,CC-00001,EMP-000831,Plant-01,Roasting,OPEX,250000,USD,2020-01-01,2025-12-31,Active,
CC-00832,CC-PRD-832,Production Cost Center 832,Production,CC-00002,EMP-000832,Plant-01,Mixing,Mixed,250000,USD,2020-01-01,2025-12-31,Active,
CC-00833,CC-QLT-833,Quality Cost Center 833,Quality,CC-00003,EMP-000833,Plant-01,Refining,Mixed,100000,USD,2020-01-01,2025-12-31,Active,
CC-00834,CC-WHS-834,Warehouse Cost Center 834,Warehouse,CC-00004,EMP-000834,Plant-01,Conching,OPEX,250000,USD,2020-01-01,2025-12-31,Active,
CC-00835,CC-SCM-835,Supply Chain Cost Center 835,Supply Chain,CC-00005,EMP-000835,Plant-01,Tempering,CAPEX,1000000,USD,2020-01-01,2025-12-31,Active,
CC-00836,CC-UTL-836,Utilities Cost Center 836,Utilities,CC-00006,EMP-000836,Plant-01,Molding,Mixed,1000000,USD,2020-01-01,2025-12-31,Active,
CC-00837,CC-SLS-837,Sales Cost Center 837,Sales,CC-00007,EMP-000837,Plant-01,Cooling,OPEX,250000,USD,2020-01-01,2025-12-31,Active,
CC-00838,CC-HR-838,Human Resources Cost Center 838,Human Resources,CC-00008,EMP-000838,Plant-01,Packaging,OPEX,1000000,USD,2020-01-01,2025-12-31,Active,
CC-00839,CC-FIN-839,Finance Cost Center 839,Finance,CC-00009,EMP-000839,Plant-01,Utilities,OPEX,250000,USD,2020-01-01,2025-12-31,Active,
CC-00840,CC-ENG-840,Engineering Cost Center 840,Engineering,CC-00010,EMP-000840,Plant-01,Administration,CAPEX,2500000,USD,2020-01-01,2025-12-31,Active,
CC-00841,CC-MNT-841,Maintenance Cost Center 841,Maintenance,CC-00001,EMP-000841,Plant-01,Roasting,Mixed,100000,USD,2020-01-01,2025-12-31,Active,
CC-00842,CC-PRD-842,Production Cost Center 842,Production,CC-00002,EMP-000842,Plant-01,Mixing,Mixed,2500000,USD,2020-01-01,2025-12-31,Active,
CC-00843,CC-QLT-843,Quality Cost Center 843,Quality,CC-00003,EMP-000843,Plant-01,Refining,Mixed,100000,USD,2020-01-01,2025-12-31,Active,
CC-00844,CC-WHS-844,Warehouse Cost Center 844,Warehouse,CC-00004,EMP-000844,Plant-01,Conching,Mixed,1000000,USD,2020-01-01,2025-12-31,Active,
CC-00845,CC-SCM-845,Supply Chain Cost Center 845,Supply Chain,CC-00005,EMP-000845,Plant-01,Tempering,OPEX,500000,USD,2020-01-01,2025-12-31,Active,
CC-00846,CC-UTL-846,Utilities Cost Center 846,Utilities,CC-00006,EMP-000846,Plant-01,Molding,OPEX,2500000,USD,2020-01-01,2025-12-31,Active,
CC-00847,CC-SLS-847,Sales Cost Center 847,Sales,CC-00007,EMP-000847,Plant-01,Cooling,CAPEX,50000,USD,2020-01-01,2025-12-31,Active,
CC-00848,CC-HR-848,Human Resources Cost Center 848,Human Resources,CC-00008,EMP-000848,Plant-01,Packaging,OPEX,500000,USD,2020-01-01,2025-12-31,Active,
CC-00849,CC-FIN-849,Finance Cost Center 849,Finance,CC-00009,EMP-000849,Plant-01,Utilities,OPEX,100000,USD,2020-01-01,2025-12-31,Active,
CC-00850,CC-ENG-850,Engineering Cost Center 850,Engineering,CC-00010,EMP-000850,Plant-01,Administration,OPEX,100000,USD,2020-01-01,2025-12-31,Active,
CC-00851,CC-MNT-851,Maintenance Cost Center 851,Maintenance,CC-00001,EMP-000851,Plant-01,Roasting,OPEX,500000,USD,2020-01-01,2025-12-31,Active,
CC-00852,CC-PRD-852,Production Cost Center 852,Production,CC-00002,EMP-000852,Plant-01,Mixing,OPEX,100000,USD,2020-01-01,2025-12-31,Active,
CC-00853,CC-QLT-853,Quality Cost Center 853,Quality,CC-00003,EMP-000853,Plant-01,Refining,Mixed,2500000,USD,2020-01-01,2025-12-31,Active,
CC-00854,CC-WHS-854,Warehouse Cost Center 854,Warehouse,CC-00004,EMP-000854,Plant-01,Conching,CAPEX,1000000,USD,2020-01-01,2025-12-31,Active,
CC-00855,CC-SCM-855,Supply Chain Cost Center 855,Supply Chain,CC-00005,EMP-000855,Plant-01,Tempering,Mixed,1000000,USD,2020-01-01,2025-12-31,Active,
CC-00856,CC-UTL-856,Utilities Cost Center 856,Utilities,CC-00006,EMP-000856,Plant-01,Molding,CAPEX,1000000,USD,2020-01-01,2025-12-31,Active,
CC-00857,CC-SLS-857,Sales Cost Center 857,Sales,CC-00007,EMP-000857,Plant-01,Cooling,OPEX,500000,USD,2020-01-01,2025-12-31,Active,
CC-00858,CC-HR-858,Human Resources Cost Center 858,Human Resources,CC-00008,EMP-000858,Plant-01,Packaging,CAPEX,1000000,USD,2020-01-01,2025-12-31,Active,
CC-00859,CC-FIN-859,Finance Cost Center 859,Finance,CC-00009,EMP-000859,Plant-01,Utilities,CAPEX,2500000,USD,2020-01-01,2025-12-31,Active,
CC-00860,CC-ENG-860,Engineering Cost Center 860,Engineering,CC-00010,EMP-000860,Plant-01,Administration,CAPEX,100000,USD,2020-01-01,2025-12-31,Active,
CC-00861,CC-MNT-861,Maintenance Cost Center 861,Maintenance,CC-00001,EMP-000861,Plant-01,Roasting,Mixed,50000,USD,2020-01-01,2025-12-31,Active,
CC-00862,CC-PRD-862,Production Cost Center 862,Production,CC-00002,EMP-000862,Plant-01,Mixing,CAPEX,100000,USD,2020-01-01,2025-12-31,Active,
CC-00863,CC-QLT-863,Quality Cost Center 863,Quality,CC-00003,EMP-000863,Plant-01,Refining,CAPEX,500000,USD,2020-01-01,2025-12-31,Active,
CC-00864,CC-WHS-864,Warehouse Cost Center 864,Warehouse,CC-00004,EMP-000864,Plant-01,Conching,OPEX,1000000,USD,2020-01-01,2025-12-31,Active,
CC-00865,CC-SCM-865,Supply Chain Cost Center 865,Supply Chain,CC-00005,EMP-000865,Plant-01,Tempering,CAPEX,250000,USD,2020-01-01,2025-12-31,Active,
CC-00866,CC-UTL-866,Utilities Cost Center 866,Utilities,CC-00006,EMP-000866,Plant-01,Molding,CAPEX,1000000,USD,2020-01-01,2025-12-31,Active,
CC-00867,CC-SLS-867,Sales Cost Center 867,Sales,CC-00007,EMP-000867,Plant-01,Cooling,Mixed,50000,USD,2020-01-01,2025-12-31,Active,
CC-00868,CC-HR-868,Human Resources Cost Center 868,Human Resources,CC-00008,EMP-000868,Plant-01,Packaging,OPEX,50000,USD,2020-01-01,2025-12-31,Active,
CC-00869,CC-FIN-869,Finance Cost Center 869,Finance,CC-00009,EMP-000869,Plant-01,Utilities,Mixed,500000,USD,2020-01-01,2025-12-31,Active,
CC-00870,CC-ENG-870,Engineering Cost Center 870,Engineering,CC-00010,EMP-000870,Plant-01,Administration,OPEX,50000,USD,2020-01-01,2025-12-31,Active,
CC-00871,CC-MNT-871,Maintenance Cost Center 871,Maintenance,CC-00001,EMP-000871,Plant-01,Roasting,OPEX,2500000,USD,2020-01-01,2025-12-31,Active,
CC-00872,CC-PRD-872,Production Cost Center 872,Production,CC-00002,EMP-000872,Plant-01,Mixing,CAPEX,100000,USD,2020-01-01,2025-12-31,Active,
CC-00873,CC-QLT-873,Quality Cost Center 873,Quality,CC-00003,EMP-000873,Plant-01,Refining,OPEX,500000,USD,2020-01-01,2025-12-31,Active,
CC-00874,CC-WHS-874,Warehouse Cost Center 874,Warehouse,CC-00004,EMP-000874,Plant-01,Conching,CAPEX,2500000,USD,2020-01-01,2025-12-31,Active,
CC-00875,CC-SCM-875,Supply Chain Cost Center 875,Supply Chain,CC-00005,EMP-000875,Plant-01,Tempering,Mixed,2500000,USD,2020-01-01,2025-12-31,Active,
CC-00876,CC-UTL-876,Utilities Cost Center 876,Utilities,CC-00006,EMP-000876,Plant-01,Molding,CAPEX,100000,USD,2020-01-01,2025-12-31,Active,
CC-00877,CC-SLS-877,Sales Cost Center 877,Sales,CC-00007,EMP-000877,Plant-01,Cooling,CAPEX,500000,USD,2020-01-01,2025-12-31,Active,
CC-00878,CC-HR-878,Human Resources Cost Center 878,Human Resources,CC-00008,EMP-000878,Plant-01,Packaging,OPEX,250000,USD,2020-01-01,2025-12-31,Active,
CC-00879,CC-FIN-879,Finance Cost Center 879,Finance,CC-00009,EMP-000879,Plant-01,Utilities,Mixed,2500000,USD,2020-01-01,2025-12-31,Active,
CC-00880,CC-ENG-880,Engineering Cost Center 880,Engineering,CC-00010,EMP-000880,Plant-01,Administration,Mixed,500000,USD,2020-01-01,2025-12-31,Active,
CC-00881,CC-MNT-881,Maintenance Cost Center 881,Maintenance,CC-00001,EMP-000881,Plant-01,Roasting,OPEX,250000,USD,2020-01-01,2025-12-31,Active,
CC-00882,CC-PRD-882,Production Cost Center 882,Production,CC-00002,EMP-000882,Plant-01,Mixing,OPEX,50000,USD,2020-01-01,2025-12-31,Active,
CC-00883,CC-QLT-883,Quality Cost Center 883,Quality,CC-00003,EMP-000883,Plant-01,Refining,CAPEX,1000000,USD,2020-01-01,2025-12-31,Active,
CC-00884,CC-WHS-884,Warehouse Cost Center 884,Warehouse,CC-00004,EMP-000884,Plant-01,Conching,OPEX,50000,USD,2020-01-01,2025-12-31,Active,
CC-00885,CC-SCM-885,Supply Chain Cost Center 885,Supply Chain,CC-00005,EMP-000885,Plant-01,Tempering,CAPEX,500000,USD,2020-01-01,2025-12-31,Active,
CC-00886,CC-UTL-886,Utilities Cost Center 886,Utilities,CC-00006,EMP-000886,Plant-01,Molding,CAPEX,2500000,USD,2020-01-01,2025-12-31,Active,
CC-00887,CC-SLS-887,Sales Cost Center 887,Sales,CC-00007,EMP-000887,Plant-01,Cooling,Mixed,100000,USD,2020-01-01,2025-12-31,Active,
CC-00888,CC-HR-888,Human Resources Cost Center 888,Human Resources,CC-00008,EMP-000888,Plant-01,Packaging,Mixed,2500000,USD,2020-01-01,2025-12-31,Active,
CC-00889,CC-FIN-889,Finance Cost Center 889,Finance,CC-00009,EMP-000889,Plant-01,Utilities,Mixed,1000000,USD,2020-01-01,2025-12-31,Active,
CC-00890,CC-ENG-890,Engineering Cost Center 890,Engineering,CC-00010,EMP-000890,Plant-01,Administration,Mixed,250000,USD,2020-01-01,2025-12-31,Active,
CC-00891,CC-MNT-891,Maintenance Cost Center 891,Maintenance,CC-00001,EMP-000891,Plant-01,Roasting,Mixed,100000,USD,2020-01-01,2025-12-31,Active,
CC-00892,CC-PRD-892,Production Cost Center 892,Production,CC-00002,EMP-000892,Plant-01,Mixing,OPEX,500000,USD,2020-01-01,2025-12-31,Active,
CC-00893,CC-QLT-893,Quality Cost Center 893,Quality,CC-00003,EMP-000893,Plant-01,Refining,Mixed,100000,USD,2020-01-01,2025-12-31,Active,
CC-00894,CC-WHS-894,Warehouse Cost Center 894,Warehouse,CC-00004,EMP-000894,Plant-01,Conching,CAPEX,250000,USD,2020-01-01,2025-12-31,Active,
CC-00895,CC-SCM-895,Supply Chain Cost Center 895,Supply Chain,CC-00005,EMP-000895,Plant-01,Tempering,CAPEX,1000000,USD,2020-01-01,2025-12-31,Active,
CC-00896,CC-UTL-896,Utilities Cost Center 896,Utilities,CC-00006,EMP-000896,Plant-01,Molding,OPEX,500000,USD,2020-01-01,2025-12-31,Active,
CC-00897,CC-SLS-897,Sales Cost Center 897,Sales,CC-00007,EMP-000897,Plant-01,Cooling,OPEX,2500000,USD,2020-01-01,2025-12-31,Active,
CC-00898,CC-HR-898,Human Resources Cost Center 898,Human Resources,CC-00008,EMP-000898,Plant-01,Packaging,Mixed,250000,USD,2020-01-01,2025-12-31,Active,
CC-00899,CC-FIN-899,Finance Cost Center 899,Finance,CC-00009,EMP-000899,Plant-01,Utilities,CAPEX,50000,USD,2020-01-01,2025-12-31,Active,
CC-00900,CC-ENG-900,Engineering Cost Center 900,Engineering,CC-00010,EMP-000900,Plant-01,Administration,Mixed,2500000,USD,2020-01-01,2025-12-31,Active,
CC-00901,CC-MNT-901,Maintenance Cost Center 901,Maintenance,CC-00001,EMP-000901,Plant-01,Roasting,Mixed,100000,USD,2020-01-01,2025-12-31,Active,
CC-00902,CC-PRD-902,Production Cost Center 902,Production,CC-00002,EMP-000902,Plant-01,Mixing,OPEX,2500000,USD,2020-01-01,2025-12-31,Active,
CC-00903,CC-QLT-903,Quality Cost Center 903,Quality,CC-00003,EMP-000903,Plant-01,Refining,CAPEX,250000,USD,2020-01-01,2025-12-31,Active,
CC-00904,CC-WHS-904,Warehouse Cost Center 904,Warehouse,CC-00004,EMP-000904,Plant-01,Conching,CAPEX,100000,USD,2020-01-01,2025-12-31,Active,
CC-00905,CC-SCM-905,Supply Chain Cost Center 905,Supply Chain,CC-00005,EMP-000905,Plant-01,Tempering,Mixed,500000,USD,2020-01-01,2025-12-31,Active,
CC-00906,CC-UTL-906,Utilities Cost Center 906,Utilities,CC-00006,EMP-000906,Plant-01,Molding,CAPEX,50000,USD,2020-01-01,2025-12-31,Active,
CC-00907,CC-SLS-907,Sales Cost Center 907,Sales,CC-00007,EMP-000907,Plant-01,Cooling,CAPEX,1000000,USD,2020-01-01,2025-12-31,Active,
CC-00908,CC-HR-908,Human Resources Cost Center 908,Human Resources,CC-00008,EMP-000908,Plant-01,Packaging,OPEX,50000,USD,2020-01-01,2025-12-31,Active,
CC-00909,CC-FIN-909,Finance Cost Center 909,Finance,CC-00009,EMP-000909,Plant-01,Utilities,Mixed,50000,USD,2020-01-01,2025-12-31,Active,
CC-00910,CC-ENG-910,Engineering Cost Center 910,Engineering,CC-00010,EMP-000910,Plant-01,Administration,CAPEX,500000,USD,2020-01-01,2025-12-31,Active,
CC-00911,CC-MNT-911,Maintenance Cost Center 911,Maintenance,CC-00001,EMP-000911,Plant-01,Roasting,OPEX,50000,USD,2020-01-01,2025-12-31,Active,
CC-00912,CC-PRD-912,Production Cost Center 912,Production,CC-00002,EMP-000912,Plant-01,Mixing,OPEX,2500000,USD,2020-01-01,2025-12-31,Active,
CC-00913,CC-QLT-913,Quality Cost Center 913,Quality,CC-00003,EMP-000913,Plant-01,Refining,OPEX,2500000,USD,2020-01-01,2025-12-31,Active,
CC-00914,CC-WHS-914,Warehouse Cost Center 914,Warehouse,CC-00004,EMP-000914,Plant-01,Conching,OPEX,100000,USD,2020-01-01,2025-12-31,Active,
CC-00915,CC-SCM-915,Supply Chain Cost Center 915,Supply Chain,CC-00005,EMP-000915,Plant-01,Tempering,Mixed,100000,USD,2020-01-01,2025-12-31,Active,
CC-00916,CC-UTL-916,Utilities Cost Center 916,Utilities,CC-00006,EMP-000916,Plant-01,Molding,Mixed,500000,USD,2020-01-01,2025-12-31,Active,
CC-00917,CC-SLS-917,Sales Cost Center 917,Sales,CC-00007,EMP-000917,Plant-01,Cooling,Mixed,50000,USD,2020-01-01,2025-12-31,Active,
CC-00918,CC-HR-918,Human Resources Cost Center 918,Human Resources,CC-00008,EMP-000918,Plant-01,Packaging,CAPEX,500000,USD,2020-01-01,2025-12-31,Active,
CC-00919,CC-FIN-919,Finance Cost Center 919,Finance,CC-00009,EMP-000919,Plant-01,Utilities,OPEX,500000,USD,2020-01-01,2025-12-31,Active,
CC-00920,CC-ENG-920,Engineering Cost Center 920,Engineering,CC-00010,EMP-000920,Plant-01,Administration,OPEX,250000,USD,2020-01-01,2025-12-31,Active,
CC-00921,CC-MNT-921,Maintenance Cost Center 921,Maintenance,CC-00001,EMP-000921,Plant-01,Roasting,OPEX,50000,USD,2020-01-01,2025-12-31,Active,
CC-00922,CC-PRD-922,Production Cost Center 922,Production,CC-00002,EMP-000922,Plant-01,Mixing,CAPEX,100000,USD,2020-01-01,2025-12-31,Active,
CC-00923,CC-QLT-923,Quality Cost Center 923,Quality,CC-00003,EMP-000923,Plant-01,Refining,Mixed,500000,USD,2020-01-01,2025-12-31,Active,
CC-00924,CC-WHS-924,Warehouse Cost Center 924,Warehouse,CC-00004,EMP-000924,Plant-01,Conching,CAPEX,100000,USD,2020-01-01,2025-12-31,Active,
CC-00925,CC-SCM-925,Supply Chain Cost Center 925,Supply Chain,CC-00005,EMP-000925,Plant-01,Tempering,OPEX,50000,USD,2020-01-01,2025-12-31,Active,
CC-00926,CC-UTL-926,Utilities Cost Center 926,Utilities,CC-00006,EMP-000926,Plant-01,Molding,CAPEX,500000,USD,2020-01-01,2025-12-31,Active,
CC-00927,CC-SLS-927,Sales Cost Center 927,Sales,CC-00007,EMP-000927,Plant-01,Cooling,Mixed,1000000,USD,2020-01-01,2025-12-31,Active,
CC-00928,CC-HR-928,Human Resources Cost Center 928,Human Resources,CC-00008,EMP-000928,Plant-01,Packaging,Mixed,50000,USD,2020-01-01,2025-12-31,Active,
CC-00929,CC-FIN-929,Finance Cost Center 929,Finance,CC-00009,EMP-000929,Plant-01,Utilities,Mixed,1000000,USD,2020-01-01,2025-12-31,Active,
CC-00930,CC-ENG-930,Engineering Cost Center 930,Engineering,CC-00010,EMP-000930,Plant-01,Administration,OPEX,250000,USD,2020-01-01,2025-12-31,Active,
CC-00931,CC-MNT-931,Maintenance Cost Center 931,Maintenance,CC-00001,EMP-000931,Plant-01,Roasting,CAPEX,50000,USD,2020-01-01,2025-12-31,Active,
CC-00932,CC-PRD-932,Production Cost Center 932,Production,CC-00002,EMP-000932,Plant-01,Mixing,CAPEX,1000000,USD,2020-01-01,2025-12-31,Active,
CC-00933,CC-QLT-933,Quality Cost Center 933,Quality,CC-00003,EMP-000933,Plant-01,Refining,Mixed,250000,USD,2020-01-01,2025-12-31,Active,
CC-00934,CC-WHS-934,Warehouse Cost Center 934,Warehouse,CC-00004,EMP-000934,Plant-01,Conching,Mixed,2500000,USD,2020-01-01,2025-12-31,Active,
CC-00935,CC-SCM-935,Supply Chain Cost Center 935,Supply Chain,CC-00005,EMP-000935,Plant-01,Tempering,CAPEX,250000,USD,2020-01-01,2025-12-31,Active,
CC-00936,CC-UTL-936,Utilities Cost Center 936,Utilities,CC-00006,EMP-000936,Plant-01,Molding,CAPEX,500000,USD,2020-01-01,2025-12-31,Active,
CC-00937,CC-SLS-937,Sales Cost Center 937,Sales,CC-00007,EMP-000937,Plant-01,Cooling,Mixed,500000,USD,2020-01-01,2025-12-31,Active,
CC-00938,CC-HR-938,Human Resources Cost Center 938,Human Resources,CC-00008,EMP-000938,Plant-01,Packaging,OPEX,2500000,USD,2020-01-01,2025-12-31,Active,
CC-00939,CC-FIN-939,Finance Cost Center 939,Finance,CC-00009,EMP-000939,Plant-01,Utilities,OPEX,2500000,USD,2020-01-01,2025-12-31,Active,
CC-00940,CC-ENG-940,Engineering Cost Center 940,Engineering,CC-00010,EMP-000940,Plant-01,Administration,OPEX,50000,USD,2020-01-01,2025-12-31,Active,
CC-00941,CC-MNT-941,Maintenance Cost Center 941,Maintenance,CC-00001,EMP-000941,Plant-01,Roasting,CAPEX,250000,USD,2020-01-01,2025-12-31,Active,
CC-00942,CC-PRD-942,Production Cost Center 942,Production,CC-00002,EMP-000942,Plant-01,Mixing,OPEX,100000,USD,2020-01-01,2025-12-31,Active,
CC-00943,CC-QLT-943,Quality Cost Center 943,Quality,CC-00003,EMP-000943,Plant-01,Refining,CAPEX,2500000,USD,2020-01-01,2025-12-31,Active,
CC-00944,CC-WHS-944,Warehouse Cost Center 944,Warehouse,CC-00004,EMP-000944,Plant-01,Conching,CAPEX,500000,USD,2020-01-01,2025-12-31,Active,
CC-00945,CC-SCM-945,Supply Chain Cost Center 945,Supply Chain,CC-00005,EMP-000945,Plant-01,Tempering,OPEX,100000,USD,2020-01-01,2025-12-31,Active,
CC-00946,CC-UTL-946,Utilities Cost Center 946,Utilities,CC-00006,EMP-000946,Plant-01,Molding,OPEX,50000,USD,2020-01-01,2025-12-31,Active,
CC-00947,CC-SLS-947,Sales Cost Center 947,Sales,CC-00007,EMP-000947,Plant-01,Cooling,Mixed,250000,USD,2020-01-01,2025-12-31,Active,
CC-00948,CC-HR-948,Human Resources Cost Center 948,Human Resources,CC-00008,EMP-000948,Plant-01,Packaging,Mixed,500000,USD,2020-01-01,2025-12-31,Active,
CC-00949,CC-FIN-949,Finance Cost Center 949,Finance,CC-00009,EMP-000949,Plant-01,Utilities,OPEX,50000,USD,2020-01-01,2025-12-31,Active,
CC-00950,CC-ENG-950,Engineering Cost Center 950,Engineering,CC-00010,EMP-000950,Plant-01,Administration,OPEX,250000,USD,2020-01-01,2025-12-31,Active,
CC-00951,CC-MNT-951,Maintenance Cost Center 951,Maintenance,CC-00001,EMP-000951,Plant-01,Roasting,OPEX,1000000,USD,2020-01-01,2025-12-31,Active,
CC-00952,CC-PRD-952,Production Cost Center 952,Production,CC-00002,EMP-000952,Plant-01,Mixing,CAPEX,100000,USD,2020-01-01,2025-12-31,Active,
CC-00953,CC-QLT-953,Quality Cost Center 953,Quality,CC-00003,EMP-000953,Plant-01,Refining,OPEX,500000,USD,2020-01-01,2025-12-31,Active,
CC-00954,CC-WHS-954,Warehouse Cost Center 954,Warehouse,CC-00004,EMP-000954,Plant-01,Conching,OPEX,1000000,USD,2020-01-01,2025-12-31,Active,
CC-00955,CC-SCM-955,Supply Chain Cost Center 955,Supply Chain,CC-00005,EMP-000955,Plant-01,Tempering,CAPEX,50000,USD,2020-01-01,2025-12-31,Active,
CC-00956,CC-UTL-956,Utilities Cost Center 956,Utilities,CC-00006,EMP-000956,Plant-01,Molding,OPEX,100000,USD,2020-01-01,2025-12-31,Active,
CC-00957,CC-SLS-957,Sales Cost Center 957,Sales,CC-00007,EMP-000957,Plant-01,Cooling,CAPEX,50000,USD,2020-01-01,2025-12-31,Active,
CC-00958,CC-HR-958,Human Resources Cost Center 958,Human Resources,CC-00008,EMP-000958,Plant-01,Packaging,Mixed,1000000,USD,2020-01-01,2025-12-31,Active,
CC-00959,CC-FIN-959,Finance Cost Center 959,Finance,CC-00009,EMP-000959,Plant-01,Utilities,OPEX,1000000,USD,2020-01-01,2025-12-31,Active,
CC-00960,CC-ENG-960,Engineering Cost Center 960,Engineering,CC-00010,EMP-000960,Plant-01,Administration,OPEX,50000,USD,2020-01-01,2025-12-31,Active,
CC-00961,CC-MNT-961,Maintenance Cost Center 961,Maintenance,CC-00001,EMP-000961,Plant-01,Roasting,CAPEX,500000,USD,2020-01-01,2025-12-31,Active,
CC-00962,CC-PRD-962,Production Cost Center 962,Production,CC-00002,EMP-000962,Plant-01,Mixing,Mixed,2500000,USD,2020-01-01,2025-12-31,Active,
CC-00963,CC-QLT-963,Quality Cost Center 963,Quality,CC-00003,EMP-000963,Plant-01,Refining,Mixed,50000,USD,2020-01-01,2025-12-31,Active,
CC-00964,CC-WHS-964,Warehouse Cost Center 964,Warehouse,CC-00004,EMP-000964,Plant-01,Conching,Mixed,500000,USD,2020-01-01,2025-12-31,Active,
CC-00965,CC-SCM-965,Supply Chain Cost Center 965,Supply Chain,CC-00005,EMP-000965,Plant-01,Tempering,CAPEX,2500000,USD,2020-01-01,2025-12-31,Active,
CC-00966,CC-UTL-966,Utilities Cost Center 966,Utilities,CC-00006,EMP-000966,Plant-01,Molding,Mixed,100000,USD,2020-01-01,2025-12-31,Active,
CC-00967,CC-SLS-967,Sales Cost Center 967,Sales,CC-00007,EMP-000967,Plant-01,Cooling,CAPEX,250000,USD,2020-01-01,2025-12-31,Active,
CC-00968,CC-HR-968,Human Resources Cost Center 968,Human Resources,CC-00008,EMP-000968,Plant-01,Packaging,Mixed,1000000,USD,2020-01-01,2025-12-31,Active,
CC-00969,CC-FIN-969,Finance Cost Center 969,Finance,CC-00009,EMP-000969,Plant-01,Utilities,Mixed,2500000,USD,2020-01-01,2025-12-31,Active,
CC-00970,CC-ENG-970,Engineering Cost Center 970,Engineering,CC-00010,EMP-000970,Plant-01,Administration,OPEX,2500000,USD,2020-01-01,2025-12-31,Active,
CC-00971,CC-MNT-971,Maintenance Cost Center 971,Maintenance,CC-00001,EMP-000971,Plant-01,Roasting,CAPEX,2500000,USD,2020-01-01,2025-12-31,Active,
CC-00972,CC-PRD-972,Production Cost Center 972,Production,CC-00002,EMP-000972,Plant-01,Mixing,CAPEX,500000,USD,2020-01-01,2025-12-31,Active,
CC-00973,CC-QLT-973,Quality Cost Center 973,Quality,CC-00003,EMP-000973,Plant-01,Refining,CAPEX,500000,USD,2020-01-01,2025-12-31,Active,
CC-00974,CC-WHS-974,Warehouse Cost Center 974,Warehouse,CC-00004,EMP-000974,Plant-01,Conching,OPEX,500000,USD,2020-01-01,2025-12-31,Active,
CC-00975,CC-SCM-975,Supply Chain Cost Center 975,Supply Chain,CC-00005,EMP-000975,Plant-01,Tempering,OPEX,1000000,USD,2020-01-01,2025-12-31,Active,
CC-00976,CC-UTL-976,Utilities Cost Center 976,Utilities,CC-00006,EMP-000976,Plant-01,Molding,Mixed,250000,USD,2020-01-01,2025-12-31,Active,
CC-00977,CC-SLS-977,Sales Cost Center 977,Sales,CC-00007,EMP-000977,Plant-01,Cooling,CAPEX,250000,USD,2020-01-01,2025-12-31,Active,
CC-00978,CC-HR-978,Human Resources Cost Center 978,Human Resources,CC-00008,EMP-000978,Plant-01,Packaging,CAPEX,250000,USD,2020-01-01,2025-12-31,Active,
CC-00979,CC-FIN-979,Finance Cost Center 979,Finance,CC-00009,EMP-000979,Plant-01,Utilities,OPEX,250000,USD,2020-01-01,2025-12-31,Active,
CC-00980,CC-ENG-980,Engineering Cost Center 980,Engineering,CC-00010,EMP-000980,Plant-01,Administration,OPEX,2500000,USD,2020-01-01,2025-12-31,Active,
CC-00981,CC-MNT-981,Maintenance Cost Center 981,Maintenance,CC-00001,EMP-000981,Plant-01,Roasting,CAPEX,100000,USD,2020-01-01,2025-12-31,Active,
CC-00982,CC-PRD-982,Production Cost Center 982,Production,CC-00002,EMP-000982,Plant-01,Mixing,Mixed,250000,USD,2020-01-01,2025-12-31,Active,
CC-00983,CC-QLT-983,Quality Cost Center 983,Quality,CC-00003,EMP-000983,Plant-01,Refining,Mixed,250000,USD,2020-01-01,2025-12-31,Active,
CC-00984,CC-WHS-984,Warehouse Cost Center 984,Warehouse,CC-00004,EMP-000984,Plant-01,Conching,OPEX,250000,USD,2020-01-01,2025-12-31,Active,
CC-00985,CC-SCM-985,Supply Chain Cost Center 985,Supply Chain,CC-00005,EMP-000985,Plant-01,Tempering,Mixed,1000000,USD,2020-01-01,2025-12-31,Active,
CC-00986,CC-UTL-986,Utilities Cost Center 986,Utilities,CC-00006,EMP-000986,Plant-01,Molding,OPEX,250000,USD,2020-01-01,2025-12-31,Active,
CC-00987,CC-SLS-987,Sales Cost Center 987,Sales,CC-00007,EMP-000987,Plant-01,Cooling,Mixed,500000,USD,2020-01-01,2025-12-31,Active,
CC-00988,CC-HR-988,Human Resources Cost Center 988,Human Resources,CC-00008,EMP-000988,Plant-01,Packaging,CAPEX,100000,USD,2020-01-01,2025-12-31,Active,
CC-00989,CC-FIN-989,Finance Cost Center 989,Finance,CC-00009,EMP-000989,Plant-01,Utilities,Mixed,100000,USD,2020-01-01,2025-12-31,Active,
CC-00990,CC-ENG-990,Engineering Cost Center 990,Engineering,CC-00010,EMP-000990,Plant-01,Administration,OPEX,1000000,USD,2020-01-01,2025-12-31,Active,
CC-00991,CC-MNT-991,Maintenance Cost Center 991,Maintenance,CC-00001,EMP-000991,Plant-01,Roasting,CAPEX,250000,USD,2020-01-01,2025-12-31,Active,
CC-00992,CC-PRD-992,Production Cost Center 992,Production,CC-00002,EMP-000992,Plant-01,Mixing,Mixed,1000000,USD,2020-01-01,2025-12-31,Active,
CC-00993,CC-QLT-993,Quality Cost Center 993,Quality,CC-00003,EMP-000993,Plant-01,Refining,OPEX,100000,USD,2020-01-01,2025-12-31,Active,
CC-00994,CC-WHS-994,Warehouse Cost Center 994,Warehouse,CC-00004,EMP-000994,Plant-01,Conching,OPEX,500000,USD,2020-01-01,2025-12-31,Active,
CC-00995,CC-SCM-995,Supply Chain Cost Center 995,Supply Chain,CC-00005,EMP-000995,Plant-01,Tempering,CAPEX,1000000,USD,2020-01-01,2025-12-31,Active,
CC-00996,CC-UTL-996,Utilities Cost Center 996,Utilities,CC-00006,EMP-000996,Plant-01,Molding,Mixed,50000,USD,2020-01-01,2025-12-31,Active,
CC-00997,CC-SLS-997,Sales Cost Center 997,Sales,CC-00007,EMP-000997,Plant-01,Cooling,CAPEX,500000,USD,2020-01-01,2025-12-31,Active,
CC-00998,CC-HR-998,Human Resources Cost Center 998,Human Resources,CC-00008,EMP-000998,Plant-01,Packaging,OPEX,1000000,USD,2020-01-01,2025-12-31,Active,
CC-00999,CC-FIN-999,Finance Cost Center 999,Finance,CC-00009,EMP-000999,Plant-01,Utilities,Mixed,250000,USD,2020-01-01,2025-12-31,Active,
CC-01000,CC-ENG-1000,Engineering Cost Center 1000,Engineering,CC-00010,EMP-001000,Plant-01,Administration,OPEX,50000,USD,2020-01-01,2025-12-31,Active,
