GL_Account_ID,GL_Account_No,Account_Name,Account_Type,Account_Category,Cost_Center_ID,Parent_Account,Currency,Normal_Balance,Financial_Statement,Is_Posting_Allowed,Tax_Code,Status,Created_Date,Notes
GL-000001,100001,Cash 0001,Asset,Current Asset,CC-00001,,USD,Debit,Balance Sheet,Yes,TX14,Active,2020-01-01,
GL-000002,110002,Accounts Receivable 0002,Asset,Current Asset,CC-00002,,USD,Debit,Balance Sheet,Yes,TX14,Active,2020-01-01,
GL-000003,120003,Inventory 0003,Asset,Current Asset,CC-00003,,USD,Debit,Balance Sheet,Yes,TX0,Active,2020-01-01,
GL-000004,130004,Fixed Assets 0004,Asset,Non Current Asset,CC-00004,,USD,Debit,Balance Sheet,Yes,EXEMPT,Active,2020-01-01,
GL-000005,200005,Accounts Payable 0005,Liability,Current Liability,CC-00005,,USD,Credit,Balance Sheet,Yes,EXEMPT,Active,2020-01-01,
GL-000006,300006,Equity 0006,Equity,Equity,CC-00006,,USD,Credit,Balance Sheet,Yes,TX5,Active,2020-01-01,
GL-000007,400007,Sales Revenue 0007,Revenue,Operating Revenue,CC-00007,,USD,Credit,Income Statement,Yes,TX14,Active,2020-01-01,
GL-000008,500008,Cost of Goods Sold 0008,Expense,COGS,CC-00008,,USD,Debit,Income Statement,Yes,TX0,Active,2020-01-01,
GL-000009,510009,Production Cost 0009,Expense,Manufacturing,CC-00009,,USD,Debit,Income Statement,Yes,EXEMPT,Active,2020-01-01,
GL-000010,520010,Maintenance Expense 0010,Expense,Maintenance,CC-00010,,USD,Debit,Income Statement,Yes,TX5,Active,2020-01-01,
GL-000011,530011,Utilities Expense 0011,Expense,Utilities,CC-00011,,USD,Debit,Income Statement,Yes,TX14,Active,2020-01-01,
GL-000012,540012,Quality Expense 0012,Expense,Quality,CC-00012,,USD,Debit,Income Statement,Yes,TX14,Active,2020-01-01,
GL-000013,550013,Warehouse Expense 0013,Expense,Warehouse,CC-00013,,USD,Debit,Income Statement,Yes,TX0,Active,2020-01-01,
GL-000014,560014,Sales Expense 0014,Expense,Sales,CC-00014,,USD,Debit,Income Statement,Yes,TX5,Active,2020-01-01,
GL-000015,570015,Administrative Expense 0015,Expense,Administration,CC-00015,,USD,Debit,Income Statement,Yes,TX14,Active,2020-01-01,
GL-000016,100016,Cash 0016,Asset,Current Asset,CC-00016,GL-000015,USD,Debit,Balance Sheet,Yes,TX14,Active,2020-01-01,
GL-000017,110017,Accounts Receivable 0017,Asset,Current Asset,CC-00017,GL-000001,USD,Debit,Balance Sheet,Yes,TX0,Active,2020-01-01,
GL-000018,120018,Inventory 0018,Asset,Current Asset,CC-00018,GL-000002,USD,Debit,Balance Sheet,Yes,TX5,Active,2020-01-01,
GL-000019,130019,Fixed Assets 0019,Asset,Non Current Asset,CC-00019,GL-000003,USD,Debit,Balance Sheet,Yes,TX14,Active,2020-01-01,
GL-000020,200020,Accounts Payable 0020,Liability,Current Liability,CC-00020,GL-000004,USD,Credit,Balance Sheet,Yes,TX14,Active,2020-01-01,
GL-000021,300021,Equity 0021,Equity,Equity,CC-00021,GL-000005,USD,Credit,Balance Sheet,Yes,TX14,Active,2020-01-01,
GL-000022,400022,Sales Revenue 0022,Revenue,Operating Revenue,CC-00022,GL-000006,USD,Credit,Income Statement,Yes,EXEMPT,Active,2020-01-01,
GL-000023,500023,Cost of Goods Sold 0023,Expense,COGS,CC-00023,GL-000007,USD,Debit,Income Statement,Yes,EXEMPT,Active,2020-01-01,
GL-000024,510024,Production Cost 0024,Expense,Manufacturing,CC-00024,GL-000008,USD,Debit,Income Statement,Yes,TX0,Active,2020-01-01,
GL-000025,520025,Maintenance Expense 0025,Expense,Maintenance,CC-00025,GL-000009,USD,Debit,Income Statement,Yes,TX14,Active,2020-01-01,
GL-000026,530026,Utilities Expense 0026,Expense,Utilities,CC-00026,GL-000010,USD,Debit,Income Statement,Yes,TX0,Active,2020-01-01,
GL-000027,540027,Quality Expense 0027,Expense,Quality,CC-00027,GL-000011,USD,Debit,Income Statement,Yes,TX0,Active,2020-01-01,
GL-000028,550028,Warehouse Expense 0028,Expense,Warehouse,CC-00028,GL-000012,USD,Debit,Income Statement,Yes,TX0,Active,2020-01-01,
GL-000029,560029,Sales Expense 0029,Expense,Sales,CC-00029,GL-000013,USD,Debit,Income Statement,Yes,EXEMPT,Active,2020-01-01,
GL-000030,570030,Administrative Expense 0030,Expense,Administration,CC-00030,GL-000014,USD,Debit,Income Statement,Yes,TX5,Active,2020-01-01,
GL-000031,100031,Cash 0031,Asset,Current Asset,CC-00031,GL-000015,USD,Debit,Balance Sheet,Yes,TX5,Active,2020-01-01,
GL-000032,110032,Accounts Receivable 0032,Asset,Current Asset,CC-00032,GL-000001,USD,Debit,Balance Sheet,Yes,TX0,Active,2020-01-01,
GL-000033,120033,Inventory 0033,Asset,Current Asset,CC-00033,GL-000002,USD,Debit,Balance Sheet,Yes,EXEMPT,Active,2020-01-01,
GL-000034,130034,Fixed Assets 0034,Asset,Non Current Asset,CC-00034,GL-000003,USD,Debit,Balance Sheet,Yes,TX14,Active,2020-01-01,
GL-000035,200035,Accounts Payable 0035,Liability,Current Liability,CC-00035,GL-000004,USD,Credit,Balance Sheet,Yes,TX0,Active,2020-01-01,
GL-000036,300036,Equity 0036,Equity,Equity,CC-00036,GL-000005,USD,Credit,Balance Sheet,Yes,TX5,Active,2020-01-01,
GL-000037,400037,Sales Revenue 0037,Revenue,Operating Revenue,CC-00037,GL-000006,USD,Credit,Income Statement,Yes,TX0,Active,2020-01-01,
GL-000038,500038,Cost of Goods Sold 0038,Expense,COGS,CC-00038,GL-000007,USD,Debit,Income Statement,Yes,TX0,Active,2020-01-01,
GL-000039,510039,Production Cost 0039,Expense,Manufacturing,CC-00039,GL-000008,USD,Debit,Income Statement,Yes,TX5,Active,2020-01-01,
GL-000040,520040,Maintenance Expense 0040,Expense,Maintenance,CC-00040,GL-000009,USD,Debit,Income Statement,Yes,EXEMPT,Active,2020-01-01,
GL-000041,530041,Utilities Expense 0041,Expense,Utilities,CC-00041,GL-000010,USD,Debit,Income Statement,Yes,TX0,Active,2020-01-01,
GL-000042,540042,Quality Expense 0042,Expense,Quality,CC-00042,GL-000011,USD,Debit,Income Statement,Yes,TX14,Active,2020-01-01,
GL-000043,550043,Warehouse Expense 0043,Expense,Warehouse,CC-00043,GL-000012,USD,Debit,Income Statement,Yes,TX0,Active,2020-01-01,
GL-000044,560044,Sales Expense 0044,Expense,Sales,CC-00044,GL-000013,USD,Debit,Income Statement,Yes,TX14,Active,2020-01-01,
GL-000045,570045,Administrative Expense 0045,Expense,Administration,CC-00045,GL-000014,USD,Debit,Income Statement,Yes,TX0,Active,2020-01-01,
GL-000046,100046,Cash 0046,Asset,Current Asset,CC-00046,GL-000015,USD,Debit,Balance Sheet,Yes,TX14,Active,2020-01-01,
GL-000047,110047,Accounts Receivable 0047,Asset,Current Asset,CC-00047,GL-000001,USD,Debit,Balance Sheet,Yes,EXEMPT,Active,2020-01-01,
GL-000048,120048,Inventory 0048,Asset,Current Asset,CC-00048,GL-000002,USD,Debit,Balance Sheet,Yes,TX14,Active,2020-01-01,
GL-000049,130049,Fixed Assets 0049,Asset,Non Current Asset,CC-00049,GL-000003,USD,Debit,Balance Sheet,Yes,TX5,Active,2020-01-01,
GL-000050,200050,Accounts Payable 0050,Liability,Current Liability,CC-00050,GL-000004,USD,Credit,Balance Sheet,Yes,TX5,Active,2020-01-01,
GL-000051,300051,Equity 0051,Equity,Equity,CC-00051,GL-000005,USD,Credit,Balance Sheet,Yes,TX0,Active,2020-01-01,
GL-000052,400052,Sales Revenue 0052,Revenue,Operating Revenue,CC-00052,GL-000006,USD,Credit,Income Statement,Yes,TX0,Active,2020-01-01,
GL-000053,500053,Cost of Goods Sold 0053,Expense,COGS,CC-00053,GL-000007,USD,Debit,Income Statement,Yes,TX5,Active,2020-01-01,
GL-000054,510054,Production Cost 0054,Expense,Manufacturing,CC-00054,GL-000008,USD,Debit,Income Statement,Yes,TX0,Active,2020-01-01,
GL-000055,520055,Maintenance Expense 0055,Expense,Maintenance,CC-00055,GL-000009,USD,Debit,Income Statement,Yes,TX0,Active,2020-01-01,
GL-000056,530056,Utilities Expense 0056,Expense,Utilities,CC-00056,GL-000010,USD,Debit,Income Statement,Yes,TX14,Active,2020-01-01,
GL-000057,540057,Quality Expense 0057,Expense,Quality,CC-00057,GL-000011,USD,Debit,Income Statement,Yes,TX14,Active,2020-01-01,
GL-000058,550058,Warehouse Expense 0058,Expense,Warehouse,CC-00058,GL-000012,USD,Debit,Income Statement,Yes,TX5,Active,2020-01-01,
GL-000059,560059,Sales Expense 0059,Expense,Sales,CC-00059,GL-000013,USD,Debit,Income Statement,Yes,TX5,Active,2020-01-01,
GL-000060,570060,Administrative Expense 0060,Expense,Administration,CC-00060,GL-000014,USD,Debit,Income Statement,Yes,TX14,Active,2020-01-01,
GL-000061,100061,Cash 0061,Asset,Current Asset,CC-00061,GL-000015,USD,Debit,Balance Sheet,Yes,TX14,Active,2020-01-01,
GL-000062,110062,Accounts Receivable 0062,Asset,Current Asset,CC-00062,GL-000001,USD,Debit,Balance Sheet,Yes,TX5,Active,2020-01-01,
GL-000063,120063,Inventory 0063,Asset,Current Asset,CC-00063,GL-000002,USD,Debit,Balance Sheet,Yes,TX14,Active,2020-01-01,
GL-000064,130064,Fixed Assets 0064,Asset,Non Current Asset,CC-00064,GL-000003,USD,Debit,Balance Sheet,Yes,TX5,Active,2020-01-01,
GL-000065,200065,Accounts Payable 0065,Liability,Current Liability,CC-00065,GL-000004,USD,Credit,Balance Sheet,Yes,TX14,Active,2020-01-01,
GL-000066,300066,Equity 0066,Equity,Equity,CC-00066,GL-000005,USD,Credit,Balance Sheet,Yes,EXEMPT,Active,2020-01-01,
GL-000067,400067,Sales Revenue 0067,Revenue,Operating Revenue,CC-00067,GL-000006,USD,Credit,Income Statement,Yes,EXEMPT,Active,2020-01-01,
GL-000068,500068,Cost of Goods Sold 0068,Expense,COGS,CC-00068,GL-000007,USD,Debit,Income Statement,Yes,TX0,Active,2020-01-01,
GL-000069,510069,Production Cost 0069,Expense,Manufacturing,CC-00069,GL-000008,USD,Debit,Income Statement,Yes,TX14,Active,2020-01-01,
GL-000070,520070,Maintenance Expense 0070,Expense,Maintenance,CC-00070,GL-000009,USD,Debit,Income Statement,Yes,EXEMPT,Active,2020-01-01,
GL-000071,530071,Utilities Expense 0071,Expense,Utilities,CC-00071,GL-000010,USD,Debit,Income Statement,Yes,TX5,Active,2020-01-01,
GL-000072,540072,Quality Expense 0072,Expense,Quality,CC-00072,GL-000011,USD,Debit,Income Statement,Yes,TX14,Active,2020-01-01,
GL-000073,550073,Warehouse Expense 0073,Expense,Warehouse,CC-00073,GL-000012,USD,Debit,Income Statement,Yes,TX5,Active,2020-01-01,
GL-000074,560074,Sales Expense 0074,Expense,Sales,CC-00074,GL-000013,USD,Debit,Income Statement,Yes,TX0,Active,2020-01-01,
GL-000075,570075,Administrative Expense 0075,Expense,Administration,CC-00075,GL-000014,USD,Debit,Income Statement,Yes,TX0,Active,2020-01-01,
GL-000076,100076,Cash 0076,Asset,Current Asset,CC-00076,GL-000015,USD,Debit,Balance Sheet,Yes,TX14,Active,2020-01-01,
GL-000077,110077,Accounts Receivable 0077,Asset,Current Asset,CC-00077,GL-000001,USD,Debit,Balance Sheet,Yes,EXEMPT,Active,2020-01-01,
GL-000078,120078,Inventory 0078,Asset,Current Asset,CC-00078,GL-000002,USD,Debit,Balance Sheet,Yes,TX14,Active,2020-01-01,
GL-000079,130079,Fixed Assets 0079,Asset,Non Current Asset,CC-00079,GL-000003,USD,Debit,Balance Sheet,Yes,TX0,Active,2020-01-01,
GL-000080,200080,Accounts Payable 0080,Liability,Current Liability,CC-00080,GL-000004,USD,Credit,Balance Sheet,Yes,TX0,Active,2020-01-01,
GL-000081,300081,Equity 0081,Equity,Equity,CC-00081,GL-000005,USD,Credit,Balance Sheet,Yes,EXEMPT,Active,2020-01-01,
GL-000082,400082,Sales Revenue 0082,Revenue,Operating Revenue,CC-00082,GL-000006,USD,Credit,Income Statement,Yes,TX5,Active,2020-01-01,
GL-000083,500083,Cost of Goods Sold 0083,Expense,COGS,CC-00083,GL-000007,USD,Debit,Income Statement,Yes,TX0,Active,2020-01-01,
GL-000084,510084,Production Cost 0084,Expense,Manufacturing,CC-00084,GL-000008,USD,Debit,Income Statement,Yes,EXEMPT,Active,2020-01-01,
GL-000085,520085,Maintenance Expense 0085,Expense,Maintenance,CC-00085,GL-000009,USD,Debit,Income Statement,Yes,TX0,Active,2020-01-01,
GL-000086,530086,Utilities Expense 0086,Expense,Utilities,CC-00086,GL-000010,USD,Debit,Income Statement,Yes,TX14,Active,2020-01-01,
GL-000087,540087,Quality Expense 0087,Expense,Quality,CC-00087,GL-000011,USD,Debit,Income Statement,Yes,EXEMPT,Active,2020-01-01,
GL-000088,550088,Warehouse Expense 0088,Expense,Warehouse,CC-00088,GL-000012,USD,Debit,Income Statement,Yes,TX14,Active,2020-01-01,
GL-000089,560089,Sales Expense 0089,Expense,Sales,CC-00089,GL-000013,USD,Debit,Income Statement,Yes,TX5,Active,2020-01-01,
GL-000090,570090,Administrative Expense 0090,Expense,Administration,CC-00090,GL-000014,USD,Debit,Income Statement,Yes,TX5,Active,2020-01-01,
GL-000091,100091,Cash 0091,Asset,Current Asset,CC-00091,GL-000015,USD,Debit,Balance Sheet,Yes,TX14,Active,2020-01-01,
GL-000092,110092,Accounts Receivable 0092,Asset,Current Asset,CC-00092,GL-000001,USD,Debit,Balance Sheet,Yes,EXEMPT,Active,2020-01-01,
GL-000093,120093,Inventory 0093,Asset,Current Asset,CC-00093,GL-000002,USD,Debit,Balance Sheet,Yes,TX0,Active,2020-01-01,
GL-000094,130094,Fixed Assets 0094,Asset,Non Current Asset,CC-00094,GL-000003,USD,Debit,Balance Sheet,Yes,TX0,Active,2020-01-01,
GL-000095,200095,Accounts Payable 0095,Liability,Current Liability,CC-00095,GL-000004,USD,Credit,Balance Sheet,Yes,EXEMPT,Active,2020-01-01,
GL-000096,300096,Equity 0096,Equity,Equity,CC-00096,GL-000005,USD,Credit,Balance Sheet,Yes,TX0,Active,2020-01-01,
GL-000097,400097,Sales Revenue 0097,Revenue,Operating Revenue,CC-00097,GL-000006,USD,Credit,Income Statement,Yes,EXEMPT,Active,2020-01-01,
GL-000098,500098,Cost of Goods Sold 0098,Expense,COGS,CC-00098,GL-000007,USD,Debit,Income Statement,Yes,TX0,Active,2020-01-01,
GL-000099,510099,Production Cost 0099,Expense,Manufacturing,CC-00099,GL-000008,USD,Debit,Income Statement,Yes,TX14,Active,2020-01-01,
GL-000100,520100,Maintenance Expense 0100,Expense,Maintenance,CC-00100,GL-000009,USD,Debit,Income Statement,Yes,TX0,Active,2020-01-01,
GL-000101,530101,Utilities Expense 0101,Expense,Utilities,CC-00101,GL-000010,USD,Debit,Income Statement,Yes,TX14,Active,2020-01-01,
GL-000102,540102,Quality Expense 0102,Expense,Quality,CC-00102,GL-000011,USD,Debit,Income Statement,Yes,TX14,Active,2020-01-01,
GL-000103,550103,Warehouse Expense 0103,Expense,Warehouse,CC-00103,GL-000012,USD,Debit,Income Statement,Yes,TX5,Active,2020-01-01,
GL-000104,560104,Sales Expense 0104,Expense,Sales,CC-00104,GL-000013,USD,Debit,Income Statement,Yes,TX14,Active,2020-01-01,
GL-000105,570105,Administrative Expense 0105,Expense,Administration,CC-00105,GL-000014,USD,Debit,Income Statement,Yes,TX0,Active,2020-01-01,
GL-000106,100106,Cash 0106,Asset,Current Asset,CC-00106,GL-000015,USD,Debit,Balance Sheet,Yes,TX0,Active,2020-01-01,
GL-000107,110107,Accounts Receivable 0107,Asset,Current Asset,CC-00107,GL-000001,USD,Debit,Balance Sheet,Yes,TX0,Active,2020-01-01,
GL-000108,120108,Inventory 0108,Asset,Current Asset,CC-00108,GL-000002,USD,Debit,Balance Sheet,Yes,TX5,Active,2020-01-01,
GL-000109,130109,Fixed Assets 0109,Asset,Non Current Asset,CC-00109,GL-000003,USD,Debit,Balance Sheet,Yes,TX14,Active,2020-01-01,
GL-000110,200110,Accounts Payable 0110,Liability,Current Liability,CC-00110,GL-000004,USD,Credit,Balance Sheet,Yes,TX5,Active,2020-01-01,
GL-000111,300111,Equity 0111,Equity,Equity,CC-00111,GL-000005,USD,Credit,Balance Sheet,Yes,TX14,Active,2020-01-01,
GL-000112,400112,Sales Revenue 0112,Revenue,Operating Revenue,CC-00112,GL-000006,USD,Credit,Income Statement,Yes,TX0,Active,2020-01-01,
GL-000113,500113,Cost of Goods Sold 0113,Expense,COGS,CC-00113,GL-000007,USD,Debit,Income Statement,Yes,TX5,Active,2020-01-01,
GL-000114,510114,Production Cost 0114,Expense,Manufacturing,CC-00114,GL-000008,USD,Debit,Income Statement,Yes,EXEMPT,Active,2020-01-01,
GL-000115,520115,Maintenance Expense 0115,Expense,Maintenance,CC-00115,GL-000009,USD,Debit,Income Statement,Yes,EXEMPT,Active,2020-01-01,
GL-000116,530116,Utilities Expense 0116,Expense,Utilities,CC-00116,GL-000010,USD,Debit,Income Statement,Yes,TX5,Active,2020-01-01,
GL-000117,540117,Quality Expense 0117,Expense,Quality,CC-00117,GL-000011,USD,Debit,Income Statement,Yes,EXEMPT,Active,2020-01-01,
GL-000118,550118,Warehouse Expense 0118,Expense,Warehouse,CC-00118,GL-000012,USD,Debit,Income Statement,Yes,TX14,Active,2020-01-01,
GL-000119,560119,Sales Expense 0119,Expense,Sales,CC-00119,GL-000013,USD,Debit,Income Statement,Yes,TX0,Active,2020-01-01,
GL-000120,570120,Administrative Expense 0120,Expense,Administration,CC-00120,GL-000014,USD,Debit,Income Statement,Yes,EXEMPT,Active,2020-01-01,
GL-000121,100121,Cash 0121,Asset,Current Asset,CC-00121,GL-000015,USD,Debit,Balance Sheet,Yes,TX0,Active,2020-01-01,
GL-000122,110122,Accounts Receivable 0122,Asset,Current Asset,CC-00122,GL-000001,USD,Debit,Balance Sheet,Yes,TX14,Active,2020-01-01,
GL-000123,120123,Inventory 0123,Asset,Current Asset,CC-00123,GL-000002,USD,Debit,Balance Sheet,Yes,TX0,Active,2020-01-01,
GL-000124,130124,Fixed Assets 0124,Asset,Non Current Asset,CC-00124,GL-000003,USD,Debit,Balance Sheet,Yes,TX5,Active,2020-01-01,
GL-000125,200125,Accounts Payable 0125,Liability,Current Liability,CC-00125,GL-000004,USD,Credit,Balance Sheet,Yes,EXEMPT,Active,2020-01-01,
GL-000126,300126,Equity 0126,Equity,Equity,CC-00126,GL-000005,USD,Credit,Balance Sheet,Yes,TX14,Active,2020-01-01,
GL-000127,400127,Sales Revenue 0127,Revenue,Operating Revenue,CC-00127,GL-000006,USD,Credit,Income Statement,Yes,EXEMPT,Active,2020-01-01,
GL-000128,500128,Cost of Goods Sold 0128,Expense,COGS,CC-00128,GL-000007,USD,Debit,Income Statement,Yes,TX14,Active,2020-01-01,
GL-000129,510129,Production Cost 0129,Expense,Manufacturing,CC-00129,GL-000008,USD,Debit,Income Statement,Yes,EXEMPT,Active,2020-01-01,
GL-000130,520130,Maintenance Expense 0130,Expense,Maintenance,CC-00130,GL-000009,USD,Debit,Income Statement,Yes,TX0,Active,2020-01-01,
GL-000131,530131,Utilities Expense 0131,Expense,Utilities,CC-00131,GL-000010,USD,Debit,Income Statement,Yes,EXEMPT,Active,2020-01-01,
GL-000132,540132,Quality Expense 0132,Expense,Quality,CC-00132,GL-000011,USD,Debit,Income Statement,Yes,TX0,Active,2020-01-01,
GL-000133,550133,Warehouse Expense 0133,Expense,Warehouse,CC-00133,GL-000012,USD,Debit,Income Statement,Yes,TX0,Active,2020-01-01,
GL-000134,560134,Sales Expense 0134,Expense,Sales,CC-00134,GL-000013,USD,Debit,Income Statement,Yes,TX14,Active,2020-01-01,
GL-000135,570135,Administrative Expense 0135,Expense,Administration,CC-00135,GL-000014,USD,Debit,Income Statement,Yes,TX14,Active,2020-01-01,
GL-000136,100136,Cash 0136,Asset,Current Asset,CC-00136,GL-000015,USD,Debit,Balance Sheet,Yes,TX0,Active,2020-01-01,
GL-000137,110137,Accounts Receivable 0137,Asset,Current Asset,CC-00137,GL-000001,USD,Debit,Balance Sheet,Yes,TX5,Active,2020-01-01,
GL-000138,120138,Inventory 0138,Asset,Current Asset,CC-00138,GL-000002,USD,Debit,Balance Sheet,Yes,TX14,Active,2020-01-01,
GL-000139,130139,Fixed Assets 0139,Asset,Non Current Asset,CC-00139,GL-000003,USD,Debit,Balance Sheet,Yes,EXEMPT,Active,2020-01-01,
GL-000140,200140,Accounts Payable 0140,Liability,Current Liability,CC-00140,GL-000004,USD,Credit,Balance Sheet,Yes,TX0,Active,2020-01-01,
GL-000141,300141,Equity 0141,Equity,Equity,CC-00141,GL-000005,USD,Credit,Balance Sheet,Yes,TX0,Active,2020-01-01,
GL-000142,400142,Sales Revenue 0142,Revenue,Operating Revenue,CC-00142,GL-000006,USD,Credit,Income Statement,Yes,TX0,Active,2020-01-01,
GL-000143,500143,Cost of Goods Sold 0143,Expense,COGS,CC-00143,GL-000007,USD,Debit,Income Statement,Yes,TX5,Active,2020-01-01,
GL-000144,510144,Production Cost 0144,Expense,Manufacturing,CC-00144,GL-000008,USD,Debit,Income Statement,Yes,TX0,Active,2020-01-01,
GL-000145,520145,Maintenance Expense 0145,Expense,Maintenance,CC-00145,GL-000009,USD,Debit,Income Statement,Yes,EXEMPT,Active,2020-01-01,
GL-000146,530146,Utilities Expense 0146,Expense,Utilities,CC-00146,GL-000010,USD,Debit,Income Statement,Yes,TX5,Active,2020-01-01,
GL-000147,540147,Quality Expense 0147,Expense,Quality,CC-00147,GL-000011,USD,Debit,Income Statement,Yes,TX0,Active,2020-01-01,
GL-000148,550148,Warehouse Expense 0148,Expense,Warehouse,CC-00148,GL-000012,USD,Debit,Income Statement,Yes,TX0,Active,2020-01-01,
GL-000149,560149,Sales Expense 0149,Expense,Sales,CC-00149,GL-000013,USD,Debit,Income Statement,Yes,EXEMPT,Active,2020-01-01,
GL-000150,570150,Administrative Expense 0150,Expense,Administration,CC-00150,GL-000014,USD,Debit,Income Statement,Yes,TX5,Active,2020-01-01,
GL-000151,100151,Cash 0151,Asset,Current Asset,CC-00151,GL-000015,USD,Debit,Balance Sheet,Yes,TX0,Active,2020-01-01,
GL-000152,110152,Accounts Receivable 0152,Asset,Current Asset,CC-00152,GL-000001,USD,Debit,Balance Sheet,Yes,TX5,Active,2020-01-01,
GL-000153,120153,Inventory 0153,Asset,Current Asset,CC-00153,GL-000002,USD,Debit,Balance Sheet,Yes,TX0,Active,2020-01-01,
GL-000154,130154,Fixed Assets 0154,Asset,Non Current Asset,CC-00154,GL-000003,USD,Debit,Balance Sheet,Yes,TX0,Active,2020-01-01,
GL-000155,200155,Accounts Payable 0155,Liability,Current Liability,CC-00155,GL-000004,USD,Credit,Balance Sheet,Yes,EXEMPT,Active,2020-01-01,
GL-000156,300156,Equity 0156,Equity,Equity,CC-00156,GL-000005,USD,Credit,Balance Sheet,Yes,TX0,Active,2020-01-01,
GL-000157,400157,Sales Revenue 0157,Revenue,Operating Revenue,CC-00157,GL-000006,USD,Credit,Income Statement,Yes,TX0,Active,2020-01-01,
GL-000158,500158,Cost of Goods Sold 0158,Expense,COGS,CC-00158,GL-000007,USD,Debit,Income Statement,Yes,TX5,Active,2020-01-01,
GL-000159,510159,Production Cost 0159,Expense,Manufacturing,CC-00159,GL-000008,USD,Debit,Income Statement,Yes,EXEMPT,Active,2020-01-01,
GL-000160,520160,Maintenance Expense 0160,Expense,Maintenance,CC-00160,GL-000009,USD,Debit,Income Statement,Yes,EXEMPT,Active,2020-01-01,
GL-000161,530161,Utilities Expense 0161,Expense,Utilities,CC-00161,GL-000010,USD,Debit,Income Statement,Yes,TX14,Active,2020-01-01,
GL-000162,540162,Quality Expense 0162,Expense,Quality,CC-00162,GL-000011,USD,Debit,Income Statement,Yes,TX5,Active,2020-01-01,
GL-000163,550163,Warehouse Expense 0163,Expense,Warehouse,CC-00163,GL-000012,USD,Debit,Income Statement,Yes,TX14,Active,2020-01-01,
GL-000164,560164,Sales Expense 0164,Expense,Sales,CC-00164,GL-000013,USD,Debit,Income Statement,Yes,TX14,Active,2020-01-01,
GL-000165,570165,Administrative Expense 0165,Expense,Administration,CC-00165,GL-000014,USD,Debit,Income Statement,Yes,TX5,Active,2020-01-01,
GL-000166,100166,Cash 0166,Asset,Current Asset,CC-00166,GL-000015,USD,Debit,Balance Sheet,Yes,EXEMPT,Active,2020-01-01,
GL-000167,110167,Accounts Receivable 0167,Asset,Current Asset,CC-00167,GL-000001,USD,Debit,Balance Sheet,Yes,TX5,Active,2020-01-01,
GL-000168,120168,Inventory 0168,Asset,Current Asset,CC-00168,GL-000002,USD,Debit,Balance Sheet,Yes,TX5,Active,2020-01-01,
GL-000169,130169,Fixed Assets 0169,Asset,Non Current Asset,CC-00169,GL-000003,USD,Debit,Balance Sheet,Yes,TX5,Active,2020-01-01,
GL-000170,200170,Accounts Payable 0170,Liability,Current Liability,CC-00170,GL-000004,USD,Credit,Balance Sheet,Yes,TX5,Active,2020-01-01,
GL-000171,300171,Equity 0171,Equity,Equity,CC-00171,GL-000005,USD,Credit,Balance Sheet,Yes,EXEMPT,Active,2020-01-01,
GL-000172,400172,Sales Revenue 0172,Revenue,Operating Revenue,CC-00172,GL-000006,USD,Credit,Income Statement,Yes,TX5,Active,2020-01-01,
GL-000173,500173,Cost of Goods Sold 0173,Expense,COGS,CC-00173,GL-000007,USD,Debit,Income Statement,Yes,TX14,Active,2020-01-01,
GL-000174,510174,Production Cost 0174,Expense,Manufacturing,CC-00174,GL-000008,USD,Debit,Income Statement,Yes,EXEMPT,Active,2020-01-01,
GL-000175,520175,Maintenance Expense 0175,Expense,Maintenance,CC-00175,GL-000009,USD,Debit,Income Statement,Yes,EXEMPT,Active,2020-01-01,
GL-000176,530176,Utilities Expense 0176,Expense,Utilities,CC-00176,GL-000010,USD,Debit,Income Statement,Yes,TX0,Active,2020-01-01,
GL-000177,540177,Quality Expense 0177,Expense,Quality,CC-00177,GL-000011,USD,Debit,Income Statement,Yes,EXEMPT,Active,2020-01-01,
GL-000178,550178,Warehouse Expense 0178,Expense,Warehouse,CC-00178,GL-000012,USD,Debit,Income Statement,Yes,EXEMPT,Active,2020-01-01,
GL-000179,560179,Sales Expense 0179,Expense,Sales,CC-00179,GL-000013,USD,Debit,Income Statement,Yes,EXEMPT,Active,2020-01-01,
GL-000180,570180,Administrative Expense 0180,Expense,Administration,CC-00180,GL-000014,USD,Debit,Income Statement,Yes,TX5,Active,2020-01-01,
GL-000181,100181,Cash 0181,Asset,Current Asset,CC-00181,GL-000015,USD,Debit,Balance Sheet,Yes,TX0,Active,2020-01-01,
GL-000182,110182,Accounts Receivable 0182,Asset,Current Asset,CC-00182,GL-000001,USD,Debit,Balance Sheet,Yes,TX14,Active,2020-01-01,
GL-000183,120183,Inventory 0183,Asset,Current Asset,CC-00183,GL-000002,USD,Debit,Balance Sheet,Yes,TX0,Active,2020-01-01,
GL-000184,130184,Fixed Assets 0184,Asset,Non Current Asset,CC-00184,GL-000003,USD,Debit,Balance Sheet,Yes,EXEMPT,Active,2020-01-01,
GL-000185,200185,Accounts Payable 0185,Liability,Current Liability,CC-00185,GL-000004,USD,Credit,Balance Sheet,Yes,TX0,Active,2020-01-01,
GL-000186,300186,Equity 0186,Equity,Equity,CC-00186,GL-000005,USD,Credit,Balance Sheet,Yes,TX5,Active,2020-01-01,
GL-000187,400187,Sales Revenue 0187,Revenue,Operating Revenue,CC-00187,GL-000006,USD,Credit,Income Statement,Yes,TX14,Active,2020-01-01,
GL-000188,500188,Cost of Goods Sold 0188,Expense,COGS,CC-00188,GL-000007,USD,Debit,Income Statement,Yes,TX14,Active,2020-01-01,
GL-000189,510189,Production Cost 0189,Expense,Manufacturing,CC-00189,GL-000008,USD,Debit,Income Statement,Yes,TX0,Active,2020-01-01,
GL-000190,520190,Maintenance Expense 0190,Expense,Maintenance,CC-00190,GL-000009,USD,Debit,Income Statement,Yes,TX5,Active,2020-01-01,
GL-000191,530191,Utilities Expense 0191,Expense,Utilities,CC-00191,GL-000010,USD,Debit,Income Statement,Yes,TX14,Active,2020-01-01,
GL-000192,540192,Quality Expense 0192,Expense,Quality,CC-00192,GL-000011,USD,Debit,Income Statement,Yes,TX5,Active,2020-01-01,
GL-000193,550193,Warehouse Expense 0193,Expense,Warehouse,CC-00193,GL-000012,USD,Debit,Income Statement,Yes,TX0,Active,2020-01-01,
GL-000194,560194,Sales Expense 0194,Expense,Sales,CC-00194,GL-000013,USD,Debit,Income Statement,Yes,TX0,Active,2020-01-01,
GL-000195,570195,Administrative Expense 0195,Expense,Administration,CC-00195,GL-000014,USD,Debit,Income Statement,Yes,TX0,Active,2020-01-01,
GL-000196,100196,Cash 0196,Asset,Current Asset,CC-00196,GL-000015,USD,Debit,Balance Sheet,Yes,TX0,Active,2020-01-01,
GL-000197,110197,Accounts Receivable 0197,Asset,Current Asset,CC-00197,GL-000001,USD,Debit,Balance Sheet,Yes,TX5,Active,2020-01-01,
GL-000198,120198,Inventory 0198,Asset,Current Asset,CC-00198,GL-000002,USD,Debit,Balance Sheet,Yes,EXEMPT,Active,2020-01-01,
GL-000199,130199,Fixed Assets 0199,Asset,Non Current Asset,CC-00199,GL-000003,USD,Debit,Balance Sheet,Yes,TX5,Active,2020-01-01,
GL-000200,200200,Accounts Payable 0200,Liability,Current Liability,CC-00200,GL-000004,USD,Credit,Balance Sheet,Yes,TX14,Active,2020-01-01,
GL-000201,300201,Equity 0201,Equity,Equity,CC-00201,GL-000005,USD,Credit,Balance Sheet,Yes,EXEMPT,Active,2020-01-01,
GL-000202,400202,Sales Revenue 0202,Revenue,Operating Revenue,CC-00202,GL-000006,USD,Credit,Income Statement,Yes,TX14,Active,2020-01-01,
GL-000203,500203,Cost of Goods Sold 0203,Expense,COGS,CC-00203,GL-000007,USD,Debit,Income Statement,Yes,TX14,Active,2020-01-01,
GL-000204,510204,Production Cost 0204,Expense,Manufacturing,CC-00204,GL-000008,USD,Debit,Income Statement,Yes,TX14,Active,2020-01-01,
GL-000205,520205,Maintenance Expense 0205,Expense,Maintenance,CC-00205,GL-000009,USD,Debit,Income Statement,Yes,TX5,Active,2020-01-01,
GL-000206,530206,Utilities Expense 0206,Expense,Utilities,CC-00206,GL-000010,USD,Debit,Income Statement,Yes,TX0,Active,2020-01-01,
GL-000207,540207,Quality Expense 0207,Expense,Quality,CC-00207,GL-000011,USD,Debit,Income Statement,Yes,EXEMPT,Active,2020-01-01,
GL-000208,550208,Warehouse Expense 0208,Expense,Warehouse,CC-00208,GL-000012,USD,Debit,Income Statement,Yes,TX5,Active,2020-01-01,
GL-000209,560209,Sales Expense 0209,Expense,Sales,CC-00209,GL-000013,USD,Debit,Income Statement,Yes,TX0,Active,2020-01-01,
GL-000210,570210,Administrative Expense 0210,Expense,Administration,CC-00210,GL-000014,USD,Debit,Income Statement,Yes,TX5,Active,2020-01-01,
GL-000211,100211,Cash 0211,Asset,Current Asset,CC-00211,GL-000015,USD,Debit,Balance Sheet,Yes,TX14,Active,2020-01-01,
GL-000212,110212,Accounts Receivable 0212,Asset,Current Asset,CC-00212,GL-000001,USD,Debit,Balance Sheet,Yes,TX14,Active,2020-01-01,
GL-000213,120213,Inventory 0213,Asset,Current Asset,CC-00213,GL-000002,USD,Debit,Balance Sheet,Yes,TX5,Active,2020-01-01,
GL-000214,130214,Fixed Assets 0214,Asset,Non Current Asset,CC-00214,GL-000003,USD,Debit,Balance Sheet,Yes,TX5,Active,2020-01-01,
GL-000215,200215,Accounts Payable 0215,Liability,Current Liability,CC-00215,GL-000004,USD,Credit,Balance Sheet,Yes,TX0,Active,2020-01-01,
GL-000216,300216,Equity 0216,Equity,Equity,CC-00216,GL-000005,USD,Credit,Balance Sheet,Yes,TX5,Active,2020-01-01,
GL-000217,400217,Sales Revenue 0217,Revenue,Operating Revenue,CC-00217,GL-000006,USD,Credit,Income Statement,Yes,TX0,Active,2020-01-01,
GL-000218,500218,Cost of Goods Sold 0218,Expense,COGS,CC-00218,GL-000007,USD,Debit,Income Statement,Yes,TX14,Active,2020-01-01,
GL-000219,510219,Production Cost 0219,Expense,Manufacturing,CC-00219,GL-000008,USD,Debit,Income Statement,Yes,EXEMPT,Active,2020-01-01,
GL-000220,520220,Maintenance Expense 0220,Expense,Maintenance,CC-00220,GL-000009,USD,Debit,Income Statement,Yes,EXEMPT,Active,2020-01-01,
GL-000221,530221,Utilities Expense 0221,Expense,Utilities,CC-00221,GL-000010,USD,Debit,Income Statement,Yes,EXEMPT,Active,2020-01-01,
GL-000222,540222,Quality Expense 0222,Expense,Quality,CC-00222,GL-000011,USD,Debit,Income Statement,Yes,TX14,Active,2020-01-01,
GL-000223,550223,Warehouse Expense 0223,Expense,Warehouse,CC-00223,GL-000012,USD,Debit,Income Statement,Yes,TX0,Active,2020-01-01,
GL-000224,560224,Sales Expense 0224,Expense,Sales,CC-00224,GL-000013,USD,Debit,Income Statement,Yes,EXEMPT,Active,2020-01-01,
GL-000225,570225,Administrative Expense 0225,Expense,Administration,CC-00225,GL-000014,USD,Debit,Income Statement,Yes,TX0,Active,2020-01-01,
GL-000226,100226,Cash 0226,Asset,Current Asset,CC-00226,GL-000015,USD,Debit,Balance Sheet,Yes,TX14,Active,2020-01-01,
GL-000227,110227,Accounts Receivable 0227,Asset,Current Asset,CC-00227,GL-000001,USD,Debit,Balance Sheet,Yes,TX0,Active,2020-01-01,
GL-000228,120228,Inventory 0228,Asset,Current Asset,CC-00228,GL-000002,USD,Debit,Balance Sheet,Yes,EXEMPT,Active,2020-01-01,
GL-000229,130229,Fixed Assets 0229,Asset,Non Current Asset,CC-00229,GL-000003,USD,Debit,Balance Sheet,Yes,TX5,Active,2020-01-01,
GL-000230,200230,Accounts Payable 0230,Liability,Current Liability,CC-00230,GL-000004,USD,Credit,Balance Sheet,Yes,TX0,Active,2020-01-01,
GL-000231,300231,Equity 0231,Equity,Equity,CC-00231,GL-000005,USD,Credit,Balance Sheet,Yes,EXEMPT,Active,2020-01-01,
GL-000232,400232,Sales Revenue 0232,Revenue,Operating Revenue,CC-00232,GL-000006,USD,Credit,Income Statement,Yes,TX14,Active,2020-01-01,
GL-000233,500233,Cost of Goods Sold 0233,Expense,COGS,CC-00233,GL-000007,USD,Debit,Income Statement,Yes,TX0,Active,2020-01-01,
GL-000234,510234,Production Cost 0234,Expense,Manufacturing,CC-00234,GL-000008,USD,Debit,Income Statement,Yes,TX0,Active,2020-01-01,
GL-000235,520235,Maintenance Expense 0235,Expense,Maintenance,CC-00235,GL-000009,USD,Debit,Income Statement,Yes,TX0,Active,2020-01-01,
GL-000236,530236,Utilities Expense 0236,Expense,Utilities,CC-00236,GL-000010,USD,Debit,Income Statement,Yes,EXEMPT,Active,2020-01-01,
GL-000237,540237,Quality Expense 0237,Expense,Quality,CC-00237,GL-000011,USD,Debit,Income Statement,Yes,TX0,Active,2020-01-01,
GL-000238,550238,Warehouse Expense 0238,Expense,Warehouse,CC-00238,GL-000012,USD,Debit,Income Statement,Yes,TX0,Active,2020-01-01,
GL-000239,560239,Sales Expense 0239,Expense,Sales,CC-00239,GL-000013,USD,Debit,Income Statement,Yes,EXEMPT,Active,2020-01-01,
GL-000240,570240,Administrative Expense 0240,Expense,Administration,CC-00240,GL-000014,USD,Debit,Income Statement,Yes,EXEMPT,Active,2020-01-01,
GL-000241,100241,Cash 0241,Asset,Current Asset,CC-00241,GL-000015,USD,Debit,Balance Sheet,Yes,TX0,Active,2020-01-01,
GL-000242,110242,Accounts Receivable 0242,Asset,Current Asset,CC-00242,GL-000001,USD,Debit,Balance Sheet,Yes,TX14,Active,2020-01-01,
GL-000243,120243,Inventory 0243,Asset,Current Asset,CC-00243,GL-000002,USD,Debit,Balance Sheet,Yes,TX0,Active,2020-01-01,
GL-000244,130244,Fixed Assets 0244,Asset,Non Current Asset,CC-00244,GL-000003,USD,Debit,Balance Sheet,Yes,TX14,Active,2020-01-01,
GL-000245,200245,Accounts Payable 0245,Liability,Current Liability,CC-00245,GL-000004,USD,Credit,Balance Sheet,Yes,TX14,Active,2020-01-01,
GL-000246,300246,Equity 0246,Equity,Equity,CC-00246,GL-000005,USD,Credit,Balance Sheet,Yes,TX0,Active,2020-01-01,
GL-000247,400247,Sales Revenue 0247,Revenue,Operating Revenue,CC-00247,GL-000006,USD,Credit,Income Statement,Yes,TX14,Active,2020-01-01,
GL-000248,500248,Cost of Goods Sold 0248,Expense,COGS,CC-00248,GL-000007,USD,Debit,Income Statement,Yes,EXEMPT,Active,2020-01-01,
GL-000249,510249,Production Cost 0249,Expense,Manufacturing,CC-00249,GL-000008,USD,Debit,Income Statement,Yes,EXEMPT,Active,2020-01-01,
GL-000250,520250,Maintenance Expense 0250,Expense,Maintenance,CC-00250,GL-000009,USD,Debit,Income Statement,Yes,EXEMPT,Active,2020-01-01,
GL-000251,530251,Utilities Expense 0251,Expense,Utilities,CC-00251,GL-000010,USD,Debit,Income Statement,Yes,TX14,Active,2020-01-01,
GL-000252,540252,Quality Expense 0252,Expense,Quality,CC-00252,GL-000011,USD,Debit,Income Statement,Yes,EXEMPT,Active,2020-01-01,
GL-000253,550253,Warehouse Expense 0253,Expense,Warehouse,CC-00253,GL-000012,USD,Debit,Income Statement,Yes,TX0,Active,2020-01-01,
GL-000254,560254,Sales Expense 0254,Expense,Sales,CC-00254,GL-000013,USD,Debit,Income Statement,Yes,TX14,Active,2020-01-01,
GL-000255,570255,Administrative Expense 0255,Expense,Administration,CC-00255,GL-000014,USD,Debit,Income Statement,Yes,EXEMPT,Active,2020-01-01,
GL-000256,100256,Cash 0256,Asset,Current Asset,CC-00256,GL-000015,USD,Debit,Balance Sheet,Yes,TX5,Active,2020-01-01,
GL-000257,110257,Accounts Receivable 0257,Asset,Current Asset,CC-00257,GL-000001,USD,Debit,Balance Sheet,Yes,TX14,Active,2020-01-01,
GL-000258,120258,Inventory 0258,Asset,Current Asset,CC-00258,GL-000002,USD,Debit,Balance Sheet,Yes,EXEMPT,Active,2020-01-01,
GL-000259,130259,Fixed Assets 0259,Asset,Non Current Asset,CC-00259,GL-000003,USD,Debit,Balance Sheet,Yes,TX5,Active,2020-01-01,
GL-000260,200260,Accounts Payable 0260,Liability,Current Liability,CC-00260,GL-000004,USD,Credit,Balance Sheet,Yes,TX14,Active,2020-01-01,
GL-000261,300261,Equity 0261,Equity,Equity,CC-00261,GL-000005,USD,Credit,Balance Sheet,Yes,TX5,Active,2020-01-01,
GL-000262,400262,Sales Revenue 0262,Revenue,Operating Revenue,CC-00262,GL-000006,USD,Credit,Income Statement,Yes,EXEMPT,Active,2020-01-01,
GL-000263,500263,Cost of Goods Sold 0263,Expense,COGS,CC-00263,GL-000007,USD,Debit,Income Statement,Yes,EXEMPT,Active,2020-01-01,
GL-000264,510264,Production Cost 0264,Expense,Manufacturing,CC-00264,GL-000008,USD,Debit,Income Statement,Yes,EXEMPT,Active,2020-01-01,
GL-000265,520265,Maintenance Expense 0265,Expense,Maintenance,CC-00265,GL-000009,USD,Debit,Income Statement,Yes,TX5,Active,2020-01-01,
GL-000266,530266,Utilities Expense 0266,Expense,Utilities,CC-00266,GL-000010,USD,Debit,Income Statement,Yes,EXEMPT,Active,2020-01-01,
GL-000267,540267,Quality Expense 0267,Expense,Quality,CC-00267,GL-000011,USD,Debit,Income Statement,Yes,TX0,Active,2020-01-01,
GL-000268,550268,Warehouse Expense 0268,Expense,Warehouse,CC-00268,GL-000012,USD,Debit,Income Statement,Yes,TX14,Active,2020-01-01,
GL-000269,560269,Sales Expense 0269,Expense,Sales,CC-00269,GL-000013,USD,Debit,Income Statement,Yes,TX14,Active,2020-01-01,
GL-000270,570270,Administrative Expense 0270,Expense,Administration,CC-00270,GL-000014,USD,Debit,Income Statement,Yes,EXEMPT,Active,2020-01-01,
GL-000271,100271,Cash 0271,Asset,Current Asset,CC-00271,GL-000015,USD,Debit,Balance Sheet,Yes,EXEMPT,Active,2020-01-01,
GL-000272,110272,Accounts Receivable 0272,Asset,Current Asset,CC-00272,GL-000001,USD,Debit,Balance Sheet,Yes,TX0,Active,2020-01-01,
GL-000273,120273,Inventory 0273,Asset,Current Asset,CC-00273,GL-000002,USD,Debit,Balance Sheet,Yes,TX5,Active,2020-01-01,
GL-000274,130274,Fixed Assets 0274,Asset,Non Current Asset,CC-00274,GL-000003,USD,Debit,Balance Sheet,Yes,TX0,Active,2020-01-01,
GL-000275,200275,Accounts Payable 0275,Liability,Current Liability,CC-00275,GL-000004,USD,Credit,Balance Sheet,Yes,EXEMPT,Active,2020-01-01,
GL-000276,300276,Equity 0276,Equity,Equity,CC-00276,GL-000005,USD,Credit,Balance Sheet,Yes,TX14,Active,2020-01-01,
GL-000277,400277,Sales Revenue 0277,Revenue,Operating Revenue,CC-00277,GL-000006,USD,Credit,Income Statement,Yes,EXEMPT,Active,2020-01-01,
GL-000278,500278,Cost of Goods Sold 0278,Expense,COGS,CC-00278,GL-000007,USD,Debit,Income Statement,Yes,TX14,Active,2020-01-01,
GL-000279,510279,Production Cost 0279,Expense,Manufacturing,CC-00279,GL-000008,USD,Debit,Income Statement,Yes,TX5,Active,2020-01-01,
GL-000280,520280,Maintenance Expense 0280,Expense,Maintenance,CC-00280,GL-000009,USD,Debit,Income Statement,Yes,TX14,Active,2020-01-01,
GL-000281,530281,Utilities Expense 0281,Expense,Utilities,CC-00281,GL-000010,USD,Debit,Income Statement,Yes,TX14,Active,2020-01-01,
GL-000282,540282,Quality Expense 0282,Expense,Quality,CC-00282,GL-000011,USD,Debit,Income Statement,Yes,TX14,Active,2020-01-01,
GL-000283,550283,Warehouse Expense 0283,Expense,Warehouse,CC-00283,GL-000012,USD,Debit,Income Statement,Yes,TX14,Active,2020-01-01,
GL-000284,560284,Sales Expense 0284,Expense,Sales,CC-00284,GL-000013,USD,Debit,Income Statement,Yes,EXEMPT,Active,2020-01-01,
GL-000285,570285,Administrative Expense 0285,Expense,Administration,CC-00285,GL-000014,USD,Debit,Income Statement,Yes,TX14,Active,2020-01-01,
GL-000286,100286,Cash 0286,Asset,Current Asset,CC-00286,GL-000015,USD,Debit,Balance Sheet,Yes,TX14,Active,2020-01-01,
GL-000287,110287,Accounts Receivable 0287,Asset,Current Asset,CC-00287,GL-000001,USD,Debit,Balance Sheet,Yes,TX14,Active,2020-01-01,
GL-000288,120288,Inventory 0288,Asset,Current Asset,CC-00288,GL-000002,USD,Debit,Balance Sheet,Yes,TX14,Active,2020-01-01,
GL-000289,130289,Fixed Assets 0289,Asset,Non Current Asset,CC-00289,GL-000003,USD,Debit,Balance Sheet,Yes,EXEMPT,Active,2020-01-01,
GL-000290,200290,Accounts Payable 0290,Liability,Current Liability,CC-00290,GL-000004,USD,Credit,Balance Sheet,Yes,TX0,Active,2020-01-01,
GL-000291,300291,Equity 0291,Equity,Equity,CC-00291,GL-000005,USD,Credit,Balance Sheet,Yes,TX14,Active,2020-01-01,
GL-000292,400292,Sales Revenue 0292,Revenue,Operating Revenue,CC-00292,GL-000006,USD,Credit,Income Statement,Yes,TX5,Active,2020-01-01,
GL-000293,500293,Cost of Goods Sold 0293,Expense,COGS,CC-00293,GL-000007,USD,Debit,Income Statement,Yes,TX14,Active,2020-01-01,
GL-000294,510294,Production Cost 0294,Expense,Manufacturing,CC-00294,GL-000008,USD,Debit,Income Statement,Yes,TX0,Active,2020-01-01,
GL-000295,520295,Maintenance Expense 0295,Expense,Maintenance,CC-00295,GL-000009,USD,Debit,Income Statement,Yes,TX0,Active,2020-01-01,
GL-000296,530296,Utilities Expense 0296,Expense,Utilities,CC-00296,GL-000010,USD,Debit,Income Statement,Yes,TX14,Active,2020-01-01,
GL-000297,540297,Quality Expense 0297,Expense,Quality,CC-00297,GL-000011,USD,Debit,Income Statement,Yes,EXEMPT,Active,2020-01-01,
GL-000298,550298,Warehouse Expense 0298,Expense,Warehouse,CC-00298,GL-000012,USD,Debit,Income Statement,Yes,TX14,Active,2020-01-01,
GL-000299,560299,Sales Expense 0299,Expense,Sales,CC-00299,GL-000013,USD,Debit,Income Statement,Yes,TX0,Active,2020-01-01,
GL-000300,570300,Administrative Expense 0300,Expense,Administration,CC-00300,GL-000014,USD,Debit,Income Statement,Yes,TX14,Active,2020-01-01,
GL-000301,100301,Cash 0301,Asset,Current Asset,CC-00301,GL-000015,USD,Debit,Balance Sheet,Yes,TX14,Active,2020-01-01,
GL-000302,110302,Accounts Receivable 0302,Asset,Current Asset,CC-00302,GL-000001,USD,Debit,Balance Sheet,Yes,EXEMPT,Active,2020-01-01,
GL-000303,120303,Inventory 0303,Asset,Current Asset,CC-00303,GL-000002,USD,Debit,Balance Sheet,Yes,TX14,Active,2020-01-01,
GL-000304,130304,Fixed Assets 0304,Asset,Non Current Asset,CC-00304,GL-000003,USD,Debit,Balance Sheet,Yes,TX5,Active,2020-01-01,
GL-000305,200305,Accounts Payable 0305,Liability,Current Liability,CC-00305,GL-000004,USD,Credit,Balance Sheet,Yes,EXEMPT,Active,2020-01-01,
GL-000306,300306,Equity 0306,Equity,Equity,CC-00306,GL-000005,USD,Credit,Balance Sheet,Yes,EXEMPT,Active,2020-01-01,
GL-000307,400307,Sales Revenue 0307,Revenue,Operating Revenue,CC-00307,GL-000006,USD,Credit,Income Statement,Yes,EXEMPT,Active,2020-01-01,
GL-000308,500308,Cost of Goods Sold 0308,Expense,COGS,CC-00308,GL-000007,USD,Debit,Income Statement,Yes,TX5,Active,2020-01-01,
GL-000309,510309,Production Cost 0309,Expense,Manufacturing,CC-00309,GL-000008,USD,Debit,Income Statement,Yes,TX14,Active,2020-01-01,
GL-000310,520310,Maintenance Expense 0310,Expense,Maintenance,CC-00310,GL-000009,USD,Debit,Income Statement,Yes,TX14,Active,2020-01-01,
GL-000311,530311,Utilities Expense 0311,Expense,Utilities,CC-00311,GL-000010,USD,Debit,Income Statement,Yes,TX0,Active,2020-01-01,
GL-000312,540312,Quality Expense 0312,Expense,Quality,CC-00312,GL-000011,USD,Debit,Income Statement,Yes,TX5,Active,2020-01-01,
GL-000313,550313,Warehouse Expense 0313,Expense,Warehouse,CC-00313,GL-000012,USD,Debit,Income Statement,Yes,EXEMPT,Active,2020-01-01,
GL-000314,560314,Sales Expense 0314,Expense,Sales,CC-00314,GL-000013,USD,Debit,Income Statement,Yes,TX0,Active,2020-01-01,
GL-000315,570315,Administrative Expense 0315,Expense,Administration,CC-00315,GL-000014,USD,Debit,Income Statement,Yes,EXEMPT,Active,2020-01-01,
GL-000316,100316,Cash 0316,Asset,Current Asset,CC-00316,GL-000015,USD,Debit,Balance Sheet,Yes,TX14,Active,2020-01-01,
GL-000317,110317,Accounts Receivable 0317,Asset,Current Asset,CC-00317,GL-000001,USD,Debit,Balance Sheet,Yes,TX0,Active,2020-01-01,
GL-000318,120318,Inventory 0318,Asset,Current Asset,CC-00318,GL-000002,USD,Debit,Balance Sheet,Yes,TX14,Active,2020-01-01,
GL-000319,130319,Fixed Assets 0319,Asset,Non Current Asset,CC-00319,GL-000003,USD,Debit,Balance Sheet,Yes,TX0,Active,2020-01-01,
GL-000320,200320,Accounts Payable 0320,Liability,Current Liability,CC-00320,GL-000004,USD,Credit,Balance Sheet,Yes,TX0,Active,2020-01-01,
GL-000321,300321,Equity 0321,Equity,Equity,CC-00321,GL-000005,USD,Credit,Balance Sheet,Yes,TX0,Active,2020-01-01,
GL-000322,400322,Sales Revenue 0322,Revenue,Operating Revenue,CC-00322,GL-000006,USD,Credit,Income Statement,Yes,TX14,Active,2020-01-01,
GL-000323,500323,Cost of Goods Sold 0323,Expense,COGS,CC-00323,GL-000007,USD,Debit,Income Statement,Yes,TX14,Active,2020-01-01,
GL-000324,510324,Production Cost 0324,Expense,Manufacturing,CC-00324,GL-000008,USD,Debit,Income Statement,Yes,TX5,Active,2020-01-01,
GL-000325,520325,Maintenance Expense 0325,Expense,Maintenance,CC-00325,GL-000009,USD,Debit,Income Statement,Yes,TX14,Active,2020-01-01,
GL-000326,530326,Utilities Expense 0326,Expense,Utilities,CC-00326,GL-000010,USD,Debit,Income Statement,Yes,EXEMPT,Active,2020-01-01,
GL-000327,540327,Quality Expense 0327,Expense,Quality,CC-00327,GL-000011,USD,Debit,Income Statement,Yes,EXEMPT,Active,2020-01-01,
GL-000328,550328,Warehouse Expense 0328,Expense,Warehouse,CC-00328,GL-000012,USD,Debit,Income Statement,Yes,TX14,Active,2020-01-01,
GL-000329,560329,Sales Expense 0329,Expense,Sales,CC-00329,GL-000013,USD,Debit,Income Statement,Yes,TX5,Active,2020-01-01,
GL-000330,570330,Administrative Expense 0330,Expense,Administration,CC-00330,GL-000014,USD,Debit,Income Statement,Yes,TX0,Active,2020-01-01,
GL-000331,100331,Cash 0331,Asset,Current Asset,CC-00331,GL-000015,USD,Debit,Balance Sheet,Yes,EXEMPT,Active,2020-01-01,
GL-000332,110332,Accounts Receivable 0332,Asset,Current Asset,CC-00332,GL-000001,USD,Debit,Balance Sheet,Yes,TX5,Active,2020-01-01,
GL-000333,120333,Inventory 0333,Asset,Current Asset,CC-00333,GL-000002,USD,Debit,Balance Sheet,Yes,EXEMPT,Active,2020-01-01,
GL-000334,130334,Fixed Assets 0334,Asset,Non Current Asset,CC-00334,GL-000003,USD,Debit,Balance Sheet,Yes,TX14,Active,2020-01-01,
GL-000335,200335,Accounts Payable 0335,Liability,Current Liability,CC-00335,GL-000004,USD,Credit,Balance Sheet,Yes,EXEMPT,Active,2020-01-01,
GL-000336,300336,Equity 0336,Equity,Equity,CC-00336,GL-000005,USD,Credit,Balance Sheet,Yes,EXEMPT,Active,2020-01-01,
GL-000337,400337,Sales Revenue 0337,Revenue,Operating Revenue,CC-00337,GL-000006,USD,Credit,Income Statement,Yes,TX5,Active,2020-01-01,
GL-000338,500338,Cost of Goods Sold 0338,Expense,COGS,CC-00338,GL-000007,USD,Debit,Income Statement,Yes,TX5,Active,2020-01-01,
GL-000339,510339,Production Cost 0339,Expense,Manufacturing,CC-00339,GL-000008,USD,Debit,Income Statement,Yes,TX0,Active,2020-01-01,
GL-000340,520340,Maintenance Expense 0340,Expense,Maintenance,CC-00340,GL-000009,USD,Debit,Income Statement,Yes,TX0,Active,2020-01-01,
GL-000341,530341,Utilities Expense 0341,Expense,Utilities,CC-00341,GL-000010,USD,Debit,Income Statement,Yes,EXEMPT,Active,2020-01-01,
GL-000342,540342,Quality Expense 0342,Expense,Quality,CC-00342,GL-000011,USD,Debit,Income Statement,Yes,TX0,Active,2020-01-01,
GL-000343,550343,Warehouse Expense 0343,Expense,Warehouse,CC-00343,GL-000012,USD,Debit,Income Statement,Yes,EXEMPT,Active,2020-01-01,
GL-000344,560344,Sales Expense 0344,Expense,Sales,CC-00344,GL-000013,USD,Debit,Income Statement,Yes,TX5,Active,2020-01-01,
GL-000345,570345,Administrative Expense 0345,Expense,Administration,CC-00345,GL-000014,USD,Debit,Income Statement,Yes,TX0,Active,2020-01-01,
GL-000346,100346,Cash 0346,Asset,Current Asset,CC-00346,GL-000015,USD,Debit,Balance Sheet,Yes,TX5,Active,2020-01-01,
GL-000347,110347,Accounts Receivable 0347,Asset,Current Asset,CC-00347,GL-000001,USD,Debit,Balance Sheet,Yes,TX5,Active,2020-01-01,
GL-000348,120348,Inventory 0348,Asset,Current Asset,CC-00348,GL-000002,USD,Debit,Balance Sheet,Yes,EXEMPT,Active,2020-01-01,
GL-000349,130349,Fixed Assets 0349,Asset,Non Current Asset,CC-00349,GL-000003,USD,Debit,Balance Sheet,Yes,EXEMPT,Active,2020-01-01,
GL-000350,200350,Accounts Payable 0350,Liability,Current Liability,CC-00350,GL-000004,USD,Credit,Balance Sheet,Yes,TX5,Active,2020-01-01,
GL-000351,300351,Equity 0351,Equity,Equity,CC-00351,GL-000005,USD,Credit,Balance Sheet,Yes,TX14,Active,2020-01-01,
GL-000352,400352,Sales Revenue 0352,Revenue,Operating Revenue,CC-00352,GL-000006,USD,Credit,Income Statement,Yes,EXEMPT,Active,2020-01-01,
GL-000353,500353,Cost of Goods Sold 0353,Expense,COGS,CC-00353,GL-000007,USD,Debit,Income Statement,Yes,TX5,Active,2020-01-01,
GL-000354,510354,Production Cost 0354,Expense,Manufacturing,CC-00354,GL-000008,USD,Debit,Income Statement,Yes,EXEMPT,Active,2020-01-01,
GL-000355,520355,Maintenance Expense 0355,Expense,Maintenance,CC-00355,GL-000009,USD,Debit,Income Statement,Yes,TX5,Active,2020-01-01,
GL-000356,530356,Utilities Expense 0356,Expense,Utilities,CC-00356,GL-000010,USD,Debit,Income Statement,Yes,TX5,Active,2020-01-01,
GL-000357,540357,Quality Expense 0357,Expense,Quality,CC-00357,GL-000011,USD,Debit,Income Statement,Yes,TX0,Active,2020-01-01,
GL-000358,550358,Warehouse Expense 0358,Expense,Warehouse,CC-00358,GL-000012,USD,Debit,Income Statement,Yes,TX14,Active,2020-01-01,
GL-000359,560359,Sales Expense 0359,Expense,Sales,CC-00359,GL-000013,USD,Debit,Income Statement,Yes,TX5,Active,2020-01-01,
GL-000360,570360,Administrative Expense 0360,Expense,Administration,CC-00360,GL-000014,USD,Debit,Income Statement,Yes,EXEMPT,Active,2020-01-01,
GL-000361,100361,Cash 0361,Asset,Current Asset,CC-00361,GL-000015,USD,Debit,Balance Sheet,Yes,TX5,Active,2020-01-01,
GL-000362,110362,Accounts Receivable 0362,Asset,Current Asset,CC-00362,GL-000001,USD,Debit,Balance Sheet,Yes,TX5,Active,2020-01-01,
GL-000363,120363,Inventory 0363,Asset,Current Asset,CC-00363,GL-000002,USD,Debit,Balance Sheet,Yes,EXEMPT,Active,2020-01-01,
GL-000364,130364,Fixed Assets 0364,Asset,Non Current Asset,CC-00364,GL-000003,USD,Debit,Balance Sheet,Yes,TX0,Active,2020-01-01,
GL-000365,200365,Accounts Payable 0365,Liability,Current Liability,CC-00365,GL-000004,USD,Credit,Balance Sheet,Yes,TX0,Active,2020-01-01,
GL-000366,300366,Equity 0366,Equity,Equity,CC-00366,GL-000005,USD,Credit,Balance Sheet,Yes,TX14,Active,2020-01-01,
GL-000367,400367,Sales Revenue 0367,Revenue,Operating Revenue,CC-00367,GL-000006,USD,Credit,Income Statement,Yes,TX14,Active,2020-01-01,
GL-000368,500368,Cost of Goods Sold 0368,Expense,COGS,CC-00368,GL-000007,USD,Debit,Income Statement,Yes,TX5,Active,2020-01-01,
GL-000369,510369,Production Cost 0369,Expense,Manufacturing,CC-00369,GL-000008,USD,Debit,Income Statement,Yes,TX0,Active,2020-01-01,
GL-000370,520370,Maintenance Expense 0370,Expense,Maintenance,CC-00370,GL-000009,USD,Debit,Income Statement,Yes,TX14,Active,2020-01-01,
GL-000371,530371,Utilities Expense 0371,Expense,Utilities,CC-00371,GL-000010,USD,Debit,Income Statement,Yes,TX5,Active,2020-01-01,
GL-000372,540372,Quality Expense 0372,Expense,Quality,CC-00372,GL-000011,USD,Debit,Income Statement,Yes,TX5,Active,2020-01-01,
GL-000373,550373,Warehouse Expense 0373,Expense,Warehouse,CC-00373,GL-000012,USD,Debit,Income Statement,Yes,TX5,Active,2020-01-01,
GL-000374,560374,Sales Expense 0374,Expense,Sales,CC-00374,GL-000013,USD,Debit,Income Statement,Yes,TX5,Active,2020-01-01,
GL-000375,570375,Administrative Expense 0375,Expense,Administration,CC-00375,GL-000014,USD,Debit,Income Statement,Yes,EXEMPT,Active,2020-01-01,
GL-000376,100376,Cash 0376,Asset,Current Asset,CC-00376,GL-000015,USD,Debit,Balance Sheet,Yes,TX5,Active,2020-01-01,
GL-000377,110377,Accounts Receivable 0377,Asset,Current Asset,CC-00377,GL-000001,USD,Debit,Balance Sheet,Yes,EXEMPT,Active,2020-01-01,
GL-000378,120378,Inventory 0378,Asset,Current Asset,CC-00378,GL-000002,USD,Debit,Balance Sheet,Yes,TX0,Active,2020-01-01,
GL-000379,130379,Fixed Assets 0379,Asset,Non Current Asset,CC-00379,GL-000003,USD,Debit,Balance Sheet,Yes,TX14,Active,2020-01-01,
GL-000380,200380,Accounts Payable 0380,Liability,Current Liability,CC-00380,GL-000004,USD,Credit,Balance Sheet,Yes,TX5,Active,2020-01-01,
GL-000381,300381,Equity 0381,Equity,Equity,CC-00381,GL-000005,USD,Credit,Balance Sheet,Yes,TX5,Active,2020-01-01,
GL-000382,400382,Sales Revenue 0382,Revenue,Operating Revenue,CC-00382,GL-000006,USD,Credit,Income Statement,Yes,TX5,Active,2020-01-01,
GL-000383,500383,Cost of Goods Sold 0383,Expense,COGS,CC-00383,GL-000007,USD,Debit,Income Statement,Yes,TX14,Active,2020-01-01,
GL-000384,510384,Production Cost 0384,Expense,Manufacturing,CC-00384,GL-000008,USD,Debit,Income Statement,Yes,EXEMPT,Active,2020-01-01,
GL-000385,520385,Maintenance Expense 0385,Expense,Maintenance,CC-00385,GL-000009,USD,Debit,Income Statement,Yes,EXEMPT,Active,2020-01-01,
GL-000386,530386,Utilities Expense 0386,Expense,Utilities,CC-00386,GL-000010,USD,Debit,Income Statement,Yes,TX0,Active,2020-01-01,
GL-000387,540387,Quality Expense 0387,Expense,Quality,CC-00387,GL-000011,USD,Debit,Income Statement,Yes,EXEMPT,Active,2020-01-01,
GL-000388,550388,Warehouse Expense 0388,Expense,Warehouse,CC-00388,GL-000012,USD,Debit,Income Statement,Yes,TX5,Active,2020-01-01,
GL-000389,560389,Sales Expense 0389,Expense,Sales,CC-00389,GL-000013,USD,Debit,Income Statement,Yes,TX0,Active,2020-01-01,
GL-000390,570390,Administrative Expense 0390,Expense,Administration,CC-00390,GL-000014,USD,Debit,Income Statement,Yes,TX5,Active,2020-01-01,
GL-000391,100391,Cash 0391,Asset,Current Asset,CC-00391,GL-000015,USD,Debit,Balance Sheet,Yes,TX5,Active,2020-01-01,
GL-000392,110392,Accounts Receivable 0392,Asset,Current Asset,CC-00392,GL-000001,USD,Debit,Balance Sheet,Yes,TX0,Active,2020-01-01,
GL-000393,120393,Inventory 0393,Asset,Current Asset,CC-00393,GL-000002,USD,Debit,Balance Sheet,Yes,TX14,Active,2020-01-01,
GL-000394,130394,Fixed Assets 0394,Asset,Non Current Asset,CC-00394,GL-000003,USD,Debit,Balance Sheet,Yes,EXEMPT,Active,2020-01-01,
GL-000395,200395,Accounts Payable 0395,Liability,Current Liability,CC-00395,GL-000004,USD,Credit,Balance Sheet,Yes,TX5,Active,2020-01-01,
GL-000396,300396,Equity 0396,Equity,Equity,CC-00396,GL-000005,USD,Credit,Balance Sheet,Yes,TX5,Active,2020-01-01,
GL-000397,400397,Sales Revenue 0397,Revenue,Operating Revenue,CC-00397,GL-000006,USD,Credit,Income Statement,Yes,TX0,Active,2020-01-01,
GL-000398,500398,Cost of Goods Sold 0398,Expense,COGS,CC-00398,GL-000007,USD,Debit,Income Statement,Yes,TX5,Active,2020-01-01,
GL-000399,510399,Production Cost 0399,Expense,Manufacturing,CC-00399,GL-000008,USD,Debit,Income Statement,Yes,TX0,Active,2020-01-01,
GL-000400,520400,Maintenance Expense 0400,Expense,Maintenance,CC-00400,GL-000009,USD,Debit,Income Statement,Yes,TX0,Active,2020-01-01,
GL-000401,530401,Utilities Expense 0401,Expense,Utilities,CC-00401,GL-000010,USD,Debit,Income Statement,Yes,TX0,Active,2020-01-01,
GL-000402,540402,Quality Expense 0402,Expense,Quality,CC-00402,GL-000011,USD,Debit,Income Statement,Yes,TX14,Active,2020-01-01,
GL-000403,550403,Warehouse Expense 0403,Expense,Warehouse,CC-00403,GL-000012,USD,Debit,Income Statement,Yes,TX0,Active,2020-01-01,
GL-000404,560404,Sales Expense 0404,Expense,Sales,CC-00404,GL-000013,USD,Debit,Income Statement,Yes,TX14,Active,2020-01-01,
GL-000405,570405,Administrative Expense 0405,Expense,Administration,CC-00405,GL-000014,USD,Debit,Income Statement,Yes,TX5,Active,2020-01-01,
GL-000406,100406,Cash 0406,Asset,Current Asset,CC-00406,GL-000015,USD,Debit,Balance Sheet,Yes,TX5,Active,2020-01-01,
GL-000407,110407,Accounts Receivable 0407,Asset,Current Asset,CC-00407,GL-000001,USD,Debit,Balance Sheet,Yes,TX0,Active,2020-01-01,
GL-000408,120408,Inventory 0408,Asset,Current Asset,CC-00408,GL-000002,USD,Debit,Balance Sheet,Yes,TX0,Active,2020-01-01,
GL-000409,130409,Fixed Assets 0409,Asset,Non Current Asset,CC-00409,GL-000003,USD,Debit,Balance Sheet,Yes,TX14,Active,2020-01-01,
GL-000410,200410,Accounts Payable 0410,Liability,Current Liability,CC-00410,GL-000004,USD,Credit,Balance Sheet,Yes,TX0,Active,2020-01-01,
GL-000411,300411,Equity 0411,Equity,Equity,CC-00411,GL-000005,USD,Credit,Balance Sheet,Yes,TX0,Active,2020-01-01,
GL-000412,400412,Sales Revenue 0412,Revenue,Operating Revenue,CC-00412,GL-000006,USD,Credit,Income Statement,Yes,TX14,Active,2020-01-01,
GL-000413,500413,Cost of Goods Sold 0413,Expense,COGS,CC-00413,GL-000007,USD,Debit,Income Statement,Yes,TX14,Active,2020-01-01,
GL-000414,510414,Production Cost 0414,Expense,Manufacturing,CC-00414,GL-000008,USD,Debit,Income Statement,Yes,TX0,Active,2020-01-01,
GL-000415,520415,Maintenance Expense 0415,Expense,Maintenance,CC-00415,GL-000009,USD,Debit,Income Statement,Yes,EXEMPT,Active,2020-01-01,
GL-000416,530416,Utilities Expense 0416,Expense,Utilities,CC-00416,GL-000010,USD,Debit,Income Statement,Yes,TX14,Active,2020-01-01,
GL-000417,540417,Quality Expense 0417,Expense,Quality,CC-00417,GL-000011,USD,Debit,Income Statement,Yes,EXEMPT,Active,2020-01-01,
GL-000418,550418,Warehouse Expense 0418,Expense,Warehouse,CC-00418,GL-000012,USD,Debit,Income Statement,Yes,TX5,Active,2020-01-01,
GL-000419,560419,Sales Expense 0419,Expense,Sales,CC-00419,GL-000013,USD,Debit,Income Statement,Yes,TX5,Active,2020-01-01,
GL-000420,570420,Administrative Expense 0420,Expense,Administration,CC-00420,GL-000014,USD,Debit,Income Statement,Yes,EXEMPT,Active,2020-01-01,
GL-000421,100421,Cash 0421,Asset,Current Asset,CC-00421,GL-000015,USD,Debit,Balance Sheet,Yes,TX5,Active,2020-01-01,
GL-000422,110422,Accounts Receivable 0422,Asset,Current Asset,CC-00422,GL-000001,USD,Debit,Balance Sheet,Yes,TX5,Active,2020-01-01,
GL-000423,120423,Inventory 0423,Asset,Current Asset,CC-00423,GL-000002,USD,Debit,Balance Sheet,Yes,EXEMPT,Active,2020-01-01,
GL-000424,130424,Fixed Assets 0424,Asset,Non Current Asset,CC-00424,GL-000003,USD,Debit,Balance Sheet,Yes,TX5,Active,2020-01-01,
GL-000425,200425,Accounts Payable 0425,Liability,Current Liability,CC-00425,GL-000004,USD,Credit,Balance Sheet,Yes,TX14,Active,2020-01-01,
GL-000426,300426,Equity 0426,Equity,Equity,CC-00426,GL-000005,USD,Credit,Balance Sheet,Yes,EXEMPT,Active,2020-01-01,
GL-000427,400427,Sales Revenue 0427,Revenue,Operating Revenue,CC-00427,GL-000006,USD,Credit,Income Statement,Yes,TX5,Active,2020-01-01,
GL-000428,500428,Cost of Goods Sold 0428,Expense,COGS,CC-00428,GL-000007,USD,Debit,Income Statement,Yes,TX5,Active,2020-01-01,
GL-000429,510429,Production Cost 0429,Expense,Manufacturing,CC-00429,GL-000008,USD,Debit,Income Statement,Yes,EXEMPT,Active,2020-01-01,
GL-000430,520430,Maintenance Expense 0430,Expense,Maintenance,CC-00430,GL-000009,USD,Debit,Income Statement,Yes,EXEMPT,Active,2020-01-01,
GL-000431,530431,Utilities Expense 0431,Expense,Utilities,CC-00431,GL-000010,USD,Debit,Income Statement,Yes,TX0,Active,2020-01-01,
GL-000432,540432,Quality Expense 0432,Expense,Quality,CC-00432,GL-000011,USD,Debit,Income Statement,Yes,TX0,Active,2020-01-01,
GL-000433,550433,Warehouse Expense 0433,Expense,Warehouse,CC-00433,GL-000012,USD,Debit,Income Statement,Yes,TX0,Active,2020-01-01,
GL-000434,560434,Sales Expense 0434,Expense,Sales,CC-00434,GL-000013,USD,Debit,Income Statement,Yes,TX14,Active,2020-01-01,
GL-000435,570435,Administrative Expense 0435,Expense,Administration,CC-00435,GL-000014,USD,Debit,Income Statement,Yes,TX0,Active,2020-01-01,
GL-000436,100436,Cash 0436,Asset,Current Asset,CC-00436,GL-000015,USD,Debit,Balance Sheet,Yes,TX14,Active,2020-01-01,
GL-000437,110437,Accounts Receivable 0437,Asset,Current Asset,CC-00437,GL-000001,USD,Debit,Balance Sheet,Yes,TX0,Active,2020-01-01,
GL-000438,120438,Inventory 0438,Asset,Current Asset,CC-00438,GL-000002,USD,Debit,Balance Sheet,Yes,TX5,Active,2020-01-01,
GL-000439,130439,Fixed Assets 0439,Asset,Non Current Asset,CC-00439,GL-000003,USD,Debit,Balance Sheet,Yes,EXEMPT,Active,2020-01-01,
GL-000440,200440,Accounts Payable 0440,Liability,Current Liability,CC-00440,GL-000004,USD,Credit,Balance Sheet,Yes,TX14,Active,2020-01-01,
GL-000441,300441,Equity 0441,Equity,Equity,CC-00441,GL-000005,USD,Credit,Balance Sheet,Yes,TX5,Active,2020-01-01,
GL-000442,400442,Sales Revenue 0442,Revenue,Operating Revenue,CC-00442,GL-000006,USD,Credit,Income Statement,Yes,TX5,Active,2020-01-01,
GL-000443,500443,Cost of Goods Sold 0443,Expense,COGS,CC-00443,GL-000007,USD,Debit,Income Statement,Yes,TX0,Active,2020-01-01,
GL-000444,510444,Production Cost 0444,Expense,Manufacturing,CC-00444,GL-000008,USD,Debit,Income Statement,Yes,TX0,Active,2020-01-01,
GL-000445,520445,Maintenance Expense 0445,Expense,Maintenance,CC-00445,GL-000009,USD,Debit,Income Statement,Yes,TX5,Active,2020-01-01,
GL-000446,530446,Utilities Expense 0446,Expense,Utilities,CC-00446,GL-000010,USD,Debit,Income Statement,Yes,EXEMPT,Active,2020-01-01,
GL-000447,540447,Quality Expense 0447,Expense,Quality,CC-00447,GL-000011,USD,Debit,Income Statement,Yes,TX0,Active,2020-01-01,
GL-000448,550448,Warehouse Expense 0448,Expense,Warehouse,CC-00448,GL-000012,USD,Debit,Income Statement,Yes,TX14,Active,2020-01-01,
GL-000449,560449,Sales Expense 0449,Expense,Sales,CC-00449,GL-000013,USD,Debit,Income Statement,Yes,TX5,Active,2020-01-01,
GL-000450,570450,Administrative Expense 0450,Expense,Administration,CC-00450,GL-000014,USD,Debit,Income Statement,Yes,TX0,Active,2020-01-01,
GL-000451,100451,Cash 0451,Asset,Current Asset,CC-00451,GL-000015,USD,Debit,Balance Sheet,Yes,TX14,Active,2020-01-01,
GL-000452,110452,Accounts Receivable 0452,Asset,Current Asset,CC-00452,GL-000001,USD,Debit,Balance Sheet,Yes,TX5,Active,2020-01-01,
GL-000453,120453,Inventory 0453,Asset,Current Asset,CC-00453,GL-000002,USD,Debit,Balance Sheet,Yes,TX5,Active,2020-01-01,
GL-000454,130454,Fixed Assets 0454,Asset,Non Current Asset,CC-00454,GL-000003,USD,Debit,Balance Sheet,Yes,EXEMPT,Active,2020-01-01,
GL-000455,200455,Accounts Payable 0455,Liability,Current Liability,CC-00455,GL-000004,USD,Credit,Balance Sheet,Yes,EXEMPT,Active,2020-01-01,
GL-000456,300456,Equity 0456,Equity,Equity,CC-00456,GL-000005,USD,Credit,Balance Sheet,Yes,EXEMPT,Active,2020-01-01,
GL-000457,400457,Sales Revenue 0457,Revenue,Operating Revenue,CC-00457,GL-000006,USD,Credit,Income Statement,Yes,TX0,Active,2020-01-01,
GL-000458,500458,Cost of Goods Sold 0458,Expense,COGS,CC-00458,GL-000007,USD,Debit,Income Statement,Yes,TX14,Active,2020-01-01,
GL-000459,510459,Production Cost 0459,Expense,Manufacturing,CC-00459,GL-000008,USD,Debit,Income Statement,Yes,TX14,Active,2020-01-01,
GL-000460,520460,Maintenance Expense 0460,Expense,Maintenance,CC-00460,GL-000009,USD,Debit,Income Statement,Yes,EXEMPT,Active,2020-01-01,
GL-000461,530461,Utilities Expense 0461,Expense,Utilities,CC-00461,GL-000010,USD,Debit,Income Statement,Yes,TX0,Active,2020-01-01,
GL-000462,540462,Quality Expense 0462,Expense,Quality,CC-00462,GL-000011,USD,Debit,Income Statement,Yes,TX14,Active,2020-01-01,
GL-000463,550463,Warehouse Expense 0463,Expense,Warehouse,CC-00463,GL-000012,USD,Debit,Income Statement,Yes,TX0,Active,2020-01-01,
GL-000464,560464,Sales Expense 0464,Expense,Sales,CC-00464,GL-000013,USD,Debit,Income Statement,Yes,TX0,Active,2020-01-01,
GL-000465,570465,Administrative Expense 0465,Expense,Administration,CC-00465,GL-000014,USD,Debit,Income Statement,Yes,TX0,Active,2020-01-01,
GL-000466,100466,Cash 0466,Asset,Current Asset,CC-00466,GL-000015,USD,Debit,Balance Sheet,Yes,TX5,Active,2020-01-01,
GL-000467,110467,Accounts Receivable 0467,Asset,Current Asset,CC-00467,GL-000001,USD,Debit,Balance Sheet,Yes,TX5,Active,2020-01-01,
GL-000468,120468,Inventory 0468,Asset,Current Asset,CC-00468,GL-000002,USD,Debit,Balance Sheet,Yes,TX14,Active,2020-01-01,
GL-000469,130469,Fixed Assets 0469,Asset,Non Current Asset,CC-00469,GL-000003,USD,Debit,Balance Sheet,Yes,EXEMPT,Active,2020-01-01,
GL-000470,200470,Accounts Payable 0470,Liability,Current Liability,CC-00470,GL-000004,USD,Credit,Balance Sheet,Yes,TX5,Active,2020-01-01,
GL-000471,300471,Equity 0471,Equity,Equity,CC-00471,GL-000005,USD,Credit,Balance Sheet,Yes,EXEMPT,Active,2020-01-01,
GL-000472,400472,Sales Revenue 0472,Revenue,Operating Revenue,CC-00472,GL-000006,USD,Credit,Income Statement,Yes,TX14,Active,2020-01-01,
GL-000473,500473,Cost of Goods Sold 0473,Expense,COGS,CC-00473,GL-000007,USD,Debit,Income Statement,Yes,TX14,Active,2020-01-01,
GL-000474,510474,Production Cost 0474,Expense,Manufacturing,CC-00474,GL-000008,USD,Debit,Income Statement,Yes,EXEMPT,Active,2020-01-01,
GL-000475,520475,Maintenance Expense 0475,Expense,Maintenance,CC-00475,GL-000009,USD,Debit,Income Statement,Yes,TX14,Active,2020-01-01,
GL-000476,530476,Utilities Expense 0476,Expense,Utilities,CC-00476,GL-000010,USD,Debit,Income Statement,Yes,TX5,Active,2020-01-01,
GL-000477,540477,Quality Expense 0477,Expense,Quality,CC-00477,GL-000011,USD,Debit,Income Statement,Yes,TX0,Active,2020-01-01,
GL-000478,550478,Warehouse Expense 0478,Expense,Warehouse,CC-00478,GL-000012,USD,Debit,Income Statement,Yes,TX14,Active,2020-01-01,
GL-000479,560479,Sales Expense 0479,Expense,Sales,CC-00479,GL-000013,USD,Debit,Income Statement,Yes,EXEMPT,Active,2020-01-01,
GL-000480,570480,Administrative Expense 0480,Expense,Administration,CC-00480,GL-000014,USD,Debit,Income Statement,Yes,TX14,Active,2020-01-01,
GL-000481,100481,Cash 0481,Asset,Current Asset,CC-00481,GL-000015,USD,Debit,Balance Sheet,Yes,TX0,Active,2020-01-01,
GL-000482,110482,Accounts Receivable 0482,Asset,Current Asset,CC-00482,GL-000001,USD,Debit,Balance Sheet,Yes,TX0,Active,2020-01-01,
GL-000483,120483,Inventory 0483,Asset,Current Asset,CC-00483,GL-000002,USD,Debit,Balance Sheet,Yes,EXEMPT,Active,2020-01-01,
GL-000484,130484,Fixed Assets 0484,Asset,Non Current Asset,CC-00484,GL-000003,USD,Debit,Balance Sheet,Yes,TX0,Active,2020-01-01,
GL-000485,200485,Accounts Payable 0485,Liability,Current Liability,CC-00485,GL-000004,USD,Credit,Balance Sheet,Yes,TX14,Active,2020-01-01,
GL-000486,300486,Equity 0486,Equity,Equity,CC-00486,GL-000005,USD,Credit,Balance Sheet,Yes,TX5,Active,2020-01-01,
GL-000487,400487,Sales Revenue 0487,Revenue,Operating Revenue,CC-00487,GL-000006,USD,Credit,Income Statement,Yes,TX5,Active,2020-01-01,
GL-000488,500488,Cost of Goods Sold 0488,Expense,COGS,CC-00488,GL-000007,USD,Debit,Income Statement,Yes,TX5,Active,2020-01-01,
GL-000489,510489,Production Cost 0489,Expense,Manufacturing,CC-00489,GL-000008,USD,Debit,Income Statement,Yes,TX0,Active,2020-01-01,
GL-000490,520490,Maintenance Expense 0490,Expense,Maintenance,CC-00490,GL-000009,USD,Debit,Income Statement,Yes,EXEMPT,Active,2020-01-01,
GL-000491,530491,Utilities Expense 0491,Expense,Utilities,CC-00491,GL-000010,USD,Debit,Income Statement,Yes,TX5,Active,2020-01-01,
GL-000492,540492,Quality Expense 0492,Expense,Quality,CC-00492,GL-000011,USD,Debit,Income Statement,Yes,TX0,Active,2020-01-01,
GL-000493,550493,Warehouse Expense 0493,Expense,Warehouse,CC-00493,GL-000012,USD,Debit,Income Statement,Yes,TX14,Active,2020-01-01,
GL-000494,560494,Sales Expense 0494,Expense,Sales,CC-00494,GL-000013,USD,Debit,Income Statement,Yes,EXEMPT,Active,2020-01-01,
GL-000495,570495,Administrative Expense 0495,Expense,Administration,CC-00495,GL-000014,USD,Debit,Income Statement,Yes,EXEMPT,Active,2020-01-01,
GL-000496,100496,Cash 0496,Asset,Current Asset,CC-00496,GL-000015,USD,Debit,Balance Sheet,Yes,TX14,Active,2020-01-01,
GL-000497,110497,Accounts Receivable 0497,Asset,Current Asset,CC-00497,GL-000001,USD,Debit,Balance Sheet,Yes,EXEMPT,Active,2020-01-01,
GL-000498,120498,Inventory 0498,Asset,Current Asset,CC-00498,GL-000002,USD,Debit,Balance Sheet,Yes,TX0,Active,2020-01-01,
GL-000499,130499,Fixed Assets 0499,Asset,Non Current Asset,CC-00499,GL-000003,USD,Debit,Balance Sheet,Yes,TX0,Active,2020-01-01,
GL-000500,200500,Accounts Payable 0500,Liability,Current Liability,CC-00500,GL-000004,USD,Credit,Balance Sheet,Yes,TX14,Active,2020-01-01,
GL-000501,300501,Equity 0501,Equity,Equity,CC-00501,GL-000005,USD,Credit,Balance Sheet,Yes,TX0,Active,2020-01-01,
GL-000502,400502,Sales Revenue 0502,Revenue,Operating Revenue,CC-00502,GL-000006,USD,Credit,Income Statement,Yes,TX5,Active,2020-01-01,
GL-000503,500503,Cost of Goods Sold 0503,Expense,COGS,CC-00503,GL-000007,USD,Debit,Income Statement,Yes,TX0,Active,2020-01-01,
GL-000504,510504,Production Cost 0504,Expense,Manufacturing,CC-00504,GL-000008,USD,Debit,Income Statement,Yes,TX5,Active,2020-01-01,
GL-000505,520505,Maintenance Expense 0505,Expense,Maintenance,CC-00505,GL-000009,USD,Debit,Income Statement,Yes,TX14,Active,2020-01-01,
GL-000506,530506,Utilities Expense 0506,Expense,Utilities,CC-00506,GL-000010,USD,Debit,Income Statement,Yes,EXEMPT,Active,2020-01-01,
GL-000507,540507,Quality Expense 0507,Expense,Quality,CC-00507,GL-000011,USD,Debit,Income Statement,Yes,EXEMPT,Active,2020-01-01,
GL-000508,550508,Warehouse Expense 0508,Expense,Warehouse,CC-00508,GL-000012,USD,Debit,Income Statement,Yes,EXEMPT,Active,2020-01-01,
GL-000509,560509,Sales Expense 0509,Expense,Sales,CC-00509,GL-000013,USD,Debit,Income Statement,Yes,TX5,Active,2020-01-01,
GL-000510,570510,Administrative Expense 0510,Expense,Administration,CC-00510,GL-000014,USD,Debit,Income Statement,Yes,TX14,Active,2020-01-01,
GL-000511,100511,Cash 0511,Asset,Current Asset,CC-00511,GL-000015,USD,Debit,Balance Sheet,Yes,TX14,Active,2020-01-01,
GL-000512,110512,Accounts Receivable 0512,Asset,Current Asset,CC-00512,GL-000001,USD,Debit,Balance Sheet,Yes,EXEMPT,Active,2020-01-01,
GL-000513,120513,Inventory 0513,Asset,Current Asset,CC-00513,GL-000002,USD,Debit,Balance Sheet,Yes,TX0,Active,2020-01-01,
GL-000514,130514,Fixed Assets 0514,Asset,Non Current Asset,CC-00514,GL-000003,USD,Debit,Balance Sheet,Yes,TX0,Active,2020-01-01,
GL-000515,200515,Accounts Payable 0515,Liability,Current Liability,CC-00515,GL-000004,USD,Credit,Balance Sheet,Yes,TX5,Active,2020-01-01,
GL-000516,300516,Equity 0516,Equity,Equity,CC-00516,GL-000005,USD,Credit,Balance Sheet,Yes,TX14,Active,2020-01-01,
GL-000517,400517,Sales Revenue 0517,Revenue,Operating Revenue,CC-00517,GL-000006,USD,Credit,Income Statement,Yes,TX14,Active,2020-01-01,
GL-000518,500518,Cost of Goods Sold 0518,Expense,COGS,CC-00518,GL-000007,USD,Debit,Income Statement,Yes,TX14,Active,2020-01-01,
GL-000519,510519,Production Cost 0519,Expense,Manufacturing,CC-00519,GL-000008,USD,Debit,Income Statement,Yes,TX5,Active,2020-01-01,
GL-000520,520520,Maintenance Expense 0520,Expense,Maintenance,CC-00520,GL-000009,USD,Debit,Income Statement,Yes,TX5,Active,2020-01-01,
GL-000521,530521,Utilities Expense 0521,Expense,Utilities,CC-00521,GL-000010,USD,Debit,Income Statement,Yes,EXEMPT,Active,2020-01-01,
GL-000522,540522,Quality Expense 0522,Expense,Quality,CC-00522,GL-000011,USD,Debit,Income Statement,Yes,TX0,Active,2020-01-01,
GL-000523,550523,Warehouse Expense 0523,Expense,Warehouse,CC-00523,GL-000012,USD,Debit,Income Statement,Yes,TX5,Active,2020-01-01,
GL-000524,560524,Sales Expense 0524,Expense,Sales,CC-00524,GL-000013,USD,Debit,Income Statement,Yes,TX5,Active,2020-01-01,
GL-000525,570525,Administrative Expense 0525,Expense,Administration,CC-00525,GL-000014,USD,Debit,Income Statement,Yes,TX5,Active,2020-01-01,
GL-000526,100526,Cash 0526,Asset,Current Asset,CC-00526,GL-000015,USD,Debit,Balance Sheet,Yes,TX14,Active,2020-01-01,
GL-000527,110527,Accounts Receivable 0527,Asset,Current Asset,CC-00527,GL-000001,USD,Debit,Balance Sheet,Yes,TX5,Active,2020-01-01,
GL-000528,120528,Inventory 0528,Asset,Current Asset,CC-00528,GL-000002,USD,Debit,Balance Sheet,Yes,EXEMPT,Active,2020-01-01,
GL-000529,130529,Fixed Assets 0529,Asset,Non Current Asset,CC-00529,GL-000003,USD,Debit,Balance Sheet,Yes,TX0,Active,2020-01-01,
GL-000530,200530,Accounts Payable 0530,Liability,Current Liability,CC-00530,GL-000004,USD,Credit,Balance Sheet,Yes,EXEMPT,Active,2020-01-01,
GL-000531,300531,Equity 0531,Equity,Equity,CC-00531,GL-000005,USD,Credit,Balance Sheet,Yes,EXEMPT,Active,2020-01-01,
GL-000532,400532,Sales Revenue 0532,Revenue,Operating Revenue,CC-00532,GL-000006,USD,Credit,Income Statement,Yes,TX0,Active,2020-01-01,
GL-000533,500533,Cost of Goods Sold 0533,Expense,COGS,CC-00533,GL-000007,USD,Debit,Income Statement,Yes,TX14,Active,2020-01-01,
GL-000534,510534,Production Cost 0534,Expense,Manufacturing,CC-00534,GL-000008,USD,Debit,Income Statement,Yes,EXEMPT,Active,2020-01-01,
GL-000535,520535,Maintenance Expense 0535,Expense,Maintenance,CC-00535,GL-000009,USD,Debit,Income Statement,Yes,TX0,Active,2020-01-01,
GL-000536,530536,Utilities Expense 0536,Expense,Utilities,CC-00536,GL-000010,USD,Debit,Income Statement,Yes,TX14,Active,2020-01-01,
GL-000537,540537,Quality Expense 0537,Expense,Quality,CC-00537,GL-000011,USD,Debit,Income Statement,Yes,TX5,Active,2020-01-01,
GL-000538,550538,Warehouse Expense 0538,Expense,Warehouse,CC-00538,GL-000012,USD,Debit,Income Statement,Yes,EXEMPT,Active,2020-01-01,
GL-000539,560539,Sales Expense 0539,Expense,Sales,CC-00539,GL-000013,USD,Debit,Income Statement,Yes,TX0,Active,2020-01-01,
GL-000540,570540,Administrative Expense 0540,Expense,Administration,CC-00540,GL-000014,USD,Debit,Income Statement,Yes,TX5,Active,2020-01-01,
GL-000541,100541,Cash 0541,Asset,Current Asset,CC-00541,GL-000015,USD,Debit,Balance Sheet,Yes,TX14,Active,2020-01-01,
GL-000542,110542,Accounts Receivable 0542,Asset,Current Asset,CC-00542,GL-000001,USD,Debit,Balance Sheet,Yes,TX14,Active,2020-01-01,
GL-000543,120543,Inventory 0543,Asset,Current Asset,CC-00543,GL-000002,USD,Debit,Balance Sheet,Yes,TX5,Active,2020-01-01,
GL-000544,130544,Fixed Assets 0544,Asset,Non Current Asset,CC-00544,GL-000003,USD,Debit,Balance Sheet,Yes,EXEMPT,Active,2020-01-01,
GL-000545,200545,Accounts Payable 0545,Liability,Current Liability,CC-00545,GL-000004,USD,Credit,Balance Sheet,Yes,TX0,Active,2020-01-01,
GL-000546,300546,Equity 0546,Equity,Equity,CC-00546,GL-000005,USD,Credit,Balance Sheet,Yes,TX14,Active,2020-01-01,
GL-000547,400547,Sales Revenue 0547,Revenue,Operating Revenue,CC-00547,GL-000006,USD,Credit,Income Statement,Yes,TX0,Active,2020-01-01,
GL-000548,500548,Cost of Goods Sold 0548,Expense,COGS,CC-00548,GL-000007,USD,Debit,Income Statement,Yes,TX14,Active,2020-01-01,
GL-000549,510549,Production Cost 0549,Expense,Manufacturing,CC-00549,GL-000008,USD,Debit,Income Statement,Yes,TX0,Active,2020-01-01,
GL-000550,520550,Maintenance Expense 0550,Expense,Maintenance,CC-00550,GL-000009,USD,Debit,Income Statement,Yes,TX5,Active,2020-01-01,
GL-000551,530551,Utilities Expense 0551,Expense,Utilities,CC-00551,GL-000010,USD,Debit,Income Statement,Yes,EXEMPT,Active,2020-01-01,
GL-000552,540552,Quality Expense 0552,Expense,Quality,CC-00552,GL-000011,USD,Debit,Income Statement,Yes,TX0,Active,2020-01-01,
GL-000553,550553,Warehouse Expense 0553,Expense,Warehouse,CC-00553,GL-000012,USD,Debit,Income Statement,Yes,EXEMPT,Active,2020-01-01,
GL-000554,560554,Sales Expense 0554,Expense,Sales,CC-00554,GL-000013,USD,Debit,Income Statement,Yes,TX0,Active,2020-01-01,
GL-000555,570555,Administrative Expense 0555,Expense,Administration,CC-00555,GL-000014,USD,Debit,Income Statement,Yes,EXEMPT,Active,2020-01-01,
GL-000556,100556,Cash 0556,Asset,Current Asset,CC-00556,GL-000015,USD,Debit,Balance Sheet,Yes,EXEMPT,Active,2020-01-01,
GL-000557,110557,Accounts Receivable 0557,Asset,Current Asset,CC-00557,GL-000001,USD,Debit,Balance Sheet,Yes,TX5,Active,2020-01-01,
GL-000558,120558,Inventory 0558,Asset,Current Asset,CC-00558,GL-000002,USD,Debit,Balance Sheet,Yes,EXEMPT,Active,2020-01-01,
GL-000559,130559,Fixed Assets 0559,Asset,Non Current Asset,CC-00559,GL-000003,USD,Debit,Balance Sheet,Yes,TX0,Active,2020-01-01,
GL-000560,200560,Accounts Payable 0560,Liability,Current Liability,CC-00560,GL-000004,USD,Credit,Balance Sheet,Yes,TX14,Active,2020-01-01,
GL-000561,300561,Equity 0561,Equity,Equity,CC-00561,GL-000005,USD,Credit,Balance Sheet,Yes,TX5,Active,2020-01-01,
GL-000562,400562,Sales Revenue 0562,Revenue,Operating Revenue,CC-00562,GL-000006,USD,Credit,Income Statement,Yes,TX0,Active,2020-01-01,
GL-000563,500563,Cost of Goods Sold 0563,Expense,COGS,CC-00563,GL-000007,USD,Debit,Income Statement,Yes,TX0,Active,2020-01-01,
GL-000564,510564,Production Cost 0564,Expense,Manufacturing,CC-00564,GL-000008,USD,Debit,Income Statement,Yes,EXEMPT,Active,2020-01-01,
GL-000565,520565,Maintenance Expense 0565,Expense,Maintenance,CC-00565,GL-000009,USD,Debit,Income Statement,Yes,EXEMPT,Active,2020-01-01,
GL-000566,530566,Utilities Expense 0566,Expense,Utilities,CC-00566,GL-000010,USD,Debit,Income Statement,Yes,TX0,Active,2020-01-01,
GL-000567,540567,Quality Expense 0567,Expense,Quality,CC-00567,GL-000011,USD,Debit,Income Statement,Yes,TX5,Active,2020-01-01,
GL-000568,550568,Warehouse Expense 0568,Expense,Warehouse,CC-00568,GL-000012,USD,Debit,Income Statement,Yes,TX14,Active,2020-01-01,
GL-000569,560569,Sales Expense 0569,Expense,Sales,CC-00569,GL-000013,USD,Debit,Income Statement,Yes,TX5,Active,2020-01-01,
GL-000570,570570,Administrative Expense 0570,Expense,Administration,CC-00570,GL-000014,USD,Debit,Income Statement,Yes,TX14,Active,2020-01-01,
GL-000571,100571,Cash 0571,Asset,Current Asset,CC-00571,GL-000015,USD,Debit,Balance Sheet,Yes,TX14,Active,2020-01-01,
GL-000572,110572,Accounts Receivable 0572,Asset,Current Asset,CC-00572,GL-000001,USD,Debit,Balance Sheet,Yes,TX0,Active,2020-01-01,
GL-000573,120573,Inventory 0573,Asset,Current Asset,CC-00573,GL-000002,USD,Debit,Balance Sheet,Yes,TX5,Active,2020-01-01,
GL-000574,130574,Fixed Assets 0574,Asset,Non Current Asset,CC-00574,GL-000003,USD,Debit,Balance Sheet,Yes,TX0,Active,2020-01-01,
GL-000575,200575,Accounts Payable 0575,Liability,Current Liability,CC-00575,GL-000004,USD,Credit,Balance Sheet,Yes,TX5,Active,2020-01-01,
GL-000576,300576,Equity 0576,Equity,Equity,CC-00576,GL-000005,USD,Credit,Balance Sheet,Yes,TX14,Active,2020-01-01,
GL-000577,400577,Sales Revenue 0577,Revenue,Operating Revenue,CC-00577,GL-000006,USD,Credit,Income Statement,Yes,TX0,Active,2020-01-01,
GL-000578,500578,Cost of Goods Sold 0578,Expense,COGS,CC-00578,GL-000007,USD,Debit,Income Statement,Yes,TX14,Active,2020-01-01,
GL-000579,510579,Production Cost 0579,Expense,Manufacturing,CC-00579,GL-000008,USD,Debit,Income Statement,Yes,TX14,Active,2020-01-01,
GL-000580,520580,Maintenance Expense 0580,Expense,Maintenance,CC-00580,GL-000009,USD,Debit,Income Statement,Yes,EXEMPT,Active,2020-01-01,
GL-000581,530581,Utilities Expense 0581,Expense,Utilities,CC-00581,GL-000010,USD,Debit,Income Statement,Yes,TX5,Active,2020-01-01,
GL-000582,540582,Quality Expense 0582,Expense,Quality,CC-00582,GL-000011,USD,Debit,Income Statement,Yes,TX14,Active,2020-01-01,
GL-000583,550583,Warehouse Expense 0583,Expense,Warehouse,CC-00583,GL-000012,USD,Debit,Income Statement,Yes,TX0,Active,2020-01-01,
GL-000584,560584,Sales Expense 0584,Expense,Sales,CC-00584,GL-000013,USD,Debit,Income Statement,Yes,TX0,Active,2020-01-01,
GL-000585,570585,Administrative Expense 0585,Expense,Administration,CC-00585,GL-000014,USD,Debit,Income Statement,Yes,TX5,Active,2020-01-01,
GL-000586,100586,Cash 0586,Asset,Current Asset,CC-00586,GL-000015,USD,Debit,Balance Sheet,Yes,TX14,Active,2020-01-01,
GL-000587,110587,Accounts Receivable 0587,Asset,Current Asset,CC-00587,GL-000001,USD,Debit,Balance Sheet,Yes,EXEMPT,Active,2020-01-01,
GL-000588,120588,Inventory 0588,Asset,Current Asset,CC-00588,GL-000002,USD,Debit,Balance Sheet,Yes,TX0,Active,2020-01-01,
GL-000589,130589,Fixed Assets 0589,Asset,Non Current Asset,CC-00589,GL-000003,USD,Debit,Balance Sheet,Yes,TX0,Active,2020-01-01,
GL-000590,200590,Accounts Payable 0590,Liability,Current Liability,CC-00590,GL-000004,USD,Credit,Balance Sheet,Yes,EXEMPT,Active,2020-01-01,
GL-000591,300591,Equity 0591,Equity,Equity,CC-00591,GL-000005,USD,Credit,Balance Sheet,Yes,TX14,Active,2020-01-01,
GL-000592,400592,Sales Revenue 0592,Revenue,Operating Revenue,CC-00592,GL-000006,USD,Credit,Income Statement,Yes,EXEMPT,Active,2020-01-01,
GL-000593,500593,Cost of Goods Sold 0593,Expense,COGS,CC-00593,GL-000007,USD,Debit,Income Statement,Yes,EXEMPT,Active,2020-01-01,
GL-000594,510594,Production Cost 0594,Expense,Manufacturing,CC-00594,GL-000008,USD,Debit,Income Statement,Yes,TX0,Active,2020-01-01,
GL-000595,520595,Maintenance Expense 0595,Expense,Maintenance,CC-00595,GL-000009,USD,Debit,Income Statement,Yes,TX14,Active,2020-01-01,
GL-000596,530596,Utilities Expense 0596,Expense,Utilities,CC-00596,GL-000010,USD,Debit,Income Statement,Yes,TX0,Active,2020-01-01,
GL-000597,540597,Quality Expense 0597,Expense,Quality,CC-00597,GL-000011,USD,Debit,Income Statement,Yes,TX0,Active,2020-01-01,
GL-000598,550598,Warehouse Expense 0598,Expense,Warehouse,CC-00598,GL-000012,USD,Debit,Income Statement,Yes,TX14,Active,2020-01-01,
GL-000599,560599,Sales Expense 0599,Expense,Sales,CC-00599,GL-000013,USD,Debit,Income Statement,Yes,EXEMPT,Active,2020-01-01,
GL-000600,570600,Administrative Expense 0600,Expense,Administration,CC-00600,GL-000014,USD,Debit,Income Statement,Yes,TX5,Active,2020-01-01,
GL-000601,100601,Cash 0601,Asset,Current Asset,CC-00601,GL-000015,USD,Debit,Balance Sheet,Yes,TX14,Active,2020-01-01,
GL-000602,110602,Accounts Receivable 0602,Asset,Current Asset,CC-00602,GL-000001,USD,Debit,Balance Sheet,Yes,EXEMPT,Active,2020-01-01,
GL-000603,120603,Inventory 0603,Asset,Current Asset,CC-00603,GL-000002,USD,Debit,Balance Sheet,Yes,TX0,Active,2020-01-01,
GL-000604,130604,Fixed Assets 0604,Asset,Non Current Asset,CC-00604,GL-000003,USD,Debit,Balance Sheet,Yes,TX5,Active,2020-01-01,
GL-000605,200605,Accounts Payable 0605,Liability,Current Liability,CC-00605,GL-000004,USD,Credit,Balance Sheet,Yes,TX0,Active,2020-01-01,
GL-000606,300606,Equity 0606,Equity,Equity,CC-00606,GL-000005,USD,Credit,Balance Sheet,Yes,TX5,Active,2020-01-01,
GL-000607,400607,Sales Revenue 0607,Revenue,Operating Revenue,CC-00607,GL-000006,USD,Credit,Income Statement,Yes,TX0,Active,2020-01-01,
GL-000608,500608,Cost of Goods Sold 0608,Expense,COGS,CC-00608,GL-000007,USD,Debit,Income Statement,Yes,TX14,Active,2020-01-01,
GL-000609,510609,Production Cost 0609,Expense,Manufacturing,CC-00609,GL-000008,USD,Debit,Income Statement,Yes,TX0,Active,2020-01-01,
GL-000610,520610,Maintenance Expense 0610,Expense,Maintenance,CC-00610,GL-000009,USD,Debit,Income Statement,Yes,TX5,Active,2020-01-01,
GL-000611,530611,Utilities Expense 0611,Expense,Utilities,CC-00611,GL-000010,USD,Debit,Income Statement,Yes,TX14,Active,2020-01-01,
GL-000612,540612,Quality Expense 0612,Expense,Quality,CC-00612,GL-000011,USD,Debit,Income Statement,Yes,TX14,Active,2020-01-01,
GL-000613,550613,Warehouse Expense 0613,Expense,Warehouse,CC-00613,GL-000012,USD,Debit,Income Statement,Yes,TX5,Active,2020-01-01,
GL-000614,560614,Sales Expense 0614,Expense,Sales,CC-00614,GL-000013,USD,Debit,Income Statement,Yes,TX0,Active,2020-01-01,
GL-000615,570615,Administrative Expense 0615,Expense,Administration,CC-00615,GL-000014,USD,Debit,Income Statement,Yes,TX5,Active,2020-01-01,
GL-000616,100616,Cash 0616,Asset,Current Asset,CC-00616,GL-000015,USD,Debit,Balance Sheet,Yes,EXEMPT,Active,2020-01-01,
GL-000617,110617,Accounts Receivable 0617,Asset,Current Asset,CC-00617,GL-000001,USD,Debit,Balance Sheet,Yes,TX0,Active,2020-01-01,
GL-000618,120618,Inventory 0618,Asset,Current Asset,CC-00618,GL-000002,USD,Debit,Balance Sheet,Yes,EXEMPT,Active,2020-01-01,
GL-000619,130619,Fixed Assets 0619,Asset,Non Current Asset,CC-00619,GL-000003,USD,Debit,Balance Sheet,Yes,TX5,Active,2020-01-01,
GL-000620,200620,Accounts Payable 0620,Liability,Current Liability,CC-00620,GL-000004,USD,Credit,Balance Sheet,Yes,TX5,Active,2020-01-01,
GL-000621,300621,Equity 0621,Equity,Equity,CC-00621,GL-000005,USD,Credit,Balance Sheet,Yes,TX0,Active,2020-01-01,
GL-000622,400622,Sales Revenue 0622,Revenue,Operating Revenue,CC-00622,GL-000006,USD,Credit,Income Statement,Yes,TX0,Active,2020-01-01,
GL-000623,500623,Cost of Goods Sold 0623,Expense,COGS,CC-00623,GL-000007,USD,Debit,Income Statement,Yes,EXEMPT,Active,2020-01-01,
GL-000624,510624,Production Cost 0624,Expense,Manufacturing,CC-00624,GL-000008,USD,Debit,Income Statement,Yes,TX0,Active,2020-01-01,
GL-000625,520625,Maintenance Expense 0625,Expense,Maintenance,CC-00625,GL-000009,USD,Debit,Income Statement,Yes,TX5,Active,2020-01-01,
GL-000626,530626,Utilities Expense 0626,Expense,Utilities,CC-00626,GL-000010,USD,Debit,Income Statement,Yes,EXEMPT,Active,2020-01-01,
GL-000627,540627,Quality Expense 0627,Expense,Quality,CC-00627,GL-000011,USD,Debit,Income Statement,Yes,TX0,Active,2020-01-01,
GL-000628,550628,Warehouse Expense 0628,Expense,Warehouse,CC-00628,GL-000012,USD,Debit,Income Statement,Yes,TX14,Active,2020-01-01,
GL-000629,560629,Sales Expense 0629,Expense,Sales,CC-00629,GL-000013,USD,Debit,Income Statement,Yes,TX5,Active,2020-01-01,
GL-000630,570630,Administrative Expense 0630,Expense,Administration,CC-00630,GL-000014,USD,Debit,Income Statement,Yes,EXEMPT,Active,2020-01-01,
GL-000631,100631,Cash 0631,Asset,Current Asset,CC-00631,GL-000015,USD,Debit,Balance Sheet,Yes,TX0,Active,2020-01-01,
GL-000632,110632,Accounts Receivable 0632,Asset,Current Asset,CC-00632,GL-000001,USD,Debit,Balance Sheet,Yes,TX14,Active,2020-01-01,
GL-000633,120633,Inventory 0633,Asset,Current Asset,CC-00633,GL-000002,USD,Debit,Balance Sheet,Yes,TX14,Active,2020-01-01,
GL-000634,130634,Fixed Assets 0634,Asset,Non Current Asset,CC-00634,GL-000003,USD,Debit,Balance Sheet,Yes,TX0,Active,2020-01-01,
GL-000635,200635,Accounts Payable 0635,Liability,Current Liability,CC-00635,GL-000004,USD,Credit,Balance Sheet,Yes,TX5,Active,2020-01-01,
GL-000636,300636,Equity 0636,Equity,Equity,CC-00636,GL-000005,USD,Credit,Balance Sheet,Yes,EXEMPT,Active,2020-01-01,
GL-000637,400637,Sales Revenue 0637,Revenue,Operating Revenue,CC-00637,GL-000006,USD,Credit,Income Statement,Yes,TX0,Active,2020-01-01,
GL-000638,500638,Cost of Goods Sold 0638,Expense,COGS,CC-00638,GL-000007,USD,Debit,Income Statement,Yes,EXEMPT,Active,2020-01-01,
GL-000639,510639,Production Cost 0639,Expense,Manufacturing,CC-00639,GL-000008,USD,Debit,Income Statement,Yes,TX14,Active,2020-01-01,
GL-000640,520640,Maintenance Expense 0640,Expense,Maintenance,CC-00640,GL-000009,USD,Debit,Income Statement,Yes,EXEMPT,Active,2020-01-01,
GL-000641,530641,Utilities Expense 0641,Expense,Utilities,CC-00641,GL-000010,USD,Debit,Income Statement,Yes,TX0,Active,2020-01-01,
GL-000642,540642,Quality Expense 0642,Expense,Quality,CC-00642,GL-000011,USD,Debit,Income Statement,Yes,TX0,Active,2020-01-01,
GL-000643,550643,Warehouse Expense 0643,Expense,Warehouse,CC-00643,GL-000012,USD,Debit,Income Statement,Yes,TX5,Active,2020-01-01,
GL-000644,560644,Sales Expense 0644,Expense,Sales,CC-00644,GL-000013,USD,Debit,Income Statement,Yes,TX0,Active,2020-01-01,
GL-000645,570645,Administrative Expense 0645,Expense,Administration,CC-00645,GL-000014,USD,Debit,Income Statement,Yes,TX14,Active,2020-01-01,
GL-000646,100646,Cash 0646,Asset,Current Asset,CC-00646,GL-000015,USD,Debit,Balance Sheet,Yes,EXEMPT,Active,2020-01-01,
GL-000647,110647,Accounts Receivable 0647,Asset,Current Asset,CC-00647,GL-000001,USD,Debit,Balance Sheet,Yes,TX5,Active,2020-01-01,
GL-000648,120648,Inventory 0648,Asset,Current Asset,CC-00648,GL-000002,USD,Debit,Balance Sheet,Yes,TX5,Active,2020-01-01,
GL-000649,130649,Fixed Assets 0649,Asset,Non Current Asset,CC-00649,GL-000003,USD,Debit,Balance Sheet,Yes,TX0,Active,2020-01-01,
GL-000650,200650,Accounts Payable 0650,Liability,Current Liability,CC-00650,GL-000004,USD,Credit,Balance Sheet,Yes,EXEMPT,Active,2020-01-01,
GL-000651,300651,Equity 0651,Equity,Equity,CC-00651,GL-000005,USD,Credit,Balance Sheet,Yes,TX5,Active,2020-01-01,
GL-000652,400652,Sales Revenue 0652,Revenue,Operating Revenue,CC-00652,GL-000006,USD,Credit,Income Statement,Yes,EXEMPT,Active,2020-01-01,
GL-000653,500653,Cost of Goods Sold 0653,Expense,COGS,CC-00653,GL-000007,USD,Debit,Income Statement,Yes,TX5,Active,2020-01-01,
GL-000654,510654,Production Cost 0654,Expense,Manufacturing,CC-00654,GL-000008,USD,Debit,Income Statement,Yes,EXEMPT,Active,2020-01-01,
GL-000655,520655,Maintenance Expense 0655,Expense,Maintenance,CC-00655,GL-000009,USD,Debit,Income Statement,Yes,EXEMPT,Active,2020-01-01,
GL-000656,530656,Utilities Expense 0656,Expense,Utilities,CC-00656,GL-000010,USD,Debit,Income Statement,Yes,TX0,Active,2020-01-01,
GL-000657,540657,Quality Expense 0657,Expense,Quality,CC-00657,GL-000011,USD,Debit,Income Statement,Yes,TX14,Active,2020-01-01,
GL-000658,550658,Warehouse Expense 0658,Expense,Warehouse,CC-00658,GL-000012,USD,Debit,Income Statement,Yes,TX5,Active,2020-01-01,
GL-000659,560659,Sales Expense 0659,Expense,Sales,CC-00659,GL-000013,USD,Debit,Income Statement,Yes,TX0,Active,2020-01-01,
GL-000660,570660,Administrative Expense 0660,Expense,Administration,CC-00660,GL-000014,USD,Debit,Income Statement,Yes,TX0,Active,2020-01-01,
GL-000661,100661,Cash 0661,Asset,Current Asset,CC-00661,GL-000015,USD,Debit,Balance Sheet,Yes,TX14,Active,2020-01-01,
GL-000662,110662,Accounts Receivable 0662,Asset,Current Asset,CC-00662,GL-000001,USD,Debit,Balance Sheet,Yes,TX0,Active,2020-01-01,
GL-000663,120663,Inventory 0663,Asset,Current Asset,CC-00663,GL-000002,USD,Debit,Balance Sheet,Yes,TX14,Active,2020-01-01,
GL-000664,130664,Fixed Assets 0664,Asset,Non Current Asset,CC-00664,GL-000003,USD,Debit,Balance Sheet,Yes,TX14,Active,2020-01-01,
GL-000665,200665,Accounts Payable 0665,Liability,Current Liability,CC-00665,GL-000004,USD,Credit,Balance Sheet,Yes,TX14,Active,2020-01-01,
GL-000666,300666,Equity 0666,Equity,Equity,CC-00666,GL-000005,USD,Credit,Balance Sheet,Yes,EXEMPT,Active,2020-01-01,
GL-000667,400667,Sales Revenue 0667,Revenue,Operating Revenue,CC-00667,GL-000006,USD,Credit,Income Statement,Yes,EXEMPT,Active,2020-01-01,
GL-000668,500668,Cost of Goods Sold 0668,Expense,COGS,CC-00668,GL-000007,USD,Debit,Income Statement,Yes,TX5,Active,2020-01-01,
GL-000669,510669,Production Cost 0669,Expense,Manufacturing,CC-00669,GL-000008,USD,Debit,Income Statement,Yes,TX5,Active,2020-01-01,
GL-000670,520670,Maintenance Expense 0670,Expense,Maintenance,CC-00670,GL-000009,USD,Debit,Income Statement,Yes,EXEMPT,Active,2020-01-01,
GL-000671,530671,Utilities Expense 0671,Expense,Utilities,CC-00671,GL-000010,USD,Debit,Income Statement,Yes,TX14,Active,2020-01-01,
GL-000672,540672,Quality Expense 0672,Expense,Quality,CC-00672,GL-000011,USD,Debit,Income Statement,Yes,EXEMPT,Active,2020-01-01,
GL-000673,550673,Warehouse Expense 0673,Expense,Warehouse,CC-00673,GL-000012,USD,Debit,Income Statement,Yes,TX5,Active,2020-01-01,
GL-000674,560674,Sales Expense 0674,Expense,Sales,CC-00674,GL-000013,USD,Debit,Income Statement,Yes,TX14,Active,2020-01-01,
GL-000675,570675,Administrative Expense 0675,Expense,Administration,CC-00675,GL-000014,USD,Debit,Income Statement,Yes,EXEMPT,Active,2020-01-01,
GL-000676,100676,Cash 0676,Asset,Current Asset,CC-00676,GL-000015,USD,Debit,Balance Sheet,Yes,EXEMPT,Active,2020-01-01,
GL-000677,110677,Accounts Receivable 0677,Asset,Current Asset,CC-00677,GL-000001,USD,Debit,Balance Sheet,Yes,TX14,Active,2020-01-01,
GL-000678,120678,Inventory 0678,Asset,Current Asset,CC-00678,GL-000002,USD,Debit,Balance Sheet,Yes,TX14,Active,2020-01-01,
GL-000679,130679,Fixed Assets 0679,Asset,Non Current Asset,CC-00679,GL-000003,USD,Debit,Balance Sheet,Yes,TX14,Active,2020-01-01,
GL-000680,200680,Accounts Payable 0680,Liability,Current Liability,CC-00680,GL-000004,USD,Credit,Balance Sheet,Yes,TX14,Active,2020-01-01,
GL-000681,300681,Equity 0681,Equity,Equity,CC-00681,GL-000005,USD,Credit,Balance Sheet,Yes,TX5,Active,2020-01-01,
GL-000682,400682,Sales Revenue 0682,Revenue,Operating Revenue,CC-00682,GL-000006,USD,Credit,Income Statement,Yes,TX5,Active,2020-01-01,
GL-000683,500683,Cost of Goods Sold 0683,Expense,COGS,CC-00683,GL-000007,USD,Debit,Income Statement,Yes,TX0,Active,2020-01-01,
GL-000684,510684,Production Cost 0684,Expense,Manufacturing,CC-00684,GL-000008,USD,Debit,Income Statement,Yes,TX0,Active,2020-01-01,
GL-000685,520685,Maintenance Expense 0685,Expense,Maintenance,CC-00685,GL-000009,USD,Debit,Income Statement,Yes,TX14,Active,2020-01-01,
GL-000686,530686,Utilities Expense 0686,Expense,Utilities,CC-00686,GL-000010,USD,Debit,Income Statement,Yes,TX0,Active,2020-01-01,
GL-000687,540687,Quality Expense 0687,Expense,Quality,CC-00687,GL-000011,USD,Debit,Income Statement,Yes,TX14,Active,2020-01-01,
GL-000688,550688,Warehouse Expense 0688,Expense,Warehouse,CC-00688,GL-000012,USD,Debit,Income Statement,Yes,TX0,Active,2020-01-01,
GL-000689,560689,Sales Expense 0689,Expense,Sales,CC-00689,GL-000013,USD,Debit,Income Statement,Yes,TX14,Active,2020-01-01,
GL-000690,570690,Administrative Expense 0690,Expense,Administration,CC-00690,GL-000014,USD,Debit,Income Statement,Yes,TX0,Active,2020-01-01,
GL-000691,100691,Cash 0691,Asset,Current Asset,CC-00691,GL-000015,USD,Debit,Balance Sheet,Yes,EXEMPT,Active,2020-01-01,
GL-000692,110692,Accounts Receivable 0692,Asset,Current Asset,CC-00692,GL-000001,USD,Debit,Balance Sheet,Yes,TX14,Active,2020-01-01,
GL-000693,120693,Inventory 0693,Asset,Current Asset,CC-00693,GL-000002,USD,Debit,Balance Sheet,Yes,TX14,Active,2020-01-01,
GL-000694,130694,Fixed Assets 0694,Asset,Non Current Asset,CC-00694,GL-000003,USD,Debit,Balance Sheet,Yes,TX14,Active,2020-01-01,
GL-000695,200695,Accounts Payable 0695,Liability,Current Liability,CC-00695,GL-000004,USD,Credit,Balance Sheet,Yes,TX14,Active,2020-01-01,
GL-000696,300696,Equity 0696,Equity,Equity,CC-00696,GL-000005,USD,Credit,Balance Sheet,Yes,TX0,Active,2020-01-01,
GL-000697,400697,Sales Revenue 0697,Revenue,Operating Revenue,CC-00697,GL-000006,USD,Credit,Income Statement,Yes,TX14,Active,2020-01-01,
GL-000698,500698,Cost of Goods Sold 0698,Expense,COGS,CC-00698,GL-000007,USD,Debit,Income Statement,Yes,TX5,Active,2020-01-01,
GL-000699,510699,Production Cost 0699,Expense,Manufacturing,CC-00699,GL-000008,USD,Debit,Income Statement,Yes,EXEMPT,Active,2020-01-01,
GL-000700,520700,Maintenance Expense 0700,Expense,Maintenance,CC-00700,GL-000009,USD,Debit,Income Statement,Yes,TX0,Active,2020-01-01,
GL-000701,530701,Utilities Expense 0701,Expense,Utilities,CC-00701,GL-000010,USD,Debit,Income Statement,Yes,TX0,Active,2020-01-01,
GL-000702,540702,Quality Expense 0702,Expense,Quality,CC-00702,GL-000011,USD,Debit,Income Statement,Yes,TX0,Active,2020-01-01,
GL-000703,550703,Warehouse Expense 0703,Expense,Warehouse,CC-00703,GL-000012,USD,Debit,Income Statement,Yes,TX0,Active,2020-01-01,
GL-000704,560704,Sales Expense 0704,Expense,Sales,CC-00704,GL-000013,USD,Debit,Income Statement,Yes,TX14,Active,2020-01-01,
GL-000705,570705,Administrative Expense 0705,Expense,Administration,CC-00705,GL-000014,USD,Debit,Income Statement,Yes,TX0,Active,2020-01-01,
GL-000706,100706,Cash 0706,Asset,Current Asset,CC-00706,GL-000015,USD,Debit,Balance Sheet,Yes,TX0,Active,2020-01-01,
GL-000707,110707,Accounts Receivable 0707,Asset,Current Asset,CC-00707,GL-000001,USD,Debit,Balance Sheet,Yes,TX0,Active,2020-01-01,
GL-000708,120708,Inventory 0708,Asset,Current Asset,CC-00708,GL-000002,USD,Debit,Balance Sheet,Yes,TX14,Active,2020-01-01,
GL-000709,130709,Fixed Assets 0709,Asset,Non Current Asset,CC-00709,GL-000003,USD,Debit,Balance Sheet,Yes,TX0,Active,2020-01-01,
GL-000710,200710,Accounts Payable 0710,Liability,Current Liability,CC-00710,GL-000004,USD,Credit,Balance Sheet,Yes,EXEMPT,Active,2020-01-01,
GL-000711,300711,Equity 0711,Equity,Equity,CC-00711,GL-000005,USD,Credit,Balance Sheet,Yes,TX14,Active,2020-01-01,
GL-000712,400712,Sales Revenue 0712,Revenue,Operating Revenue,CC-00712,GL-000006,USD,Credit,Income Statement,Yes,TX5,Active,2020-01-01,
GL-000713,500713,Cost of Goods Sold 0713,Expense,COGS,CC-00713,GL-000007,USD,Debit,Income Statement,Yes,TX0,Active,2020-01-01,
GL-000714,510714,Production Cost 0714,Expense,Manufacturing,CC-00714,GL-000008,USD,Debit,Income Statement,Yes,TX5,Active,2020-01-01,
GL-000715,520715,Maintenance Expense 0715,Expense,Maintenance,CC-00715,GL-000009,USD,Debit,Income Statement,Yes,TX5,Active,2020-01-01,
GL-000716,530716,Utilities Expense 0716,Expense,Utilities,CC-00716,GL-000010,USD,Debit,Income Statement,Yes,TX14,Active,2020-01-01,
GL-000717,540717,Quality Expense 0717,Expense,Quality,CC-00717,GL-000011,USD,Debit,Income Statement,Yes,TX5,Active,2020-01-01,
GL-000718,550718,Warehouse Expense 0718,Expense,Warehouse,CC-00718,GL-000012,USD,Debit,Income Statement,Yes,TX0,Active,2020-01-01,
GL-000719,560719,Sales Expense 0719,Expense,Sales,CC-00719,GL-000013,USD,Debit,Income Statement,Yes,TX0,Active,2020-01-01,
GL-000720,570720,Administrative Expense 0720,Expense,Administration,CC-00720,GL-000014,USD,Debit,Income Statement,Yes,TX14,Active,2020-01-01,
GL-000721,100721,Cash 0721,Asset,Current Asset,CC-00721,GL-000015,USD,Debit,Balance Sheet,Yes,TX0,Active,2020-01-01,
GL-000722,110722,Accounts Receivable 0722,Asset,Current Asset,CC-00722,GL-000001,USD,Debit,Balance Sheet,Yes,EXEMPT,Active,2020-01-01,
GL-000723,120723,Inventory 0723,Asset,Current Asset,CC-00723,GL-000002,USD,Debit,Balance Sheet,Yes,TX5,Active,2020-01-01,
GL-000724,130724,Fixed Assets 0724,Asset,Non Current Asset,CC-00724,GL-000003,USD,Debit,Balance Sheet,Yes,TX5,Active,2020-01-01,
GL-000725,200725,Accounts Payable 0725,Liability,Current Liability,CC-00725,GL-000004,USD,Credit,Balance Sheet,Yes,EXEMPT,Active,2020-01-01,
GL-000726,300726,Equity 0726,Equity,Equity,CC-00726,GL-000005,USD,Credit,Balance Sheet,Yes,TX14,Active,2020-01-01,
GL-000727,400727,Sales Revenue 0727,Revenue,Operating Revenue,CC-00727,GL-000006,USD,Credit,Income Statement,Yes,TX0,Active,2020-01-01,
GL-000728,500728,Cost of Goods Sold 0728,Expense,COGS,CC-00728,GL-000007,USD,Debit,Income Statement,Yes,TX5,Active,2020-01-01,
GL-000729,510729,Production Cost 0729,Expense,Manufacturing,CC-00729,GL-000008,USD,Debit,Income Statement,Yes,TX14,Active,2020-01-01,
GL-000730,520730,Maintenance Expense 0730,Expense,Maintenance,CC-00730,GL-000009,USD,Debit,Income Statement,Yes,EXEMPT,Active,2020-01-01,
GL-000731,530731,Utilities Expense 0731,Expense,Utilities,CC-00731,GL-000010,USD,Debit,Income Statement,Yes,EXEMPT,Active,2020-01-01,
GL-000732,540732,Quality Expense 0732,Expense,Quality,CC-00732,GL-000011,USD,Debit,Income Statement,Yes,TX0,Active,2020-01-01,
GL-000733,550733,Warehouse Expense 0733,Expense,Warehouse,CC-00733,GL-000012,USD,Debit,Income Statement,Yes,EXEMPT,Active,2020-01-01,
GL-000734,560734,Sales Expense 0734,Expense,Sales,CC-00734,GL-000013,USD,Debit,Income Statement,Yes,TX14,Active,2020-01-01,
GL-000735,570735,Administrative Expense 0735,Expense,Administration,CC-00735,GL-000014,USD,Debit,Income Statement,Yes,EXEMPT,Active,2020-01-01,
GL-000736,100736,Cash 0736,Asset,Current Asset,CC-00736,GL-000015,USD,Debit,Balance Sheet,Yes,TX0,Active,2020-01-01,
GL-000737,110737,Accounts Receivable 0737,Asset,Current Asset,CC-00737,GL-000001,USD,Debit,Balance Sheet,Yes,TX5,Active,2020-01-01,
GL-000738,120738,Inventory 0738,Asset,Current Asset,CC-00738,GL-000002,USD,Debit,Balance Sheet,Yes,TX0,Active,2020-01-01,
GL-000739,130739,Fixed Assets 0739,Asset,Non Current Asset,CC-00739,GL-000003,USD,Debit,Balance Sheet,Yes,EXEMPT,Active,2020-01-01,
GL-000740,200740,Accounts Payable 0740,Liability,Current Liability,CC-00740,GL-000004,USD,Credit,Balance Sheet,Yes,TX14,Active,2020-01-01,
GL-000741,300741,Equity 0741,Equity,Equity,CC-00741,GL-000005,USD,Credit,Balance Sheet,Yes,EXEMPT,Active,2020-01-01,
GL-000742,400742,Sales Revenue 0742,Revenue,Operating Revenue,CC-00742,GL-000006,USD,Credit,Income Statement,Yes,TX0,Active,2020-01-01,
GL-000743,500743,Cost of Goods Sold 0743,Expense,COGS,CC-00743,GL-000007,USD,Debit,Income Statement,Yes,TX0,Active,2020-01-01,
GL-000744,510744,Production Cost 0744,Expense,Manufacturing,CC-00744,GL-000008,USD,Debit,Income Statement,Yes,TX14,Active,2020-01-01,
GL-000745,520745,Maintenance Expense 0745,Expense,Maintenance,CC-00745,GL-000009,USD,Debit,Income Statement,Yes,TX0,Active,2020-01-01,
GL-000746,530746,Utilities Expense 0746,Expense,Utilities,CC-00746,GL-000010,USD,Debit,Income Statement,Yes,TX14,Active,2020-01-01,
GL-000747,540747,Quality Expense 0747,Expense,Quality,CC-00747,GL-000011,USD,Debit,Income Statement,Yes,TX0,Active,2020-01-01,
GL-000748,550748,Warehouse Expense 0748,Expense,Warehouse,CC-00748,GL-000012,USD,Debit,Income Statement,Yes,EXEMPT,Active,2020-01-01,
GL-000749,560749,Sales Expense 0749,Expense,Sales,CC-00749,GL-000013,USD,Debit,Income Statement,Yes,TX5,Active,2020-01-01,
GL-000750,570750,Administrative Expense 0750,Expense,Administration,CC-00750,GL-000014,USD,Debit,Income Statement,Yes,TX0,Active,2020-01-01,
GL-000751,100751,Cash 0751,Asset,Current Asset,CC-00751,GL-000015,USD,Debit,Balance Sheet,Yes,EXEMPT,Active,2020-01-01,
GL-000752,110752,Accounts Receivable 0752,Asset,Current Asset,CC-00752,GL-000001,USD,Debit,Balance Sheet,Yes,TX0,Active,2020-01-01,
GL-000753,120753,Inventory 0753,Asset,Current Asset,CC-00753,GL-000002,USD,Debit,Balance Sheet,Yes,TX5,Active,2020-01-01,
GL-000754,130754,Fixed Assets 0754,Asset,Non Current Asset,CC-00754,GL-000003,USD,Debit,Balance Sheet,Yes,TX0,Active,2020-01-01,
GL-000755,200755,Accounts Payable 0755,Liability,Current Liability,CC-00755,GL-000004,USD,Credit,Balance Sheet,Yes,TX14,Active,2020-01-01,
GL-000756,300756,Equity 0756,Equity,Equity,CC-00756,GL-000005,USD,Credit,Balance Sheet,Yes,TX14,Active,2020-01-01,
GL-000757,400757,Sales Revenue 0757,Revenue,Operating Revenue,CC-00757,GL-000006,USD,Credit,Income Statement,Yes,TX14,Active,2020-01-01,
GL-000758,500758,Cost of Goods Sold 0758,Expense,COGS,CC-00758,GL-000007,USD,Debit,Income Statement,Yes,TX0,Active,2020-01-01,
GL-000759,510759,Production Cost 0759,Expense,Manufacturing,CC-00759,GL-000008,USD,Debit,Income Statement,Yes,TX5,Active,2020-01-01,
GL-000760,520760,Maintenance Expense 0760,Expense,Maintenance,CC-00760,GL-000009,USD,Debit,Income Statement,Yes,TX5,Active,2020-01-01,
GL-000761,530761,Utilities Expense 0761,Expense,Utilities,CC-00761,GL-000010,USD,Debit,Income Statement,Yes,EXEMPT,Active,2020-01-01,
GL-000762,540762,Quality Expense 0762,Expense,Quality,CC-00762,GL-000011,USD,Debit,Income Statement,Yes,TX5,Active,2020-01-01,
GL-000763,550763,Warehouse Expense 0763,Expense,Warehouse,CC-00763,GL-000012,USD,Debit,Income Statement,Yes,TX5,Active,2020-01-01,
GL-000764,560764,Sales Expense 0764,Expense,Sales,CC-00764,GL-000013,USD,Debit,Income Statement,Yes,TX0,Active,2020-01-01,
GL-000765,570765,Administrative Expense 0765,Expense,Administration,CC-00765,GL-000014,USD,Debit,Income Statement,Yes,TX14,Active,2020-01-01,
GL-000766,100766,Cash 0766,Asset,Current Asset,CC-00766,GL-000015,USD,Debit,Balance Sheet,Yes,TX5,Active,2020-01-01,
GL-000767,110767,Accounts Receivable 0767,Asset,Current Asset,CC-00767,GL-000001,USD,Debit,Balance Sheet,Yes,TX14,Active,2020-01-01,
GL-000768,120768,Inventory 0768,Asset,Current Asset,CC-00768,GL-000002,USD,Debit,Balance Sheet,Yes,TX5,Active,2020-01-01,
GL-000769,130769,Fixed Assets 0769,Asset,Non Current Asset,CC-00769,GL-000003,USD,Debit,Balance Sheet,Yes,TX5,Active,2020-01-01,
GL-000770,200770,Accounts Payable 0770,Liability,Current Liability,CC-00770,GL-000004,USD,Credit,Balance Sheet,Yes,EXEMPT,Active,2020-01-01,
GL-000771,300771,Equity 0771,Equity,Equity,CC-00771,GL-000005,USD,Credit,Balance Sheet,Yes,EXEMPT,Active,2020-01-01,
GL-000772,400772,Sales Revenue 0772,Revenue,Operating Revenue,CC-00772,GL-000006,USD,Credit,Income Statement,Yes,EXEMPT,Active,2020-01-01,
GL-000773,500773,Cost of Goods Sold 0773,Expense,COGS,CC-00773,GL-000007,USD,Debit,Income Statement,Yes,TX0,Active,2020-01-01,
GL-000774,510774,Production Cost 0774,Expense,Manufacturing,CC-00774,GL-000008,USD,Debit,Income Statement,Yes,EXEMPT,Active,2020-01-01,
GL-000775,520775,Maintenance Expense 0775,Expense,Maintenance,CC-00775,GL-000009,USD,Debit,Income Statement,Yes,EXEMPT,Active,2020-01-01,
GL-000776,530776,Utilities Expense 0776,Expense,Utilities,CC-00776,GL-000010,USD,Debit,Income Statement,Yes,TX14,Active,2020-01-01,
GL-000777,540777,Quality Expense 0777,Expense,Quality,CC-00777,GL-000011,USD,Debit,Income Statement,Yes,TX0,Active,2020-01-01,
GL-000778,550778,Warehouse Expense 0778,Expense,Warehouse,CC-00778,GL-000012,USD,Debit,Income Statement,Yes,TX14,Active,2020-01-01,
GL-000779,560779,Sales Expense 0779,Expense,Sales,CC-00779,GL-000013,USD,Debit,Income Statement,Yes,EXEMPT,Active,2020-01-01,
GL-000780,570780,Administrative Expense 0780,Expense,Administration,CC-00780,GL-000014,USD,Debit,Income Statement,Yes,EXEMPT,Active,2020-01-01,
GL-000781,100781,Cash 0781,Asset,Current Asset,CC-00781,GL-000015,USD,Debit,Balance Sheet,Yes,EXEMPT,Active,2020-01-01,
GL-000782,110782,Accounts Receivable 0782,Asset,Current Asset,CC-00782,GL-000001,USD,Debit,Balance Sheet,Yes,TX5,Active,2020-01-01,
GL-000783,120783,Inventory 0783,Asset,Current Asset,CC-00783,GL-000002,USD,Debit,Balance Sheet,Yes,TX0,Active,2020-01-01,
GL-000784,130784,Fixed Assets 0784,Asset,Non Current Asset,CC-00784,GL-000003,USD,Debit,Balance Sheet,Yes,EXEMPT,Active,2020-01-01,
GL-000785,200785,Accounts Payable 0785,Liability,Current Liability,CC-00785,GL-000004,USD,Credit,Balance Sheet,Yes,TX14,Active,2020-01-01,
GL-000786,300786,Equity 0786,Equity,Equity,CC-00786,GL-000005,USD,Credit,Balance Sheet,Yes,TX0,Active,2020-01-01,
GL-000787,400787,Sales Revenue 0787,Revenue,Operating Revenue,CC-00787,GL-000006,USD,Credit,Income Statement,Yes,TX5,Active,2020-01-01,
GL-000788,500788,Cost of Goods Sold 0788,Expense,COGS,CC-00788,GL-000007,USD,Debit,Income Statement,Yes,TX14,Active,2020-01-01,
GL-000789,510789,Production Cost 0789,Expense,Manufacturing,CC-00789,GL-000008,USD,Debit,Income Statement,Yes,EXEMPT,Active,2020-01-01,
GL-000790,520790,Maintenance Expense 0790,Expense,Maintenance,CC-00790,GL-000009,USD,Debit,Income Statement,Yes,TX14,Active,2020-01-01,
GL-000791,530791,Utilities Expense 0791,Expense,Utilities,CC-00791,GL-000010,USD,Debit,Income Statement,Yes,EXEMPT,Active,2020-01-01,
GL-000792,540792,Quality Expense 0792,Expense,Quality,CC-00792,GL-000011,USD,Debit,Income Statement,Yes,TX5,Active,2020-01-01,
GL-000793,550793,Warehouse Expense 0793,Expense,Warehouse,CC-00793,GL-000012,USD,Debit,Income Statement,Yes,TX5,Active,2020-01-01,
GL-000794,560794,Sales Expense 0794,Expense,Sales,CC-00794,GL-000013,USD,Debit,Income Statement,Yes,TX14,Active,2020-01-01,
GL-000795,570795,Administrative Expense 0795,Expense,Administration,CC-00795,GL-000014,USD,Debit,Income Statement,Yes,TX14,Active,2020-01-01,
GL-000796,100796,Cash 0796,Asset,Current Asset,CC-00796,GL-000015,USD,Debit,Balance Sheet,Yes,EXEMPT,Active,2020-01-01,
GL-000797,110797,Accounts Receivable 0797,Asset,Current Asset,CC-00797,GL-000001,USD,Debit,Balance Sheet,Yes,TX5,Active,2020-01-01,
GL-000798,120798,Inventory 0798,Asset,Current Asset,CC-00798,GL-000002,USD,Debit,Balance Sheet,Yes,TX5,Active,2020-01-01,
GL-000799,130799,Fixed Assets 0799,Asset,Non Current Asset,CC-00799,GL-000003,USD,Debit,Balance Sheet,Yes,TX0,Active,2020-01-01,
GL-000800,200800,Accounts Payable 0800,Liability,Current Liability,CC-00800,GL-000004,USD,Credit,Balance Sheet,Yes,TX14,Active,2020-01-01,
GL-000801,300801,Equity 0801,Equity,Equity,CC-00801,GL-000005,USD,Credit,Balance Sheet,Yes,EXEMPT,Active,2020-01-01,
GL-000802,400802,Sales Revenue 0802,Revenue,Operating Revenue,CC-00802,GL-000006,USD,Credit,Income Statement,Yes,TX14,Active,2020-01-01,
GL-000803,500803,Cost of Goods Sold 0803,Expense,COGS,CC-00803,GL-000007,USD,Debit,Income Statement,Yes,TX14,Active,2020-01-01,
GL-000804,510804,Production Cost 0804,Expense,Manufacturing,CC-00804,GL-000008,USD,Debit,Income Statement,Yes,TX14,Active,2020-01-01,
GL-000805,520805,Maintenance Expense 0805,Expense,Maintenance,CC-00805,GL-000009,USD,Debit,Income Statement,Yes,EXEMPT,Active,2020-01-01,
GL-000806,530806,Utilities Expense 0806,Expense,Utilities,CC-00806,GL-000010,USD,Debit,Income Statement,Yes,TX0,Active,2020-01-01,
GL-000807,540807,Quality Expense 0807,Expense,Quality,CC-00807,GL-000011,USD,Debit,Income Statement,Yes,TX14,Active,2020-01-01,
GL-000808,550808,Warehouse Expense 0808,Expense,Warehouse,CC-00808,GL-000012,USD,Debit,Income Statement,Yes,TX14,Active,2020-01-01,
GL-000809,560809,Sales Expense 0809,Expense,Sales,CC-00809,GL-000013,USD,Debit,Income Statement,Yes,TX5,Active,2020-01-01,
GL-000810,570810,Administrative Expense 0810,Expense,Administration,CC-00810,GL-000014,USD,Debit,Income Statement,Yes,EXEMPT,Active,2020-01-01,
GL-000811,100811,Cash 0811,Asset,Current Asset,CC-00811,GL-000015,USD,Debit,Balance Sheet,Yes,TX5,Active,2020-01-01,
GL-000812,110812,Accounts Receivable 0812,Asset,Current Asset,CC-00812,GL-000001,USD,Debit,Balance Sheet,Yes,TX14,Active,2020-01-01,
GL-000813,120813,Inventory 0813,Asset,Current Asset,CC-00813,GL-000002,USD,Debit,Balance Sheet,Yes,EXEMPT,Active,2020-01-01,
GL-000814,130814,Fixed Assets 0814,Asset,Non Current Asset,CC-00814,GL-000003,USD,Debit,Balance Sheet,Yes,EXEMPT,Active,2020-01-01,
GL-000815,200815,Accounts Payable 0815,Liability,Current Liability,CC-00815,GL-000004,USD,Credit,Balance Sheet,Yes,TX0,Active,2020-01-01,
GL-000816,300816,Equity 0816,Equity,Equity,CC-00816,GL-000005,USD,Credit,Balance Sheet,Yes,TX0,Active,2020-01-01,
GL-000817,400817,Sales Revenue 0817,Revenue,Operating Revenue,CC-00817,GL-000006,USD,Credit,Income Statement,Yes,EXEMPT,Active,2020-01-01,
GL-000818,500818,Cost of Goods Sold 0818,Expense,COGS,CC-00818,GL-000007,USD,Debit,Income Statement,Yes,TX5,Active,2020-01-01,
GL-000819,510819,Production Cost 0819,Expense,Manufacturing,CC-00819,GL-000008,USD,Debit,Income Statement,Yes,TX0,Active,2020-01-01,
GL-000820,520820,Maintenance Expense 0820,Expense,Maintenance,CC-00820,GL-000009,USD,Debit,Income Statement,Yes,TX5,Active,2020-01-01,
GL-000821,530821,Utilities Expense 0821,Expense,Utilities,CC-00821,GL-000010,USD,Debit,Income Statement,Yes,TX5,Active,2020-01-01,
GL-000822,540822,Quality Expense 0822,Expense,Quality,CC-00822,GL-000011,USD,Debit,Income Statement,Yes,TX5,Active,2020-01-01,
GL-000823,550823,Warehouse Expense 0823,Expense,Warehouse,CC-00823,GL-000012,USD,Debit,Income Statement,Yes,TX5,Active,2020-01-01,
GL-000824,560824,Sales Expense 0824,Expense,Sales,CC-00824,GL-000013,USD,Debit,Income Statement,Yes,TX0,Active,2020-01-01,
GL-000825,570825,Administrative Expense 0825,Expense,Administration,CC-00825,GL-000014,USD,Debit,Income Statement,Yes,TX0,Active,2020-01-01,
GL-000826,100826,Cash 0826,Asset,Current Asset,CC-00826,GL-000015,USD,Debit,Balance Sheet,Yes,TX0,Active,2020-01-01,
GL-000827,110827,Accounts Receivable 0827,Asset,Current Asset,CC-00827,GL-000001,USD,Debit,Balance Sheet,Yes,TX14,Active,2020-01-01,
GL-000828,120828,Inventory 0828,Asset,Current Asset,CC-00828,GL-000002,USD,Debit,Balance Sheet,Yes,EXEMPT,Active,2020-01-01,
GL-000829,130829,Fixed Assets 0829,Asset,Non Current Asset,CC-00829,GL-000003,USD,Debit,Balance Sheet,Yes,TX5,Active,2020-01-01,
GL-000830,200830,Accounts Payable 0830,Liability,Current Liability,CC-00830,GL-000004,USD,Credit,Balance Sheet,Yes,TX5,Active,2020-01-01,
GL-000831,300831,Equity 0831,Equity,Equity,CC-00831,GL-000005,USD,Credit,Balance Sheet,Yes,TX0,Active,2020-01-01,
GL-000832,400832,Sales Revenue 0832,Revenue,Operating Revenue,CC-00832,GL-000006,USD,Credit,Income Statement,Yes,EXEMPT,Active,2020-01-01,
GL-000833,500833,Cost of Goods Sold 0833,Expense,COGS,CC-00833,GL-000007,USD,Debit,Income Statement,Yes,TX5,Active,2020-01-01,
GL-000834,510834,Production Cost 0834,Expense,Manufacturing,CC-00834,GL-000008,USD,Debit,Income Statement,Yes,TX5,Active,2020-01-01,
GL-000835,520835,Maintenance Expense 0835,Expense,Maintenance,CC-00835,GL-000009,USD,Debit,Income Statement,Yes,TX14,Active,2020-01-01,
GL-000836,530836,Utilities Expense 0836,Expense,Utilities,CC-00836,GL-000010,USD,Debit,Income Statement,Yes,TX5,Active,2020-01-01,
GL-000837,540837,Quality Expense 0837,Expense,Quality,CC-00837,GL-000011,USD,Debit,Income Statement,Yes,TX5,Active,2020-01-01,
GL-000838,550838,Warehouse Expense 0838,Expense,Warehouse,CC-00838,GL-000012,USD,Debit,Income Statement,Yes,TX5,Active,2020-01-01,
GL-000839,560839,Sales Expense 0839,Expense,Sales,CC-00839,GL-000013,USD,Debit,Income Statement,Yes,TX5,Active,2020-01-01,
GL-000840,570840,Administrative Expense 0840,Expense,Administration,CC-00840,GL-000014,USD,Debit,Income Statement,Yes,TX14,Active,2020-01-01,
GL-000841,100841,Cash 0841,Asset,Current Asset,CC-00841,GL-000015,USD,Debit,Balance Sheet,Yes,TX0,Active,2020-01-01,
GL-000842,110842,Accounts Receivable 0842,Asset,Current Asset,CC-00842,GL-000001,USD,Debit,Balance Sheet,Yes,TX0,Active,2020-01-01,
GL-000843,120843,Inventory 0843,Asset,Current Asset,CC-00843,GL-000002,USD,Debit,Balance Sheet,Yes,TX5,Active,2020-01-01,
GL-000844,130844,Fixed Assets 0844,Asset,Non Current Asset,CC-00844,GL-000003,USD,Debit,Balance Sheet,Yes,EXEMPT,Active,2020-01-01,
GL-000845,200845,Accounts Payable 0845,Liability,Current Liability,CC-00845,GL-000004,USD,Credit,Balance Sheet,Yes,TX14,Active,2020-01-01,
GL-000846,300846,Equity 0846,Equity,Equity,CC-00846,GL-000005,USD,Credit,Balance Sheet,Yes,TX0,Active,2020-01-01,
GL-000847,400847,Sales Revenue 0847,Revenue,Operating Revenue,CC-00847,GL-000006,USD,Credit,Income Statement,Yes,TX14,Active,2020-01-01,
GL-000848,500848,Cost of Goods Sold 0848,Expense,COGS,CC-00848,GL-000007,USD,Debit,Income Statement,Yes,TX0,Active,2020-01-01,
GL-000849,510849,Production Cost 0849,Expense,Manufacturing,CC-00849,GL-000008,USD,Debit,Income Statement,Yes,TX14,Active,2020-01-01,
GL-000850,520850,Maintenance Expense 0850,Expense,Maintenance,CC-00850,GL-000009,USD,Debit,Income Statement,Yes,TX14,Active,2020-01-01,
GL-000851,530851,Utilities Expense 0851,Expense,Utilities,CC-00851,GL-000010,USD,Debit,Income Statement,Yes,TX14,Active,2020-01-01,
GL-000852,540852,Quality Expense 0852,Expense,Quality,CC-00852,GL-000011,USD,Debit,Income Statement,Yes,TX0,Active,2020-01-01,
GL-000853,550853,Warehouse Expense 0853,Expense,Warehouse,CC-00853,GL-000012,USD,Debit,Income Statement,Yes,TX14,Active,2020-01-01,
GL-000854,560854,Sales Expense 0854,Expense,Sales,CC-00854,GL-000013,USD,Debit,Income Statement,Yes,TX0,Active,2020-01-01,
GL-000855,570855,Administrative Expense 0855,Expense,Administration,CC-00855,GL-000014,USD,Debit,Income Statement,Yes,EXEMPT,Active,2020-01-01,
GL-000856,100856,Cash 0856,Asset,Current Asset,CC-00856,GL-000015,USD,Debit,Balance Sheet,Yes,TX14,Active,2020-01-01,
GL-000857,110857,Accounts Receivable 0857,Asset,Current Asset,CC-00857,GL-000001,USD,Debit,Balance Sheet,Yes,EXEMPT,Active,2020-01-01,
GL-000858,120858,Inventory 0858,Asset,Current Asset,CC-00858,GL-000002,USD,Debit,Balance Sheet,Yes,TX5,Active,2020-01-01,
GL-000859,130859,Fixed Assets 0859,Asset,Non Current Asset,CC-00859,GL-000003,USD,Debit,Balance Sheet,Yes,TX14,Active,2020-01-01,
GL-000860,200860,Accounts Payable 0860,Liability,Current Liability,CC-00860,GL-000004,USD,Credit,Balance Sheet,Yes,TX0,Active,2020-01-01,
GL-000861,300861,Equity 0861,Equity,Equity,CC-00861,GL-000005,USD,Credit,Balance Sheet,Yes,TX14,Active,2020-01-01,
GL-000862,400862,Sales Revenue 0862,Revenue,Operating Revenue,CC-00862,GL-000006,USD,Credit,Income Statement,Yes,TX5,Active,2020-01-01,
GL-000863,500863,Cost of Goods Sold 0863,Expense,COGS,CC-00863,GL-000007,USD,Debit,Income Statement,Yes,EXEMPT,Active,2020-01-01,
GL-000864,510864,Production Cost 0864,Expense,Manufacturing,CC-00864,GL-000008,USD,Debit,Income Statement,Yes,EXEMPT,Active,2020-01-01,
GL-000865,520865,Maintenance Expense 0865,Expense,Maintenance,CC-00865,GL-000009,USD,Debit,Income Statement,Yes,TX5,Active,2020-01-01,
GL-000866,530866,Utilities Expense 0866,Expense,Utilities,CC-00866,GL-000010,USD,Debit,Income Statement,Yes,EXEMPT,Active,2020-01-01,
GL-000867,540867,Quality Expense 0867,Expense,Quality,CC-00867,GL-000011,USD,Debit,Income Statement,Yes,TX0,Active,2020-01-01,
GL-000868,550868,Warehouse Expense 0868,Expense,Warehouse,CC-00868,GL-000012,USD,Debit,Income Statement,Yes,TX14,Active,2020-01-01,
GL-000869,560869,Sales Expense 0869,Expense,Sales,CC-00869,GL-000013,USD,Debit,Income Statement,Yes,TX0,Active,2020-01-01,
GL-000870,570870,Administrative Expense 0870,Expense,Administration,CC-00870,GL-000014,USD,Debit,Income Statement,Yes,TX5,Active,2020-01-01,
GL-000871,100871,Cash 0871,Asset,Current Asset,CC-00871,GL-000015,USD,Debit,Balance Sheet,Yes,EXEMPT,Active,2020-01-01,
GL-000872,110872,Accounts Receivable 0872,Asset,Current Asset,CC-00872,GL-000001,USD,Debit,Balance Sheet,Yes,TX14,Active,2020-01-01,
GL-000873,120873,Inventory 0873,Asset,Current Asset,CC-00873,GL-000002,USD,Debit,Balance Sheet,Yes,TX14,Active,2020-01-01,
GL-000874,130874,Fixed Assets 0874,Asset,Non Current Asset,CC-00874,GL-000003,USD,Debit,Balance Sheet,Yes,EXEMPT,Active,2020-01-01,
GL-000875,200875,Accounts Payable 0875,Liability,Current Liability,CC-00875,GL-000004,USD,Credit,Balance Sheet,Yes,TX5,Active,2020-01-01,
GL-000876,300876,Equity 0876,Equity,Equity,CC-00876,GL-000005,USD,Credit,Balance Sheet,Yes,TX14,Active,2020-01-01,
GL-000877,400877,Sales Revenue 0877,Revenue,Operating Revenue,CC-00877,GL-000006,USD,Credit,Income Statement,Yes,TX5,Active,2020-01-01,
GL-000878,500878,Cost of Goods Sold 0878,Expense,COGS,CC-00878,GL-000007,USD,Debit,Income Statement,Yes,TX0,Active,2020-01-01,
GL-000879,510879,Production Cost 0879,Expense,Manufacturing,CC-00879,GL-000008,USD,Debit,Income Statement,Yes,TX5,Active,2020-01-01,
GL-000880,520880,Maintenance Expense 0880,Expense,Maintenance,CC-00880,GL-000009,USD,Debit,Income Statement,Yes,TX0,Active,2020-01-01,
GL-000881,530881,Utilities Expense 0881,Expense,Utilities,CC-00881,GL-000010,USD,Debit,Income Statement,Yes,EXEMPT,Active,2020-01-01,
GL-000882,540882,Quality Expense 0882,Expense,Quality,CC-00882,GL-000011,USD,Debit,Income Statement,Yes,TX0,Active,2020-01-01,
GL-000883,550883,Warehouse Expense 0883,Expense,Warehouse,CC-00883,GL-000012,USD,Debit,Income Statement,Yes,TX5,Active,2020-01-01,
GL-000884,560884,Sales Expense 0884,Expense,Sales,CC-00884,GL-000013,USD,Debit,Income Statement,Yes,EXEMPT,Active,2020-01-01,
GL-000885,570885,Administrative Expense 0885,Expense,Administration,CC-00885,GL-000014,USD,Debit,Income Statement,Yes,TX5,Active,2020-01-01,
GL-000886,100886,Cash 0886,Asset,Current Asset,CC-00886,GL-000015,USD,Debit,Balance Sheet,Yes,TX0,Active,2020-01-01,
GL-000887,110887,Accounts Receivable 0887,Asset,Current Asset,CC-00887,GL-000001,USD,Debit,Balance Sheet,Yes,TX14,Active,2020-01-01,
GL-000888,120888,Inventory 0888,Asset,Current Asset,CC-00888,GL-000002,USD,Debit,Balance Sheet,Yes,TX5,Active,2020-01-01,
GL-000889,130889,Fixed Assets 0889,Asset,Non Current Asset,CC-00889,GL-000003,USD,Debit,Balance Sheet,Yes,EXEMPT,Active,2020-01-01,
GL-000890,200890,Accounts Payable 0890,Liability,Current Liability,CC-00890,GL-000004,USD,Credit,Balance Sheet,Yes,TX0,Active,2020-01-01,
GL-000891,300891,Equity 0891,Equity,Equity,CC-00891,GL-000005,USD,Credit,Balance Sheet,Yes,EXEMPT,Active,2020-01-01,
GL-000892,400892,Sales Revenue 0892,Revenue,Operating Revenue,CC-00892,GL-000006,USD,Credit,Income Statement,Yes,TX0,Active,2020-01-01,
GL-000893,500893,Cost of Goods Sold 0893,Expense,COGS,CC-00893,GL-000007,USD,Debit,Income Statement,Yes,TX14,Active,2020-01-01,
GL-000894,510894,Production Cost 0894,Expense,Manufacturing,CC-00894,GL-000008,USD,Debit,Income Statement,Yes,TX5,Active,2020-01-01,
GL-000895,520895,Maintenance Expense 0895,Expense,Maintenance,CC-00895,GL-000009,USD,Debit,Income Statement,Yes,EXEMPT,Active,2020-01-01,
GL-000896,530896,Utilities Expense 0896,Expense,Utilities,CC-00896,GL-000010,USD,Debit,Income Statement,Yes,EXEMPT,Active,2020-01-01,
GL-000897,540897,Quality Expense 0897,Expense,Quality,CC-00897,GL-000011,USD,Debit,Income Statement,Yes,TX0,Active,2020-01-01,
GL-000898,550898,Warehouse Expense 0898,Expense,Warehouse,CC-00898,GL-000012,USD,Debit,Income Statement,Yes,TX5,Active,2020-01-01,
GL-000899,560899,Sales Expense 0899,Expense,Sales,CC-00899,GL-000013,USD,Debit,Income Statement,Yes,EXEMPT,Active,2020-01-01,
GL-000900,570900,Administrative Expense 0900,Expense,Administration,CC-00900,GL-000014,USD,Debit,Income Statement,Yes,TX5,Active,2020-01-01,
GL-000901,100901,Cash 0901,Asset,Current Asset,CC-00901,GL-000015,USD,Debit,Balance Sheet,Yes,EXEMPT,Active,2020-01-01,
GL-000902,110902,Accounts Receivable 0902,Asset,Current Asset,CC-00902,GL-000001,USD,Debit,Balance Sheet,Yes,EXEMPT,Active,2020-01-01,
GL-000903,120903,Inventory 0903,Asset,Current Asset,CC-00903,GL-000002,USD,Debit,Balance Sheet,Yes,TX0,Active,2020-01-01,
GL-000904,130904,Fixed Assets 0904,Asset,Non Current Asset,CC-00904,GL-000003,USD,Debit,Balance Sheet,Yes,TX5,Active,2020-01-01,
GL-000905,200905,Accounts Payable 0905,Liability,Current Liability,CC-00905,GL-000004,USD,Credit,Balance Sheet,Yes,TX0,Active,2020-01-01,
GL-000906,300906,Equity 0906,Equity,Equity,CC-00906,GL-000005,USD,Credit,Balance Sheet,Yes,TX5,Active,2020-01-01,
GL-000907,400907,Sales Revenue 0907,Revenue,Operating Revenue,CC-00907,GL-000006,USD,Credit,Income Statement,Yes,EXEMPT,Active,2020-01-01,
GL-000908,500908,Cost of Goods Sold 0908,Expense,COGS,CC-00908,GL-000007,USD,Debit,Income Statement,Yes,TX0,Active,2020-01-01,
GL-000909,510909,Production Cost 0909,Expense,Manufacturing,CC-00909,GL-000008,USD,Debit,Income Statement,Yes,TX0,Active,2020-01-01,
GL-000910,520910,Maintenance Expense 0910,Expense,Maintenance,CC-00910,GL-000009,USD,Debit,Income Statement,Yes,TX14,Active,2020-01-01,
GL-000911,530911,Utilities Expense 0911,Expense,Utilities,CC-00911,GL-000010,USD,Debit,Income Statement,Yes,TX14,Active,2020-01-01,
GL-000912,540912,Quality Expense 0912,Expense,Quality,CC-00912,GL-000011,USD,Debit,Income Statement,Yes,TX5,Active,2020-01-01,
GL-000913,550913,Warehouse Expense 0913,Expense,Warehouse,CC-00913,GL-000012,USD,Debit,Income Statement,Yes,TX5,Active,2020-01-01,
GL-000914,560914,Sales Expense 0914,Expense,Sales,CC-00914,GL-000013,USD,Debit,Income Statement,Yes,EXEMPT,Active,2020-01-01,
GL-000915,570915,Administrative Expense 0915,Expense,Administration,CC-00915,GL-000014,USD,Debit,Income Statement,Yes,TX0,Active,2020-01-01,
GL-000916,100916,Cash 0916,Asset,Current Asset,CC-00916,GL-000015,USD,Debit,Balance Sheet,Yes,TX0,Active,2020-01-01,
GL-000917,110917,Accounts Receivable 0917,Asset,Current Asset,CC-00917,GL-000001,USD,Debit,Balance Sheet,Yes,EXEMPT,Active,2020-01-01,
GL-000918,120918,Inventory 0918,Asset,Current Asset,CC-00918,GL-000002,USD,Debit,Balance Sheet,Yes,TX14,Active,2020-01-01,
GL-000919,130919,Fixed Assets 0919,Asset,Non Current Asset,CC-00919,GL-000003,USD,Debit,Balance Sheet,Yes,TX5,Active,2020-01-01,
GL-000920,200920,Accounts Payable 0920,Liability,Current Liability,CC-00920,GL-000004,USD,Credit,Balance Sheet,Yes,EXEMPT,Active,2020-01-01,
GL-000921,300921,Equity 0921,Equity,Equity,CC-00921,GL-000005,USD,Credit,Balance Sheet,Yes,TX0,Active,2020-01-01,
GL-000922,400922,Sales Revenue 0922,Revenue,Operating Revenue,CC-00922,GL-000006,USD,Credit,Income Statement,Yes,TX5,Active,2020-01-01,
GL-000923,500923,Cost of Goods Sold 0923,Expense,COGS,CC-00923,GL-000007,USD,Debit,Income Statement,Yes,TX14,Active,2020-01-01,
GL-000924,510924,Production Cost 0924,Expense,Manufacturing,CC-00924,GL-000008,USD,Debit,Income Statement,Yes,TX5,Active,2020-01-01,
GL-000925,520925,Maintenance Expense 0925,Expense,Maintenance,CC-00925,GL-000009,USD,Debit,Income Statement,Yes,TX5,Active,2020-01-01,
GL-000926,530926,Utilities Expense 0926,Expense,Utilities,CC-00926,GL-000010,USD,Debit,Income Statement,Yes,EXEMPT,Active,2020-01-01,
GL-000927,540927,Quality Expense 0927,Expense,Quality,CC-00927,GL-000011,USD,Debit,Income Statement,Yes,EXEMPT,Active,2020-01-01,
GL-000928,550928,Warehouse Expense 0928,Expense,Warehouse,CC-00928,GL-000012,USD,Debit,Income Statement,Yes,EXEMPT,Active,2020-01-01,
GL-000929,560929,Sales Expense 0929,Expense,Sales,CC-00929,GL-000013,USD,Debit,Income Statement,Yes,EXEMPT,Active,2020-01-01,
GL-000930,570930,Administrative Expense 0930,Expense,Administration,CC-00930,GL-000014,USD,Debit,Income Statement,Yes,TX5,Active,2020-01-01,
GL-000931,100931,Cash 0931,Asset,Current Asset,CC-00931,GL-000015,USD,Debit,Balance Sheet,Yes,TX0,Active,2020-01-01,
GL-000932,110932,Accounts Receivable 0932,Asset,Current Asset,CC-00932,GL-000001,USD,Debit,Balance Sheet,Yes,TX5,Active,2020-01-01,
GL-000933,120933,Inventory 0933,Asset,Current Asset,CC-00933,GL-000002,USD,Debit,Balance Sheet,Yes,TX5,Active,2020-01-01,
GL-000934,130934,Fixed Assets 0934,Asset,Non Current Asset,CC-00934,GL-000003,USD,Debit,Balance Sheet,Yes,TX0,Active,2020-01-01,
GL-000935,200935,Accounts Payable 0935,Liability,Current Liability,CC-00935,GL-000004,USD,Credit,Balance Sheet,Yes,EXEMPT,Active,2020-01-01,
GL-000936,300936,Equity 0936,Equity,Equity,CC-00936,GL-000005,USD,Credit,Balance Sheet,Yes,TX14,Active,2020-01-01,
GL-000937,400937,Sales Revenue 0937,Revenue,Operating Revenue,CC-00937,GL-000006,USD,Credit,Income Statement,Yes,TX0,Active,2020-01-01,
GL-000938,500938,Cost of Goods Sold 0938,Expense,COGS,CC-00938,GL-000007,USD,Debit,Income Statement,Yes,TX5,Active,2020-01-01,
GL-000939,510939,Production Cost 0939,Expense,Manufacturing,CC-00939,GL-000008,USD,Debit,Income Statement,Yes,TX0,Active,2020-01-01,
GL-000940,520940,Maintenance Expense 0940,Expense,Maintenance,CC-00940,GL-000009,USD,Debit,Income Statement,Yes,TX14,Active,2020-01-01,
GL-000941,530941,Utilities Expense 0941,Expense,Utilities,CC-00941,GL-000010,USD,Debit,Income Statement,Yes,TX14,Active,2020-01-01,
GL-000942,540942,Quality Expense 0942,Expense,Quality,CC-00942,GL-000011,USD,Debit,Income Statement,Yes,TX0,Active,2020-01-01,
GL-000943,550943,Warehouse Expense 0943,Expense,Warehouse,CC-00943,GL-000012,USD,Debit,Income Statement,Yes,EXEMPT,Active,2020-01-01,
GL-000944,560944,Sales Expense 0944,Expense,Sales,CC-00944,GL-000013,USD,Debit,Income Statement,Yes,EXEMPT,Active,2020-01-01,
GL-000945,570945,Administrative Expense 0945,Expense,Administration,CC-00945,GL-000014,USD,Debit,Income Statement,Yes,TX14,Active,2020-01-01,
GL-000946,100946,Cash 0946,Asset,Current Asset,CC-00946,GL-000015,USD,Debit,Balance Sheet,Yes,TX5,Active,2020-01-01,
GL-000947,110947,Accounts Receivable 0947,Asset,Current Asset,CC-00947,GL-000001,USD,Debit,Balance Sheet,Yes,TX5,Active,2020-01-01,
GL-000948,120948,Inventory 0948,Asset,Current Asset,CC-00948,GL-000002,USD,Debit,Balance Sheet,Yes,TX5,Active,2020-01-01,
GL-000949,130949,Fixed Assets 0949,Asset,Non Current Asset,CC-00949,GL-000003,USD,Debit,Balance Sheet,Yes,TX0,Active,2020-01-01,
GL-000950,200950,Accounts Payable 0950,Liability,Current Liability,CC-00950,GL-000004,USD,Credit,Balance Sheet,Yes,EXEMPT,Active,2020-01-01,
GL-000951,300951,Equity 0951,Equity,Equity,CC-00951,GL-000005,USD,Credit,Balance Sheet,Yes,EXEMPT,Active,2020-01-01,
GL-000952,400952,Sales Revenue 0952,Revenue,Operating Revenue,CC-00952,GL-000006,USD,Credit,Income Statement,Yes,TX14,Active,2020-01-01,
GL-000953,500953,Cost of Goods Sold 0953,Expense,COGS,CC-00953,GL-000007,USD,Debit,Income Statement,Yes,TX0,Active,2020-01-01,
GL-000954,510954,Production Cost 0954,Expense,Manufacturing,CC-00954,GL-000008,USD,Debit,Income Statement,Yes,TX14,Active,2020-01-01,
GL-000955,520955,Maintenance Expense 0955,Expense,Maintenance,CC-00955,GL-000009,USD,Debit,Income Statement,Yes,TX0,Active,2020-01-01,
GL-000956,530956,Utilities Expense 0956,Expense,Utilities,CC-00956,GL-000010,USD,Debit,Income Statement,Yes,TX5,Active,2020-01-01,
GL-000957,540957,Quality Expense 0957,Expense,Quality,CC-00957,GL-000011,USD,Debit,Income Statement,Yes,TX0,Active,2020-01-01,
GL-000958,550958,Warehouse Expense 0958,Expense,Warehouse,CC-00958,GL-000012,USD,Debit,Income Statement,Yes,TX14,Active,2020-01-01,
GL-000959,560959,Sales Expense 0959,Expense,Sales,CC-00959,GL-000013,USD,Debit,Income Statement,Yes,TX14,Active,2020-01-01,
GL-000960,570960,Administrative Expense 0960,Expense,Administration,CC-00960,GL-000014,USD,Debit,Income Statement,Yes,EXEMPT,Active,2020-01-01,
GL-000961,100961,Cash 0961,Asset,Current Asset,CC-00961,GL-000015,USD,Debit,Balance Sheet,Yes,TX5,Active,2020-01-01,
GL-000962,110962,Accounts Receivable 0962,Asset,Current Asset,CC-00962,GL-000001,USD,Debit,Balance Sheet,Yes,TX0,Active,2020-01-01,
GL-000963,120963,Inventory 0963,Asset,Current Asset,CC-00963,GL-000002,USD,Debit,Balance Sheet,Yes,TX5,Active,2020-01-01,
GL-000964,130964,Fixed Assets 0964,Asset,Non Current Asset,CC-00964,GL-000003,USD,Debit,Balance Sheet,Yes,TX0,Active,2020-01-01,
GL-000965,200965,Accounts Payable 0965,Liability,Current Liability,CC-00965,GL-000004,USD,Credit,Balance Sheet,Yes,TX14,Active,2020-01-01,
GL-000966,300966,Equity 0966,Equity,Equity,CC-00966,GL-000005,USD,Credit,Balance Sheet,Yes,EXEMPT,Active,2020-01-01,
GL-000967,400967,Sales Revenue 0967,Revenue,Operating Revenue,CC-00967,GL-000006,USD,Credit,Income Statement,Yes,TX5,Active,2020-01-01,
GL-000968,500968,Cost of Goods Sold 0968,Expense,COGS,CC-00968,GL-000007,USD,Debit,Income Statement,Yes,EXEMPT,Active,2020-01-01,
GL-000969,510969,Production Cost 0969,Expense,Manufacturing,CC-00969,GL-000008,USD,Debit,Income Statement,Yes,EXEMPT,Active,2020-01-01,
GL-000970,520970,Maintenance Expense 0970,Expense,Maintenance,CC-00970,GL-000009,USD,Debit,Income Statement,Yes,TX14,Active,2020-01-01,
GL-000971,530971,Utilities Expense 0971,Expense,Utilities,CC-00971,GL-000010,USD,Debit,Income Statement,Yes,TX5,Active,2020-01-01,
GL-000972,540972,Quality Expense 0972,Expense,Quality,CC-00972,GL-000011,USD,Debit,Income Statement,Yes,TX5,Active,2020-01-01,
GL-000973,550973,Warehouse Expense 0973,Expense,Warehouse,CC-00973,GL-000012,USD,Debit,Income Statement,Yes,TX5,Active,2020-01-01,
GL-000974,560974,Sales Expense 0974,Expense,Sales,CC-00974,GL-000013,USD,Debit,Income Statement,Yes,TX14,Active,2020-01-01,
GL-000975,570975,Administrative Expense 0975,Expense,Administration,CC-00975,GL-000014,USD,Debit,Income Statement,Yes,TX0,Active,2020-01-01,
GL-000976,100976,Cash 0976,Asset,Current Asset,CC-00976,GL-000015,USD,Debit,Balance Sheet,Yes,TX0,Active,2020-01-01,
GL-000977,110977,Accounts Receivable 0977,Asset,Current Asset,CC-00977,GL-000001,USD,Debit,Balance Sheet,Yes,EXEMPT,Active,2020-01-01,
GL-000978,120978,Inventory 0978,Asset,Current Asset,CC-00978,GL-000002,USD,Debit,Balance Sheet,Yes,TX0,Active,2020-01-01,
GL-000979,130979,Fixed Assets 0979,Asset,Non Current Asset,CC-00979,GL-000003,USD,Debit,Balance Sheet,Yes,TX0,Active,2020-01-01,
GL-000980,200980,Accounts Payable 0980,Liability,Current Liability,CC-00980,GL-000004,USD,Credit,Balance Sheet,Yes,TX5,Active,2020-01-01,
GL-000981,300981,Equity 0981,Equity,Equity,CC-00981,GL-000005,USD,Credit,Balance Sheet,Yes,TX5,Active,2020-01-01,
GL-000982,400982,Sales Revenue 0982,Revenue,Operating Revenue,CC-00982,GL-000006,USD,Credit,Income Statement,Yes,TX14,Active,2020-01-01,
GL-000983,500983,Cost of Goods Sold 0983,Expense,COGS,CC-00983,GL-000007,USD,Debit,Income Statement,Yes,TX14,Active,2020-01-01,
GL-000984,510984,Production Cost 0984,Expense,Manufacturing,CC-00984,GL-000008,USD,Debit,Income Statement,Yes,TX0,Active,2020-01-01,
GL-000985,520985,Maintenance Expense 0985,Expense,Maintenance,CC-00985,GL-000009,USD,Debit,Income Statement,Yes,EXEMPT,Active,2020-01-01,
GL-000986,530986,Utilities Expense 0986,Expense,Utilities,CC-00986,GL-000010,USD,Debit,Income Statement,Yes,TX14,Active,2020-01-01,
GL-000987,540987,Quality Expense 0987,Expense,Quality,CC-00987,GL-000011,USD,Debit,Income Statement,Yes,TX5,Active,2020-01-01,
GL-000988,550988,Warehouse Expense 0988,Expense,Warehouse,CC-00988,GL-000012,USD,Debit,Income Statement,Yes,TX5,Active,2020-01-01,
GL-000989,560989,Sales Expense 0989,Expense,Sales,CC-00989,GL-000013,USD,Debit,Income Statement,Yes,TX0,Active,2020-01-01,
GL-000990,570990,Administrative Expense 0990,Expense,Administration,CC-00990,GL-000014,USD,Debit,Income Statement,Yes,TX0,Active,2020-01-01,
GL-000991,100991,Cash 0991,Asset,Current Asset,CC-00991,GL-000015,USD,Debit,Balance Sheet,Yes,TX5,Active,2020-01-01,
GL-000992,110992,Accounts Receivable 0992,Asset,Current Asset,CC-00992,GL-000001,USD,Debit,Balance Sheet,Yes,TX5,Active,2020-01-01,
GL-000993,120993,Inventory 0993,Asset,Current Asset,CC-00993,GL-000002,USD,Debit,Balance Sheet,Yes,EXEMPT,Active,2020-01-01,
GL-000994,130994,Fixed Assets 0994,Asset,Non Current Asset,CC-00994,GL-000003,USD,Debit,Balance Sheet,Yes,TX0,Active,2020-01-01,
GL-000995,200995,Accounts Payable 0995,Liability,Current Liability,CC-00995,GL-000004,USD,Credit,Balance Sheet,Yes,EXEMPT,Active,2020-01-01,
GL-000996,300996,Equity 0996,Equity,Equity,CC-00996,GL-000005,USD,Credit,Balance Sheet,Yes,TX5,Active,2020-01-01,
GL-000997,400997,Sales Revenue 0997,Revenue,Operating Revenue,CC-00997,GL-000006,USD,Credit,Income Statement,Yes,EXEMPT,Active,2020-01-01,
GL-000998,500998,Cost of Goods Sold 0998,Expense,COGS,CC-00998,GL-000007,USD,Debit,Income Statement,Yes,TX5,Active,2020-01-01,
GL-000999,510999,Production Cost 0999,Expense,Manufacturing,CC-00999,GL-000008,USD,Debit,Income Statement,Yes,EXEMPT,Active,2020-01-01,
GL-001000,521000,Maintenance Expense 1000,Expense,Maintenance,CC-01000,GL-000009,USD,Debit,Income Statement,Yes,TX5,Active,2020-01-01,
GL-001001,531001,Utilities Expense 1001,Expense,Utilities,CC-00001,GL-000010,USD,Debit,Income Statement,Yes,TX5,Active,2020-01-01,
GL-001002,541002,Quality Expense 1002,Expense,Quality,CC-00002,GL-000011,USD,Debit,Income Statement,Yes,EXEMPT,Active,2020-01-01,
GL-001003,551003,Warehouse Expense 1003,Expense,Warehouse,CC-00003,GL-000012,USD,Debit,Income Statement,Yes,TX14,Active,2020-01-01,
GL-001004,561004,Sales Expense 1004,Expense,Sales,CC-00004,GL-000013,USD,Debit,Income Statement,Yes,EXEMPT,Active,2020-01-01,
GL-001005,571005,Administrative Expense 1005,Expense,Administration,CC-00005,GL-000014,USD,Debit,Income Statement,Yes,EXEMPT,Active,2020-01-01,
GL-001006,101006,Cash 1006,Asset,Current Asset,CC-00006,GL-000015,USD,Debit,Balance Sheet,Yes,TX0,Active,2020-01-01,
GL-001007,111007,Accounts Receivable 1007,Asset,Current Asset,CC-00007,GL-000001,USD,Debit,Balance Sheet,Yes,TX0,Active,2020-01-01,
GL-001008,121008,Inventory 1008,Asset,Current Asset,CC-00008,GL-000002,USD,Debit,Balance Sheet,Yes,TX0,Active,2020-01-01,
GL-001009,131009,Fixed Assets 1009,Asset,Non Current Asset,CC-00009,GL-000003,USD,Debit,Balance Sheet,Yes,TX14,Active,2020-01-01,
GL-001010,201010,Accounts Payable 1010,Liability,Current Liability,CC-00010,GL-000004,USD,Credit,Balance Sheet,Yes,TX0,Active,2020-01-01,
GL-001011,301011,Equity 1011,Equity,Equity,CC-00011,GL-000005,USD,Credit,Balance Sheet,Yes,TX5,Active,2020-01-01,
GL-001012,401012,Sales Revenue 1012,Revenue,Operating Revenue,CC-00012,GL-000006,USD,Credit,Income Statement,Yes,TX5,Active,2020-01-01,
GL-001013,501013,Cost of Goods Sold 1013,Expense,COGS,CC-00013,GL-000007,USD,Debit,Income Statement,Yes,TX0,Active,2020-01-01,
GL-001014,511014,Production Cost 1014,Expense,Manufacturing,CC-00014,GL-000008,USD,Debit,Income Statement,Yes,TX5,Active,2020-01-01,
GL-001015,521015,Maintenance Expense 1015,Expense,Maintenance,CC-00015,GL-000009,USD,Debit,Income Statement,Yes,EXEMPT,Active,2020-01-01,
GL-001016,531016,Utilities Expense 1016,Expense,Utilities,CC-00016,GL-000010,USD,Debit,Income Statement,Yes,TX5,Active,2020-01-01,
GL-001017,541017,Quality Expense 1017,Expense,Quality,CC-00017,GL-000011,USD,Debit,Income Statement,Yes,EXEMPT,Active,2020-01-01,
GL-001018,551018,Warehouse Expense 1018,Expense,Warehouse,CC-00018,GL-000012,USD,Debit,Income Statement,Yes,TX14,Active,2020-01-01,
GL-001019,561019,Sales Expense 1019,Expense,Sales,CC-00019,GL-000013,USD,Debit,Income Statement,Yes,TX14,Active,2020-01-01,
GL-001020,571020,Administrative Expense 1020,Expense,Administration,CC-00020,GL-000014,USD,Debit,Income Statement,Yes,TX0,Active,2020-01-01,
GL-001021,101021,Cash 1021,Asset,Current Asset,CC-00021,GL-000015,USD,Debit,Balance Sheet,Yes,TX5,Active,2020-01-01,
GL-001022,111022,Accounts Receivable 1022,Asset,Current Asset,CC-00022,GL-000001,USD,Debit,Balance Sheet,Yes,TX5,Active,2020-01-01,
GL-001023,121023,Inventory 1023,Asset,Current Asset,CC-00023,GL-000002,USD,Debit,Balance Sheet,Yes,TX5,Active,2020-01-01,
GL-001024,131024,Fixed Assets 1024,Asset,Non Current Asset,CC-00024,GL-000003,USD,Debit,Balance Sheet,Yes,TX5,Active,2020-01-01,
GL-001025,201025,Accounts Payable 1025,Liability,Current Liability,CC-00025,GL-000004,USD,Credit,Balance Sheet,Yes,TX14,Active,2020-01-01,
GL-001026,301026,Equity 1026,Equity,Equity,CC-00026,GL-000005,USD,Credit,Balance Sheet,Yes,EXEMPT,Active,2020-01-01,
GL-001027,401027,Sales Revenue 1027,Revenue,Operating Revenue,CC-00027,GL-000006,USD,Credit,Income Statement,Yes,TX14,Active,2020-01-01,
GL-001028,501028,Cost of Goods Sold 1028,Expense,COGS,CC-00028,GL-000007,USD,Debit,Income Statement,Yes,EXEMPT,Active,2020-01-01,
GL-001029,511029,Production Cost 1029,Expense,Manufacturing,CC-00029,GL-000008,USD,Debit,Income Statement,Yes,EXEMPT,Active,2020-01-01,
GL-001030,521030,Maintenance Expense 1030,Expense,Maintenance,CC-00030,GL-000009,USD,Debit,Income Statement,Yes,TX0,Active,2020-01-01,
GL-001031,531031,Utilities Expense 1031,Expense,Utilities,CC-00031,GL-000010,USD,Debit,Income Statement,Yes,TX0,Active,2020-01-01,
GL-001032,541032,Quality Expense 1032,Expense,Quality,CC-00032,GL-000011,USD,Debit,Income Statement,Yes,EXEMPT,Active,2020-01-01,
GL-001033,551033,Warehouse Expense 1033,Expense,Warehouse,CC-00033,GL-000012,USD,Debit,Income Statement,Yes,EXEMPT,Active,2020-01-01,
GL-001034,561034,Sales Expense 1034,Expense,Sales,CC-00034,GL-000013,USD,Debit,Income Statement,Yes,EXEMPT,Active,2020-01-01,
GL-001035,571035,Administrative Expense 1035,Expense,Administration,CC-00035,GL-000014,USD,Debit,Income Statement,Yes,TX0,Active,2020-01-01,
GL-001036,101036,Cash 1036,Asset,Current Asset,CC-00036,GL-000015,USD,Debit,Balance Sheet,Yes,TX0,Active,2020-01-01,
GL-001037,111037,Accounts Receivable 1037,Asset,Current Asset,CC-00037,GL-000001,USD,Debit,Balance Sheet,Yes,TX14,Active,2020-01-01,
GL-001038,121038,Inventory 1038,Asset,Current Asset,CC-00038,GL-000002,USD,Debit,Balance Sheet,Yes,TX0,Active,2020-01-01,
GL-001039,131039,Fixed Assets 1039,Asset,Non Current Asset,CC-00039,GL-000003,USD,Debit,Balance Sheet,Yes,TX5,Active,2020-01-01,
GL-001040,201040,Accounts Payable 1040,Liability,Current Liability,CC-00040,GL-000004,USD,Credit,Balance Sheet,Yes,TX14,Active,2020-01-01,
GL-001041,301041,Equity 1041,Equity,Equity,CC-00041,GL-000005,USD,Credit,Balance Sheet,Yes,TX0,Active,2020-01-01,
GL-001042,401042,Sales Revenue 1042,Revenue,Operating Revenue,CC-00042,GL-000006,USD,Credit,Income Statement,Yes,EXEMPT,Active,2020-01-01,
GL-001043,501043,Cost of Goods Sold 1043,Expense,COGS,CC-00043,GL-000007,USD,Debit,Income Statement,Yes,TX5,Active,2020-01-01,
GL-001044,511044,Production Cost 1044,Expense,Manufacturing,CC-00044,GL-000008,USD,Debit,Income Statement,Yes,TX0,Active,2020-01-01,
GL-001045,521045,Maintenance Expense 1045,Expense,Maintenance,CC-00045,GL-000009,USD,Debit,Income Statement,Yes,EXEMPT,Active,2020-01-01,
GL-001046,531046,Utilities Expense 1046,Expense,Utilities,CC-00046,GL-000010,USD,Debit,Income Statement,Yes,TX0,Active,2020-01-01,
GL-001047,541047,Quality Expense 1047,Expense,Quality,CC-00047,GL-000011,USD,Debit,Income Statement,Yes,EXEMPT,Active,2020-01-01,
GL-001048,551048,Warehouse Expense 1048,Expense,Warehouse,CC-00048,GL-000012,USD,Debit,Income Statement,Yes,TX0,Active,2020-01-01,
GL-001049,561049,Sales Expense 1049,Expense,Sales,CC-00049,GL-000013,USD,Debit,Income Statement,Yes,TX0,Active,2020-01-01,
GL-001050,571050,Administrative Expense 1050,Expense,Administration,CC-00050,GL-000014,USD,Debit,Income Statement,Yes,TX5,Active,2020-01-01,
GL-001051,101051,Cash 1051,Asset,Current Asset,CC-00051,GL-000015,USD,Debit,Balance Sheet,Yes,TX14,Active,2020-01-01,
GL-001052,111052,Accounts Receivable 1052,Asset,Current Asset,CC-00052,GL-000001,USD,Debit,Balance Sheet,Yes,EXEMPT,Active,2020-01-01,
GL-001053,121053,Inventory 1053,Asset,Current Asset,CC-00053,GL-000002,USD,Debit,Balance Sheet,Yes,TX14,Active,2020-01-01,
GL-001054,131054,Fixed Assets 1054,Asset,Non Current Asset,CC-00054,GL-000003,USD,Debit,Balance Sheet,Yes,TX0,Active,2020-01-01,
GL-001055,201055,Accounts Payable 1055,Liability,Current Liability,CC-00055,GL-000004,USD,Credit,Balance Sheet,Yes,TX14,Active,2020-01-01,
GL-001056,301056,Equity 1056,Equity,Equity,CC-00056,GL-000005,USD,Credit,Balance Sheet,Yes,TX5,Active,2020-01-01,
GL-001057,401057,Sales Revenue 1057,Revenue,Operating Revenue,CC-00057,GL-000006,USD,Credit,Income Statement,Yes,EXEMPT,Active,2020-01-01,
GL-001058,501058,Cost of Goods Sold 1058,Expense,COGS,CC-00058,GL-000007,USD,Debit,Income Statement,Yes,TX0,Active,2020-01-01,
GL-001059,511059,Production Cost 1059,Expense,Manufacturing,CC-00059,GL-000008,USD,Debit,Income Statement,Yes,EXEMPT,Active,2020-01-01,
GL-001060,521060,Maintenance Expense 1060,Expense,Maintenance,CC-00060,GL-000009,USD,Debit,Income Statement,Yes,TX0,Active,2020-01-01,
GL-001061,531061,Utilities Expense 1061,Expense,Utilities,CC-00061,GL-000010,USD,Debit,Income Statement,Yes,TX5,Active,2020-01-01,
GL-001062,541062,Quality Expense 1062,Expense,Quality,CC-00062,GL-000011,USD,Debit,Income Statement,Yes,TX14,Active,2020-01-01,
GL-001063,551063,Warehouse Expense 1063,Expense,Warehouse,CC-00063,GL-000012,USD,Debit,Income Statement,Yes,TX0,Active,2020-01-01,
GL-001064,561064,Sales Expense 1064,Expense,Sales,CC-00064,GL-000013,USD,Debit,Income Statement,Yes,TX5,Active,2020-01-01,
GL-001065,571065,Administrative Expense 1065,Expense,Administration,CC-00065,GL-000014,USD,Debit,Income Statement,Yes,TX0,Active,2020-01-01,
GL-001066,101066,Cash 1066,Asset,Current Asset,CC-00066,GL-000015,USD,Debit,Balance Sheet,Yes,TX14,Active,2020-01-01,
GL-001067,111067,Accounts Receivable 1067,Asset,Current Asset,CC-00067,GL-000001,USD,Debit,Balance Sheet,Yes,TX14,Active,2020-01-01,
GL-001068,121068,Inventory 1068,Asset,Current Asset,CC-00068,GL-000002,USD,Debit,Balance Sheet,Yes,TX14,Active,2020-01-01,
GL-001069,131069,Fixed Assets 1069,Asset,Non Current Asset,CC-00069,GL-000003,USD,Debit,Balance Sheet,Yes,TX0,Active,2020-01-01,
GL-001070,201070,Accounts Payable 1070,Liability,Current Liability,CC-00070,GL-000004,USD,Credit,Balance Sheet,Yes,TX5,Active,2020-01-01,
GL-001071,301071,Equity 1071,Equity,Equity,CC-00071,GL-000005,USD,Credit,Balance Sheet,Yes,EXEMPT,Active,2020-01-01,
GL-001072,401072,Sales Revenue 1072,Revenue,Operating Revenue,CC-00072,GL-000006,USD,Credit,Income Statement,Yes,TX5,Active,2020-01-01,
GL-001073,501073,Cost of Goods Sold 1073,Expense,COGS,CC-00073,GL-000007,USD,Debit,Income Statement,Yes,TX0,Active,2020-01-01,
GL-001074,511074,Production Cost 1074,Expense,Manufacturing,CC-00074,GL-000008,USD,Debit,Income Statement,Yes,TX14,Active,2020-01-01,
GL-001075,521075,Maintenance Expense 1075,Expense,Maintenance,CC-00075,GL-000009,USD,Debit,Income Statement,Yes,TX5,Active,2020-01-01,
GL-001076,531076,Utilities Expense 1076,Expense,Utilities,CC-00076,GL-000010,USD,Debit,Income Statement,Yes,TX5,Active,2020-01-01,
GL-001077,541077,Quality Expense 1077,Expense,Quality,CC-00077,GL-000011,USD,Debit,Income Statement,Yes,TX14,Active,2020-01-01,
GL-001078,551078,Warehouse Expense 1078,Expense,Warehouse,CC-00078,GL-000012,USD,Debit,Income Statement,Yes,TX0,Active,2020-01-01,
GL-001079,561079,Sales Expense 1079,Expense,Sales,CC-00079,GL-000013,USD,Debit,Income Statement,Yes,TX5,Active,2020-01-01,
GL-001080,571080,Administrative Expense 1080,Expense,Administration,CC-00080,GL-000014,USD,Debit,Income Statement,Yes,TX5,Active,2020-01-01,
GL-001081,101081,Cash 1081,Asset,Current Asset,CC-00081,GL-000015,USD,Debit,Balance Sheet,Yes,TX5,Active,2020-01-01,
GL-001082,111082,Accounts Receivable 1082,Asset,Current Asset,CC-00082,GL-000001,USD,Debit,Balance Sheet,Yes,TX0,Active,2020-01-01,
GL-001083,121083,Inventory 1083,Asset,Current Asset,CC-00083,GL-000002,USD,Debit,Balance Sheet,Yes,TX5,Active,2020-01-01,
GL-001084,131084,Fixed Assets 1084,Asset,Non Current Asset,CC-00084,GL-000003,USD,Debit,Balance Sheet,Yes,EXEMPT,Active,2020-01-01,
GL-001085,201085,Accounts Payable 1085,Liability,Current Liability,CC-00085,GL-000004,USD,Credit,Balance Sheet,Yes,EXEMPT,Active,2020-01-01,
GL-001086,301086,Equity 1086,Equity,Equity,CC-00086,GL-000005,USD,Credit,Balance Sheet,Yes,TX5,Active,2020-01-01,
GL-001087,401087,Sales Revenue 1087,Revenue,Operating Revenue,CC-00087,GL-000006,USD,Credit,Income Statement,Yes,EXEMPT,Active,2020-01-01,
GL-001088,501088,Cost of Goods Sold 1088,Expense,COGS,CC-00088,GL-000007,USD,Debit,Income Statement,Yes,TX0,Active,2020-01-01,
GL-001089,511089,Production Cost 1089,Expense,Manufacturing,CC-00089,GL-000008,USD,Debit,Income Statement,Yes,TX0,Active,2020-01-01,
GL-001090,521090,Maintenance Expense 1090,Expense,Maintenance,CC-00090,GL-000009,USD,Debit,Income Statement,Yes,TX5,Active,2020-01-01,
GL-001091,531091,Utilities Expense 1091,Expense,Utilities,CC-00091,GL-000010,USD,Debit,Income Statement,Yes,TX14,Active,2020-01-01,
GL-001092,541092,Quality Expense 1092,Expense,Quality,CC-00092,GL-000011,USD,Debit,Income Statement,Yes,TX5,Active,2020-01-01,
GL-001093,551093,Warehouse Expense 1093,Expense,Warehouse,CC-00093,GL-000012,USD,Debit,Income Statement,Yes,TX5,Active,2020-01-01,
GL-001094,561094,Sales Expense 1094,Expense,Sales,CC-00094,GL-000013,USD,Debit,Income Statement,Yes,EXEMPT,Active,2020-01-01,
GL-001095,571095,Administrative Expense 1095,Expense,Administration,CC-00095,GL-000014,USD,Debit,Income Statement,Yes,TX5,Active,2020-01-01,
GL-001096,101096,Cash 1096,Asset,Current Asset,CC-00096,GL-000015,USD,Debit,Balance Sheet,Yes,EXEMPT,Active,2020-01-01,
GL-001097,111097,Accounts Receivable 1097,Asset,Current Asset,CC-00097,GL-000001,USD,Debit,Balance Sheet,Yes,TX5,Active,2020-01-01,
GL-001098,121098,Inventory 1098,Asset,Current Asset,CC-00098,GL-000002,USD,Debit,Balance Sheet,Yes,TX14,Active,2020-01-01,
GL-001099,131099,Fixed Assets 1099,Asset,Non Current Asset,CC-00099,GL-000003,USD,Debit,Balance Sheet,Yes,TX0,Active,2020-01-01,
GL-001100,201100,Accounts Payable 1100,Liability,Current Liability,CC-00100,GL-000004,USD,Credit,Balance Sheet,Yes,TX0,Active,2020-01-01,
GL-001101,301101,Equity 1101,Equity,Equity,CC-00101,GL-000005,USD,Credit,Balance Sheet,Yes,TX5,Active,2020-01-01,
GL-001102,401102,Sales Revenue 1102,Revenue,Operating Revenue,CC-00102,GL-000006,USD,Credit,Income Statement,Yes,TX0,Active,2020-01-01,
GL-001103,501103,Cost of Goods Sold 1103,Expense,COGS,CC-00103,GL-000007,USD,Debit,Income Statement,Yes,EXEMPT,Active,2020-01-01,
GL-001104,511104,Production Cost 1104,Expense,Manufacturing,CC-00104,GL-000008,USD,Debit,Income Statement,Yes,EXEMPT,Active,2020-01-01,
GL-001105,521105,Maintenance Expense 1105,Expense,Maintenance,CC-00105,GL-000009,USD,Debit,Income Statement,Yes,TX5,Active,2020-01-01,
GL-001106,531106,Utilities Expense 1106,Expense,Utilities,CC-00106,GL-000010,USD,Debit,Income Statement,Yes,TX5,Active,2020-01-01,
GL-001107,541107,Quality Expense 1107,Expense,Quality,CC-00107,GL-000011,USD,Debit,Income Statement,Yes,TX5,Active,2020-01-01,
GL-001108,551108,Warehouse Expense 1108,Expense,Warehouse,CC-00108,GL-000012,USD,Debit,Income Statement,Yes,TX5,Active,2020-01-01,
GL-001109,561109,Sales Expense 1109,Expense,Sales,CC-00109,GL-000013,USD,Debit,Income Statement,Yes,TX14,Active,2020-01-01,
GL-001110,571110,Administrative Expense 1110,Expense,Administration,CC-00110,GL-000014,USD,Debit,Income Statement,Yes,TX14,Active,2020-01-01,
GL-001111,101111,Cash 1111,Asset,Current Asset,CC-00111,GL-000015,USD,Debit,Balance Sheet,Yes,EXEMPT,Active,2020-01-01,
GL-001112,111112,Accounts Receivable 1112,Asset,Current Asset,CC-00112,GL-000001,USD,Debit,Balance Sheet,Yes,TX5,Active,2020-01-01,
GL-001113,121113,Inventory 1113,Asset,Current Asset,CC-00113,GL-000002,USD,Debit,Balance Sheet,Yes,EXEMPT,Active,2020-01-01,
GL-001114,131114,Fixed Assets 1114,Asset,Non Current Asset,CC-00114,GL-000003,USD,Debit,Balance Sheet,Yes,EXEMPT,Active,2020-01-01,
GL-001115,201115,Accounts Payable 1115,Liability,Current Liability,CC-00115,GL-000004,USD,Credit,Balance Sheet,Yes,TX5,Active,2020-01-01,
GL-001116,301116,Equity 1116,Equity,Equity,CC-00116,GL-000005,USD,Credit,Balance Sheet,Yes,TX5,Active,2020-01-01,
GL-001117,401117,Sales Revenue 1117,Revenue,Operating Revenue,CC-00117,GL-000006,USD,Credit,Income Statement,Yes,EXEMPT,Active,2020-01-01,
GL-001118,501118,Cost of Goods Sold 1118,Expense,COGS,CC-00118,GL-000007,USD,Debit,Income Statement,Yes,EXEMPT,Active,2020-01-01,
GL-001119,511119,Production Cost 1119,Expense,Manufacturing,CC-00119,GL-000008,USD,Debit,Income Statement,Yes,TX14,Active,2020-01-01,
GL-001120,521120,Maintenance Expense 1120,Expense,Maintenance,CC-00120,GL-000009,USD,Debit,Income Statement,Yes,TX14,Active,2020-01-01,
GL-001121,531121,Utilities Expense 1121,Expense,Utilities,CC-00121,GL-000010,USD,Debit,Income Statement,Yes,TX5,Active,2020-01-01,
GL-001122,541122,Quality Expense 1122,Expense,Quality,CC-00122,GL-000011,USD,Debit,Income Statement,Yes,TX14,Active,2020-01-01,
GL-001123,551123,Warehouse Expense 1123,Expense,Warehouse,CC-00123,GL-000012,USD,Debit,Income Statement,Yes,EXEMPT,Active,2020-01-01,
GL-001124,561124,Sales Expense 1124,Expense,Sales,CC-00124,GL-000013,USD,Debit,Income Statement,Yes,EXEMPT,Active,2020-01-01,
GL-001125,571125,Administrative Expense 1125,Expense,Administration,CC-00125,GL-000014,USD,Debit,Income Statement,Yes,TX14,Active,2020-01-01,
GL-001126,101126,Cash 1126,Asset,Current Asset,CC-00126,GL-000015,USD,Debit,Balance Sheet,Yes,TX5,Active,2020-01-01,
GL-001127,111127,Accounts Receivable 1127,Asset,Current Asset,CC-00127,GL-000001,USD,Debit,Balance Sheet,Yes,TX14,Active,2020-01-01,
GL-001128,121128,Inventory 1128,Asset,Current Asset,CC-00128,GL-000002,USD,Debit,Balance Sheet,Yes,EXEMPT,Active,2020-01-01,
GL-001129,131129,Fixed Assets 1129,Asset,Non Current Asset,CC-00129,GL-000003,USD,Debit,Balance Sheet,Yes,TX0,Active,2020-01-01,
GL-001130,201130,Accounts Payable 1130,Liability,Current Liability,CC-00130,GL-000004,USD,Credit,Balance Sheet,Yes,TX5,Active,2020-01-01,
GL-001131,301131,Equity 1131,Equity,Equity,CC-00131,GL-000005,USD,Credit,Balance Sheet,Yes,TX14,Active,2020-01-01,
GL-001132,401132,Sales Revenue 1132,Revenue,Operating Revenue,CC-00132,GL-000006,USD,Credit,Income Statement,Yes,EXEMPT,Active,2020-01-01,
GL-001133,501133,Cost of Goods Sold 1133,Expense,COGS,CC-00133,GL-000007,USD,Debit,Income Statement,Yes,EXEMPT,Active,2020-01-01,
GL-001134,511134,Production Cost 1134,Expense,Manufacturing,CC-00134,GL-000008,USD,Debit,Income Statement,Yes,TX14,Active,2020-01-01,
GL-001135,521135,Maintenance Expense 1135,Expense,Maintenance,CC-00135,GL-000009,USD,Debit,Income Statement,Yes,TX5,Active,2020-01-01,
GL-001136,531136,Utilities Expense 1136,Expense,Utilities,CC-00136,GL-000010,USD,Debit,Income Statement,Yes,TX5,Active,2020-01-01,
GL-001137,541137,Quality Expense 1137,Expense,Quality,CC-00137,GL-000011,USD,Debit,Income Statement,Yes,EXEMPT,Active,2020-01-01,
GL-001138,551138,Warehouse Expense 1138,Expense,Warehouse,CC-00138,GL-000012,USD,Debit,Income Statement,Yes,TX14,Active,2020-01-01,
GL-001139,561139,Sales Expense 1139,Expense,Sales,CC-00139,GL-000013,USD,Debit,Income Statement,Yes,TX14,Active,2020-01-01,
GL-001140,571140,Administrative Expense 1140,Expense,Administration,CC-00140,GL-000014,USD,Debit,Income Statement,Yes,EXEMPT,Active,2020-01-01,
GL-001141,101141,Cash 1141,Asset,Current Asset,CC-00141,GL-000015,USD,Debit,Balance Sheet,Yes,TX0,Active,2020-01-01,
GL-001142,111142,Accounts Receivable 1142,Asset,Current Asset,CC-00142,GL-000001,USD,Debit,Balance Sheet,Yes,TX5,Active,2020-01-01,
GL-001143,121143,Inventory 1143,Asset,Current Asset,CC-00143,GL-000002,USD,Debit,Balance Sheet,Yes,TX0,Active,2020-01-01,
GL-001144,131144,Fixed Assets 1144,Asset,Non Current Asset,CC-00144,GL-000003,USD,Debit,Balance Sheet,Yes,TX5,Active,2020-01-01,
GL-001145,201145,Accounts Payable 1145,Liability,Current Liability,CC-00145,GL-000004,USD,Credit,Balance Sheet,Yes,TX5,Active,2020-01-01,
GL-001146,301146,Equity 1146,Equity,Equity,CC-00146,GL-000005,USD,Credit,Balance Sheet,Yes,TX0,Active,2020-01-01,
GL-001147,401147,Sales Revenue 1147,Revenue,Operating Revenue,CC-00147,GL-000006,USD,Credit,Income Statement,Yes,TX0,Active,2020-01-01,
GL-001148,501148,Cost of Goods Sold 1148,Expense,COGS,CC-00148,GL-000007,USD,Debit,Income Statement,Yes,TX14,Active,2020-01-01,
GL-001149,511149,Production Cost 1149,Expense,Manufacturing,CC-00149,GL-000008,USD,Debit,Income Statement,Yes,EXEMPT,Active,2020-01-01,
GL-001150,521150,Maintenance Expense 1150,Expense,Maintenance,CC-00150,GL-000009,USD,Debit,Income Statement,Yes,TX14,Active,2020-01-01,
GL-001151,531151,Utilities Expense 1151,Expense,Utilities,CC-00151,GL-000010,USD,Debit,Income Statement,Yes,TX0,Active,2020-01-01,
GL-001152,541152,Quality Expense 1152,Expense,Quality,CC-00152,GL-000011,USD,Debit,Income Statement,Yes,TX5,Active,2020-01-01,
GL-001153,551153,Warehouse Expense 1153,Expense,Warehouse,CC-00153,GL-000012,USD,Debit,Income Statement,Yes,TX0,Active,2020-01-01,
GL-001154,561154,Sales Expense 1154,Expense,Sales,CC-00154,GL-000013,USD,Debit,Income Statement,Yes,TX14,Active,2020-01-01,
GL-001155,571155,Administrative Expense 1155,Expense,Administration,CC-00155,GL-000014,USD,Debit,Income Statement,Yes,TX5,Active,2020-01-01,
GL-001156,101156,Cash 1156,Asset,Current Asset,CC-00156,GL-000015,USD,Debit,Balance Sheet,Yes,TX5,Active,2020-01-01,
GL-001157,111157,Accounts Receivable 1157,Asset,Current Asset,CC-00157,GL-000001,USD,Debit,Balance Sheet,Yes,EXEMPT,Active,2020-01-01,
GL-001158,121158,Inventory 1158,Asset,Current Asset,CC-00158,GL-000002,USD,Debit,Balance Sheet,Yes,TX0,Active,2020-01-01,
GL-001159,131159,Fixed Assets 1159,Asset,Non Current Asset,CC-00159,GL-000003,USD,Debit,Balance Sheet,Yes,TX5,Active,2020-01-01,
GL-001160,201160,Accounts Payable 1160,Liability,Current Liability,CC-00160,GL-000004,USD,Credit,Balance Sheet,Yes,TX0,Active,2020-01-01,
GL-001161,301161,Equity 1161,Equity,Equity,CC-00161,GL-000005,USD,Credit,Balance Sheet,Yes,TX14,Active,2020-01-01,
GL-001162,401162,Sales Revenue 1162,Revenue,Operating Revenue,CC-00162,GL-000006,USD,Credit,Income Statement,Yes,TX0,Active,2020-01-01,
GL-001163,501163,Cost of Goods Sold 1163,Expense,COGS,CC-00163,GL-000007,USD,Debit,Income Statement,Yes,TX5,Active,2020-01-01,
GL-001164,511164,Production Cost 1164,Expense,Manufacturing,CC-00164,GL-000008,USD,Debit,Income Statement,Yes,TX5,Active,2020-01-01,
GL-001165,521165,Maintenance Expense 1165,Expense,Maintenance,CC-00165,GL-000009,USD,Debit,Income Statement,Yes,TX14,Active,2020-01-01,
GL-001166,531166,Utilities Expense 1166,Expense,Utilities,CC-00166,GL-000010,USD,Debit,Income Statement,Yes,TX5,Active,2020-01-01,
GL-001167,541167,Quality Expense 1167,Expense,Quality,CC-00167,GL-000011,USD,Debit,Income Statement,Yes,TX14,Active,2020-01-01,
GL-001168,551168,Warehouse Expense 1168,Expense,Warehouse,CC-00168,GL-000012,USD,Debit,Income Statement,Yes,TX0,Active,2020-01-01,
GL-001169,561169,Sales Expense 1169,Expense,Sales,CC-00169,GL-000013,USD,Debit,Income Statement,Yes,TX0,Active,2020-01-01,
GL-001170,571170,Administrative Expense 1170,Expense,Administration,CC-00170,GL-000014,USD,Debit,Income Statement,Yes,TX0,Active,2020-01-01,
GL-001171,101171,Cash 1171,Asset,Current Asset,CC-00171,GL-000015,USD,Debit,Balance Sheet,Yes,EXEMPT,Active,2020-01-01,
GL-001172,111172,Accounts Receivable 1172,Asset,Current Asset,CC-00172,GL-000001,USD,Debit,Balance Sheet,Yes,TX5,Active,2020-01-01,
GL-001173,121173,Inventory 1173,Asset,Current Asset,CC-00173,GL-000002,USD,Debit,Balance Sheet,Yes,TX14,Active,2020-01-01,
GL-001174,131174,Fixed Assets 1174,Asset,Non Current Asset,CC-00174,GL-000003,USD,Debit,Balance Sheet,Yes,TX5,Active,2020-01-01,
GL-001175,201175,Accounts Payable 1175,Liability,Current Liability,CC-00175,GL-000004,USD,Credit,Balance Sheet,Yes,TX0,Active,2020-01-01,
GL-001176,301176,Equity 1176,Equity,Equity,CC-00176,GL-000005,USD,Credit,Balance Sheet,Yes,TX14,Active,2020-01-01,
GL-001177,401177,Sales Revenue 1177,Revenue,Operating Revenue,CC-00177,GL-000006,USD,Credit,Income Statement,Yes,TX5,Active,2020-01-01,
GL-001178,501178,Cost of Goods Sold 1178,Expense,COGS,CC-00178,GL-000007,USD,Debit,Income Statement,Yes,TX5,Active,2020-01-01,
GL-001179,511179,Production Cost 1179,Expense,Manufacturing,CC-00179,GL-000008,USD,Debit,Income Statement,Yes,TX0,Active,2020-01-01,
GL-001180,521180,Maintenance Expense 1180,Expense,Maintenance,CC-00180,GL-000009,USD,Debit,Income Statement,Yes,EXEMPT,Active,2020-01-01,
GL-001181,531181,Utilities Expense 1181,Expense,Utilities,CC-00181,GL-000010,USD,Debit,Income Statement,Yes,TX5,Active,2020-01-01,
GL-001182,541182,Quality Expense 1182,Expense,Quality,CC-00182,GL-000011,USD,Debit,Income Statement,Yes,TX14,Active,2020-01-01,
GL-001183,551183,Warehouse Expense 1183,Expense,Warehouse,CC-00183,GL-000012,USD,Debit,Income Statement,Yes,EXEMPT,Active,2020-01-01,
GL-001184,561184,Sales Expense 1184,Expense,Sales,CC-00184,GL-000013,USD,Debit,Income Statement,Yes,TX0,Active,2020-01-01,
GL-001185,571185,Administrative Expense 1185,Expense,Administration,CC-00185,GL-000014,USD,Debit,Income Statement,Yes,TX0,Active,2020-01-01,
GL-001186,101186,Cash 1186,Asset,Current Asset,CC-00186,GL-000015,USD,Debit,Balance Sheet,Yes,EXEMPT,Active,2020-01-01,
GL-001187,111187,Accounts Receivable 1187,Asset,Current Asset,CC-00187,GL-000001,USD,Debit,Balance Sheet,Yes,TX0,Active,2020-01-01,
GL-001188,121188,Inventory 1188,Asset,Current Asset,CC-00188,GL-000002,USD,Debit,Balance Sheet,Yes,EXEMPT,Active,2020-01-01,
GL-001189,131189,Fixed Assets 1189,Asset,Non Current Asset,CC-00189,GL-000003,USD,Debit,Balance Sheet,Yes,TX0,Active,2020-01-01,
GL-001190,201190,Accounts Payable 1190,Liability,Current Liability,CC-00190,GL-000004,USD,Credit,Balance Sheet,Yes,TX14,Active,2020-01-01,
GL-001191,301191,Equity 1191,Equity,Equity,CC-00191,GL-000005,USD,Credit,Balance Sheet,Yes,TX0,Active,2020-01-01,
GL-001192,401192,Sales Revenue 1192,Revenue,Operating Revenue,CC-00192,GL-000006,USD,Credit,Income Statement,Yes,TX0,Active,2020-01-01,
GL-001193,501193,Cost of Goods Sold 1193,Expense,COGS,CC-00193,GL-000007,USD,Debit,Income Statement,Yes,TX0,Active,2020-01-01,
GL-001194,511194,Production Cost 1194,Expense,Manufacturing,CC-00194,GL-000008,USD,Debit,Income Statement,Yes,TX0,Active,2020-01-01,
GL-001195,521195,Maintenance Expense 1195,Expense,Maintenance,CC-00195,GL-000009,USD,Debit,Income Statement,Yes,TX5,Active,2020-01-01,
GL-001196,531196,Utilities Expense 1196,Expense,Utilities,CC-00196,GL-000010,USD,Debit,Income Statement,Yes,TX0,Active,2020-01-01,
GL-001197,541197,Quality Expense 1197,Expense,Quality,CC-00197,GL-000011,USD,Debit,Income Statement,Yes,TX14,Active,2020-01-01,
GL-001198,551198,Warehouse Expense 1198,Expense,Warehouse,CC-00198,GL-000012,USD,Debit,Income Statement,Yes,EXEMPT,Active,2020-01-01,
GL-001199,561199,Sales Expense 1199,Expense,Sales,CC-00199,GL-000013,USD,Debit,Income Statement,Yes,EXEMPT,Active,2020-01-01,
GL-001200,571200,Administrative Expense 1200,Expense,Administration,CC-00200,GL-000014,USD,Debit,Income Statement,Yes,TX5,Active,2020-01-01,
GL-001201,101201,Cash 1201,Asset,Current Asset,CC-00201,GL-000015,USD,Debit,Balance Sheet,Yes,TX14,Active,2020-01-01,
GL-001202,111202,Accounts Receivable 1202,Asset,Current Asset,CC-00202,GL-000001,USD,Debit,Balance Sheet,Yes,TX0,Active,2020-01-01,
GL-001203,121203,Inventory 1203,Asset,Current Asset,CC-00203,GL-000002,USD,Debit,Balance Sheet,Yes,TX14,Active,2020-01-01,
GL-001204,131204,Fixed Assets 1204,Asset,Non Current Asset,CC-00204,GL-000003,USD,Debit,Balance Sheet,Yes,TX0,Active,2020-01-01,
GL-001205,201205,Accounts Payable 1205,Liability,Current Liability,CC-00205,GL-000004,USD,Credit,Balance Sheet,Yes,EXEMPT,Active,2020-01-01,
GL-001206,301206,Equity 1206,Equity,Equity,CC-00206,GL-000005,USD,Credit,Balance Sheet,Yes,TX14,Active,2020-01-01,
GL-001207,401207,Sales Revenue 1207,Revenue,Operating Revenue,CC-00207,GL-000006,USD,Credit,Income Statement,Yes,TX0,Active,2020-01-01,
GL-001208,501208,Cost of Goods Sold 1208,Expense,COGS,CC-00208,GL-000007,USD,Debit,Income Statement,Yes,TX0,Active,2020-01-01,
GL-001209,511209,Production Cost 1209,Expense,Manufacturing,CC-00209,GL-000008,USD,Debit,Income Statement,Yes,TX5,Active,2020-01-01,
GL-001210,521210,Maintenance Expense 1210,Expense,Maintenance,CC-00210,GL-000009,USD,Debit,Income Statement,Yes,EXEMPT,Active,2020-01-01,
GL-001211,531211,Utilities Expense 1211,Expense,Utilities,CC-00211,GL-000010,USD,Debit,Income Statement,Yes,EXEMPT,Active,2020-01-01,
GL-001212,541212,Quality Expense 1212,Expense,Quality,CC-00212,GL-000011,USD,Debit,Income Statement,Yes,EXEMPT,Active,2020-01-01,
GL-001213,551213,Warehouse Expense 1213,Expense,Warehouse,CC-00213,GL-000012,USD,Debit,Income Statement,Yes,TX5,Active,2020-01-01,
GL-001214,561214,Sales Expense 1214,Expense,Sales,CC-00214,GL-000013,USD,Debit,Income Statement,Yes,TX14,Active,2020-01-01,
GL-001215,571215,Administrative Expense 1215,Expense,Administration,CC-00215,GL-000014,USD,Debit,Income Statement,Yes,EXEMPT,Active,2020-01-01,
GL-001216,101216,Cash 1216,Asset,Current Asset,CC-00216,GL-000015,USD,Debit,Balance Sheet,Yes,TX0,Active,2020-01-01,
GL-001217,111217,Accounts Receivable 1217,Asset,Current Asset,CC-00217,GL-000001,USD,Debit,Balance Sheet,Yes,TX0,Active,2020-01-01,
GL-001218,121218,Inventory 1218,Asset,Current Asset,CC-00218,GL-000002,USD,Debit,Balance Sheet,Yes,TX0,Active,2020-01-01,
GL-001219,131219,Fixed Assets 1219,Asset,Non Current Asset,CC-00219,GL-000003,USD,Debit,Balance Sheet,Yes,TX0,Active,2020-01-01,
GL-001220,201220,Accounts Payable 1220,Liability,Current Liability,CC-00220,GL-000004,USD,Credit,Balance Sheet,Yes,TX14,Active,2020-01-01,
GL-001221,301221,Equity 1221,Equity,Equity,CC-00221,GL-000005,USD,Credit,Balance Sheet,Yes,TX14,Active,2020-01-01,
GL-001222,401222,Sales Revenue 1222,Revenue,Operating Revenue,CC-00222,GL-000006,USD,Credit,Income Statement,Yes,TX5,Active,2020-01-01,
GL-001223,501223,Cost of Goods Sold 1223,Expense,COGS,CC-00223,GL-000007,USD,Debit,Income Statement,Yes,TX5,Active,2020-01-01,
GL-001224,511224,Production Cost 1224,Expense,Manufacturing,CC-00224,GL-000008,USD,Debit,Income Statement,Yes,TX5,Active,2020-01-01,
GL-001225,521225,Maintenance Expense 1225,Expense,Maintenance,CC-00225,GL-000009,USD,Debit,Income Statement,Yes,EXEMPT,Active,2020-01-01,
GL-001226,531226,Utilities Expense 1226,Expense,Utilities,CC-00226,GL-000010,USD,Debit,Income Statement,Yes,TX14,Active,2020-01-01,
GL-001227,541227,Quality Expense 1227,Expense,Quality,CC-00227,GL-000011,USD,Debit,Income Statement,Yes,TX5,Active,2020-01-01,
GL-001228,551228,Warehouse Expense 1228,Expense,Warehouse,CC-00228,GL-000012,USD,Debit,Income Statement,Yes,EXEMPT,Active,2020-01-01,
GL-001229,561229,Sales Expense 1229,Expense,Sales,CC-00229,GL-000013,USD,Debit,Income Statement,Yes,EXEMPT,Active,2020-01-01,
GL-001230,571230,Administrative Expense 1230,Expense,Administration,CC-00230,GL-000014,USD,Debit,Income Statement,Yes,TX5,Active,2020-01-01,
GL-001231,101231,Cash 1231,Asset,Current Asset,CC-00231,GL-000015,USD,Debit,Balance Sheet,Yes,EXEMPT,Active,2020-01-01,
GL-001232,111232,Accounts Receivable 1232,Asset,Current Asset,CC-00232,GL-000001,USD,Debit,Balance Sheet,Yes,TX0,Active,2020-01-01,
GL-001233,121233,Inventory 1233,Asset,Current Asset,CC-00233,GL-000002,USD,Debit,Balance Sheet,Yes,TX14,Active,2020-01-01,
GL-001234,131234,Fixed Assets 1234,Asset,Non Current Asset,CC-00234,GL-000003,USD,Debit,Balance Sheet,Yes,TX14,Active,2020-01-01,
GL-001235,201235,Accounts Payable 1235,Liability,Current Liability,CC-00235,GL-000004,USD,Credit,Balance Sheet,Yes,EXEMPT,Active,2020-01-01,
GL-001236,301236,Equity 1236,Equity,Equity,CC-00236,GL-000005,USD,Credit,Balance Sheet,Yes,TX14,Active,2020-01-01,
GL-001237,401237,Sales Revenue 1237,Revenue,Operating Revenue,CC-00237,GL-000006,USD,Credit,Income Statement,Yes,TX14,Active,2020-01-01,
GL-001238,501238,Cost of Goods Sold 1238,Expense,COGS,CC-00238,GL-000007,USD,Debit,Income Statement,Yes,TX14,Active,2020-01-01,
GL-001239,511239,Production Cost 1239,Expense,Manufacturing,CC-00239,GL-000008,USD,Debit,Income Statement,Yes,TX14,Active,2020-01-01,
GL-001240,521240,Maintenance Expense 1240,Expense,Maintenance,CC-00240,GL-000009,USD,Debit,Income Statement,Yes,EXEMPT,Active,2020-01-01,
GL-001241,531241,Utilities Expense 1241,Expense,Utilities,CC-00241,GL-000010,USD,Debit,Income Statement,Yes,EXEMPT,Active,2020-01-01,
GL-001242,541242,Quality Expense 1242,Expense,Quality,CC-00242,GL-000011,USD,Debit,Income Statement,Yes,TX0,Active,2020-01-01,
GL-001243,551243,Warehouse Expense 1243,Expense,Warehouse,CC-00243,GL-000012,USD,Debit,Income Statement,Yes,TX14,Active,2020-01-01,
GL-001244,561244,Sales Expense 1244,Expense,Sales,CC-00244,GL-000013,USD,Debit,Income Statement,Yes,TX0,Active,2020-01-01,
GL-001245,571245,Administrative Expense 1245,Expense,Administration,CC-00245,GL-000014,USD,Debit,Income Statement,Yes,EXEMPT,Active,2020-01-01,
GL-001246,101246,Cash 1246,Asset,Current Asset,CC-00246,GL-000015,USD,Debit,Balance Sheet,Yes,TX14,Active,2020-01-01,
GL-001247,111247,Accounts Receivable 1247,Asset,Current Asset,CC-00247,GL-000001,USD,Debit,Balance Sheet,Yes,EXEMPT,Active,2020-01-01,
GL-001248,121248,Inventory 1248,Asset,Current Asset,CC-00248,GL-000002,USD,Debit,Balance Sheet,Yes,TX0,Active,2020-01-01,
GL-001249,131249,Fixed Assets 1249,Asset,Non Current Asset,CC-00249,GL-000003,USD,Debit,Balance Sheet,Yes,TX14,Active,2020-01-01,
GL-001250,201250,Accounts Payable 1250,Liability,Current Liability,CC-00250,GL-000004,USD,Credit,Balance Sheet,Yes,TX0,Active,2020-01-01,
GL-001251,301251,Equity 1251,Equity,Equity,CC-00251,GL-000005,USD,Credit,Balance Sheet,Yes,TX5,Active,2020-01-01,
GL-001252,401252,Sales Revenue 1252,Revenue,Operating Revenue,CC-00252,GL-000006,USD,Credit,Income Statement,Yes,TX5,Active,2020-01-01,
GL-001253,501253,Cost of Goods Sold 1253,Expense,COGS,CC-00253,GL-000007,USD,Debit,Income Statement,Yes,TX5,Active,2020-01-01,
GL-001254,511254,Production Cost 1254,Expense,Manufacturing,CC-00254,GL-000008,USD,Debit,Income Statement,Yes,TX0,Active,2020-01-01,
GL-001255,521255,Maintenance Expense 1255,Expense,Maintenance,CC-00255,GL-000009,USD,Debit,Income Statement,Yes,EXEMPT,Active,2020-01-01,
GL-001256,531256,Utilities Expense 1256,Expense,Utilities,CC-00256,GL-000010,USD,Debit,Income Statement,Yes,TX5,Active,2020-01-01,
GL-001257,541257,Quality Expense 1257,Expense,Quality,CC-00257,GL-000011,USD,Debit,Income Statement,Yes,TX0,Active,2020-01-01,
GL-001258,551258,Warehouse Expense 1258,Expense,Warehouse,CC-00258,GL-000012,USD,Debit,Income Statement,Yes,TX5,Active,2020-01-01,
GL-001259,561259,Sales Expense 1259,Expense,Sales,CC-00259,GL-000013,USD,Debit,Income Statement,Yes,EXEMPT,Active,2020-01-01,
GL-001260,571260,Administrative Expense 1260,Expense,Administration,CC-00260,GL-000014,USD,Debit,Income Statement,Yes,TX14,Active,2020-01-01,
GL-001261,101261,Cash 1261,Asset,Current Asset,CC-00261,GL-000015,USD,Debit,Balance Sheet,Yes,TX14,Active,2020-01-01,
GL-001262,111262,Accounts Receivable 1262,Asset,Current Asset,CC-00262,GL-000001,USD,Debit,Balance Sheet,Yes,TX0,Active,2020-01-01,
GL-001263,121263,Inventory 1263,Asset,Current Asset,CC-00263,GL-000002,USD,Debit,Balance Sheet,Yes,TX0,Active,2020-01-01,
GL-001264,131264,Fixed Assets 1264,Asset,Non Current Asset,CC-00264,GL-000003,USD,Debit,Balance Sheet,Yes,EXEMPT,Active,2020-01-01,
GL-001265,201265,Accounts Payable 1265,Liability,Current Liability,CC-00265,GL-000004,USD,Credit,Balance Sheet,Yes,TX5,Active,2020-01-01,
GL-001266,301266,Equity 1266,Equity,Equity,CC-00266,GL-000005,USD,Credit,Balance Sheet,Yes,TX14,Active,2020-01-01,
GL-001267,401267,Sales Revenue 1267,Revenue,Operating Revenue,CC-00267,GL-000006,USD,Credit,Income Statement,Yes,TX14,Active,2020-01-01,
GL-001268,501268,Cost of Goods Sold 1268,Expense,COGS,CC-00268,GL-000007,USD,Debit,Income Statement,Yes,EXEMPT,Active,2020-01-01,
GL-001269,511269,Production Cost 1269,Expense,Manufacturing,CC-00269,GL-000008,USD,Debit,Income Statement,Yes,TX5,Active,2020-01-01,
GL-001270,521270,Maintenance Expense 1270,Expense,Maintenance,CC-00270,GL-000009,USD,Debit,Income Statement,Yes,TX5,Active,2020-01-01,
GL-001271,531271,Utilities Expense 1271,Expense,Utilities,CC-00271,GL-000010,USD,Debit,Income Statement,Yes,TX5,Active,2020-01-01,
GL-001272,541272,Quality Expense 1272,Expense,Quality,CC-00272,GL-000011,USD,Debit,Income Statement,Yes,TX5,Active,2020-01-01,
GL-001273,551273,Warehouse Expense 1273,Expense,Warehouse,CC-00273,GL-000012,USD,Debit,Income Statement,Yes,TX14,Active,2020-01-01,
GL-001274,561274,Sales Expense 1274,Expense,Sales,CC-00274,GL-000013,USD,Debit,Income Statement,Yes,TX5,Active,2020-01-01,
GL-001275,571275,Administrative Expense 1275,Expense,Administration,CC-00275,GL-000014,USD,Debit,Income Statement,Yes,EXEMPT,Active,2020-01-01,
GL-001276,101276,Cash 1276,Asset,Current Asset,CC-00276,GL-000015,USD,Debit,Balance Sheet,Yes,TX5,Active,2020-01-01,
GL-001277,111277,Accounts Receivable 1277,Asset,Current Asset,CC-00277,GL-000001,USD,Debit,Balance Sheet,Yes,TX5,Active,2020-01-01,
GL-001278,121278,Inventory 1278,Asset,Current Asset,CC-00278,GL-000002,USD,Debit,Balance Sheet,Yes,TX0,Active,2020-01-01,
GL-001279,131279,Fixed Assets 1279,Asset,Non Current Asset,CC-00279,GL-000003,USD,Debit,Balance Sheet,Yes,TX14,Active,2020-01-01,
GL-001280,201280,Accounts Payable 1280,Liability,Current Liability,CC-00280,GL-000004,USD,Credit,Balance Sheet,Yes,TX0,Active,2020-01-01,
GL-001281,301281,Equity 1281,Equity,Equity,CC-00281,GL-000005,USD,Credit,Balance Sheet,Yes,TX5,Active,2020-01-01,
GL-001282,401282,Sales Revenue 1282,Revenue,Operating Revenue,CC-00282,GL-000006,USD,Credit,Income Statement,Yes,TX5,Active,2020-01-01,
GL-001283,501283,Cost of Goods Sold 1283,Expense,COGS,CC-00283,GL-000007,USD,Debit,Income Statement,Yes,EXEMPT,Active,2020-01-01,
GL-001284,511284,Production Cost 1284,Expense,Manufacturing,CC-00284,GL-000008,USD,Debit,Income Statement,Yes,EXEMPT,Active,2020-01-01,
GL-001285,521285,Maintenance Expense 1285,Expense,Maintenance,CC-00285,GL-000009,USD,Debit,Income Statement,Yes,EXEMPT,Active,2020-01-01,
GL-001286,531286,Utilities Expense 1286,Expense,Utilities,CC-00286,GL-000010,USD,Debit,Income Statement,Yes,TX0,Active,2020-01-01,
GL-001287,541287,Quality Expense 1287,Expense,Quality,CC-00287,GL-000011,USD,Debit,Income Statement,Yes,TX14,Active,2020-01-01,
GL-001288,551288,Warehouse Expense 1288,Expense,Warehouse,CC-00288,GL-000012,USD,Debit,Income Statement,Yes,TX14,Active,2020-01-01,
GL-001289,561289,Sales Expense 1289,Expense,Sales,CC-00289,GL-000013,USD,Debit,Income Statement,Yes,EXEMPT,Active,2020-01-01,
GL-001290,571290,Administrative Expense 1290,Expense,Administration,CC-00290,GL-000014,USD,Debit,Income Statement,Yes,TX5,Active,2020-01-01,
GL-001291,101291,Cash 1291,Asset,Current Asset,CC-00291,GL-000015,USD,Debit,Balance Sheet,Yes,TX5,Active,2020-01-01,
GL-001292,111292,Accounts Receivable 1292,Asset,Current Asset,CC-00292,GL-000001,USD,Debit,Balance Sheet,Yes,TX5,Active,2020-01-01,
GL-001293,121293,Inventory 1293,Asset,Current Asset,CC-00293,GL-000002,USD,Debit,Balance Sheet,Yes,EXEMPT,Active,2020-01-01,
GL-001294,131294,Fixed Assets 1294,Asset,Non Current Asset,CC-00294,GL-000003,USD,Debit,Balance Sheet,Yes,EXEMPT,Active,2020-01-01,
GL-001295,201295,Accounts Payable 1295,Liability,Current Liability,CC-00295,GL-000004,USD,Credit,Balance Sheet,Yes,TX5,Active,2020-01-01,
GL-001296,301296,Equity 1296,Equity,Equity,CC-00296,GL-000005,USD,Credit,Balance Sheet,Yes,TX14,Active,2020-01-01,
GL-001297,401297,Sales Revenue 1297,Revenue,Operating Revenue,CC-00297,GL-000006,USD,Credit,Income Statement,Yes,TX14,Active,2020-01-01,
GL-001298,501298,Cost of Goods Sold 1298,Expense,COGS,CC-00298,GL-000007,USD,Debit,Income Statement,Yes,EXEMPT,Active,2020-01-01,
GL-001299,511299,Production Cost 1299,Expense,Manufacturing,CC-00299,GL-000008,USD,Debit,Income Statement,Yes,TX0,Active,2020-01-01,
GL-001300,521300,Maintenance Expense 1300,Expense,Maintenance,CC-00300,GL-000009,USD,Debit,Income Statement,Yes,TX14,Active,2020-01-01,
GL-001301,531301,Utilities Expense 1301,Expense,Utilities,CC-00301,GL-000010,USD,Debit,Income Statement,Yes,TX14,Active,2020-01-01,
GL-001302,541302,Quality Expense 1302,Expense,Quality,CC-00302,GL-000011,USD,Debit,Income Statement,Yes,TX14,Active,2020-01-01,
GL-001303,551303,Warehouse Expense 1303,Expense,Warehouse,CC-00303,GL-000012,USD,Debit,Income Statement,Yes,TX5,Active,2020-01-01,
GL-001304,561304,Sales Expense 1304,Expense,Sales,CC-00304,GL-000013,USD,Debit,Income Statement,Yes,TX5,Active,2020-01-01,
GL-001305,571305,Administrative Expense 1305,Expense,Administration,CC-00305,GL-000014,USD,Debit,Income Statement,Yes,EXEMPT,Active,2020-01-01,
GL-001306,101306,Cash 1306,Asset,Current Asset,CC-00306,GL-000015,USD,Debit,Balance Sheet,Yes,EXEMPT,Active,2020-01-01,
GL-001307,111307,Accounts Receivable 1307,Asset,Current Asset,CC-00307,GL-000001,USD,Debit,Balance Sheet,Yes,TX5,Active,2020-01-01,
GL-001308,121308,Inventory 1308,Asset,Current Asset,CC-00308,GL-000002,USD,Debit,Balance Sheet,Yes,TX5,Active,2020-01-01,
GL-001309,131309,Fixed Assets 1309,Asset,Non Current Asset,CC-00309,GL-000003,USD,Debit,Balance Sheet,Yes,EXEMPT,Active,2020-01-01,
GL-001310,201310,Accounts Payable 1310,Liability,Current Liability,CC-00310,GL-000004,USD,Credit,Balance Sheet,Yes,TX5,Active,2020-01-01,
GL-001311,301311,Equity 1311,Equity,Equity,CC-00311,GL-000005,USD,Credit,Balance Sheet,Yes,EXEMPT,Active,2020-01-01,
GL-001312,401312,Sales Revenue 1312,Revenue,Operating Revenue,CC-00312,GL-000006,USD,Credit,Income Statement,Yes,TX14,Active,2020-01-01,
GL-001313,501313,Cost of Goods Sold 1313,Expense,COGS,CC-00313,GL-000007,USD,Debit,Income Statement,Yes,TX14,Active,2020-01-01,
GL-001314,511314,Production Cost 1314,Expense,Manufacturing,CC-00314,GL-000008,USD,Debit,Income Statement,Yes,EXEMPT,Active,2020-01-01,
GL-001315,521315,Maintenance Expense 1315,Expense,Maintenance,CC-00315,GL-000009,USD,Debit,Income Statement,Yes,TX5,Active,2020-01-01,
GL-001316,531316,Utilities Expense 1316,Expense,Utilities,CC-00316,GL-000010,USD,Debit,Income Statement,Yes,TX0,Active,2020-01-01,
GL-001317,541317,Quality Expense 1317,Expense,Quality,CC-00317,GL-000011,USD,Debit,Income Statement,Yes,TX5,Active,2020-01-01,
GL-001318,551318,Warehouse Expense 1318,Expense,Warehouse,CC-00318,GL-000012,USD,Debit,Income Statement,Yes,EXEMPT,Active,2020-01-01,
GL-001319,561319,Sales Expense 1319,Expense,Sales,CC-00319,GL-000013,USD,Debit,Income Statement,Yes,EXEMPT,Active,2020-01-01,
GL-001320,571320,Administrative Expense 1320,Expense,Administration,CC-00320,GL-000014,USD,Debit,Income Statement,Yes,TX5,Active,2020-01-01,
GL-001321,101321,Cash 1321,Asset,Current Asset,CC-00321,GL-000015,USD,Debit,Balance Sheet,Yes,EXEMPT,Active,2020-01-01,
GL-001322,111322,Accounts Receivable 1322,Asset,Current Asset,CC-00322,GL-000001,USD,Debit,Balance Sheet,Yes,TX14,Active,2020-01-01,
GL-001323,121323,Inventory 1323,Asset,Current Asset,CC-00323,GL-000002,USD,Debit,Balance Sheet,Yes,TX14,Active,2020-01-01,
GL-001324,131324,Fixed Assets 1324,Asset,Non Current Asset,CC-00324,GL-000003,USD,Debit,Balance Sheet,Yes,EXEMPT,Active,2020-01-01,
GL-001325,201325,Accounts Payable 1325,Liability,Current Liability,CC-00325,GL-000004,USD,Credit,Balance Sheet,Yes,TX0,Active,2020-01-01,
GL-001326,301326,Equity 1326,Equity,Equity,CC-00326,GL-000005,USD,Credit,Balance Sheet,Yes,TX14,Active,2020-01-01,
GL-001327,401327,Sales Revenue 1327,Revenue,Operating Revenue,CC-00327,GL-000006,USD,Credit,Income Statement,Yes,TX5,Active,2020-01-01,
GL-001328,501328,Cost of Goods Sold 1328,Expense,COGS,CC-00328,GL-000007,USD,Debit,Income Statement,Yes,TX14,Active,2020-01-01,
GL-001329,511329,Production Cost 1329,Expense,Manufacturing,CC-00329,GL-000008,USD,Debit,Income Statement,Yes,TX5,Active,2020-01-01,
GL-001330,521330,Maintenance Expense 1330,Expense,Maintenance,CC-00330,GL-000009,USD,Debit,Income Statement,Yes,TX5,Active,2020-01-01,
GL-001331,531331,Utilities Expense 1331,Expense,Utilities,CC-00331,GL-000010,USD,Debit,Income Statement,Yes,TX14,Active,2020-01-01,
GL-001332,541332,Quality Expense 1332,Expense,Quality,CC-00332,GL-000011,USD,Debit,Income Statement,Yes,TX14,Active,2020-01-01,
GL-001333,551333,Warehouse Expense 1333,Expense,Warehouse,CC-00333,GL-000012,USD,Debit,Income Statement,Yes,EXEMPT,Active,2020-01-01,
GL-001334,561334,Sales Expense 1334,Expense,Sales,CC-00334,GL-000013,USD,Debit,Income Statement,Yes,EXEMPT,Active,2020-01-01,
GL-001335,571335,Administrative Expense 1335,Expense,Administration,CC-00335,GL-000014,USD,Debit,Income Statement,Yes,TX0,Active,2020-01-01,
GL-001336,101336,Cash 1336,Asset,Current Asset,CC-00336,GL-000015,USD,Debit,Balance Sheet,Yes,TX5,Active,2020-01-01,
GL-001337,111337,Accounts Receivable 1337,Asset,Current Asset,CC-00337,GL-000001,USD,Debit,Balance Sheet,Yes,TX5,Active,2020-01-01,
GL-001338,121338,Inventory 1338,Asset,Current Asset,CC-00338,GL-000002,USD,Debit,Balance Sheet,Yes,TX14,Active,2020-01-01,
GL-001339,131339,Fixed Assets 1339,Asset,Non Current Asset,CC-00339,GL-000003,USD,Debit,Balance Sheet,Yes,TX5,Active,2020-01-01,
GL-001340,201340,Accounts Payable 1340,Liability,Current Liability,CC-00340,GL-000004,USD,Credit,Balance Sheet,Yes,TX14,Active,2020-01-01,
GL-001341,301341,Equity 1341,Equity,Equity,CC-00341,GL-000005,USD,Credit,Balance Sheet,Yes,TX14,Active,2020-01-01,
GL-001342,401342,Sales Revenue 1342,Revenue,Operating Revenue,CC-00342,GL-000006,USD,Credit,Income Statement,Yes,TX0,Active,2020-01-01,
GL-001343,501343,Cost of Goods Sold 1343,Expense,COGS,CC-00343,GL-000007,USD,Debit,Income Statement,Yes,TX14,Active,2020-01-01,
GL-001344,511344,Production Cost 1344,Expense,Manufacturing,CC-00344,GL-000008,USD,Debit,Income Statement,Yes,TX5,Active,2020-01-01,
GL-001345,521345,Maintenance Expense 1345,Expense,Maintenance,CC-00345,GL-000009,USD,Debit,Income Statement,Yes,TX14,Active,2020-01-01,
GL-001346,531346,Utilities Expense 1346,Expense,Utilities,CC-00346,GL-000010,USD,Debit,Income Statement,Yes,TX5,Active,2020-01-01,
GL-001347,541347,Quality Expense 1347,Expense,Quality,CC-00347,GL-000011,USD,Debit,Income Statement,Yes,TX5,Active,2020-01-01,
GL-001348,551348,Warehouse Expense 1348,Expense,Warehouse,CC-00348,GL-000012,USD,Debit,Income Statement,Yes,TX0,Active,2020-01-01,
GL-001349,561349,Sales Expense 1349,Expense,Sales,CC-00349,GL-000013,USD,Debit,Income Statement,Yes,TX0,Active,2020-01-01,
GL-001350,571350,Administrative Expense 1350,Expense,Administration,CC-00350,GL-000014,USD,Debit,Income Statement,Yes,TX14,Active,2020-01-01,
GL-001351,101351,Cash 1351,Asset,Current Asset,CC-00351,GL-000015,USD,Debit,Balance Sheet,Yes,TX0,Active,2020-01-01,
GL-001352,111352,Accounts Receivable 1352,Asset,Current Asset,CC-00352,GL-000001,USD,Debit,Balance Sheet,Yes,TX14,Active,2020-01-01,
GL-001353,121353,Inventory 1353,Asset,Current Asset,CC-00353,GL-000002,USD,Debit,Balance Sheet,Yes,TX14,Active,2020-01-01,
GL-001354,131354,Fixed Assets 1354,Asset,Non Current Asset,CC-00354,GL-000003,USD,Debit,Balance Sheet,Yes,TX0,Active,2020-01-01,
GL-001355,201355,Accounts Payable 1355,Liability,Current Liability,CC-00355,GL-000004,USD,Credit,Balance Sheet,Yes,TX0,Active,2020-01-01,
GL-001356,301356,Equity 1356,Equity,Equity,CC-00356,GL-000005,USD,Credit,Balance Sheet,Yes,EXEMPT,Active,2020-01-01,
GL-001357,401357,Sales Revenue 1357,Revenue,Operating Revenue,CC-00357,GL-000006,USD,Credit,Income Statement,Yes,TX0,Active,2020-01-01,
GL-001358,501358,Cost of Goods Sold 1358,Expense,COGS,CC-00358,GL-000007,USD,Debit,Income Statement,Yes,TX0,Active,2020-01-01,
GL-001359,511359,Production Cost 1359,Expense,Manufacturing,CC-00359,GL-000008,USD,Debit,Income Statement,Yes,TX14,Active,2020-01-01,
GL-001360,521360,Maintenance Expense 1360,Expense,Maintenance,CC-00360,GL-000009,USD,Debit,Income Statement,Yes,EXEMPT,Active,2020-01-01,
GL-001361,531361,Utilities Expense 1361,Expense,Utilities,CC-00361,GL-000010,USD,Debit,Income Statement,Yes,EXEMPT,Active,2020-01-01,
GL-001362,541362,Quality Expense 1362,Expense,Quality,CC-00362,GL-000011,USD,Debit,Income Statement,Yes,TX5,Active,2020-01-01,
GL-001363,551363,Warehouse Expense 1363,Expense,Warehouse,CC-00363,GL-000012,USD,Debit,Income Statement,Yes,EXEMPT,Active,2020-01-01,
GL-001364,561364,Sales Expense 1364,Expense,Sales,CC-00364,GL-000013,USD,Debit,Income Statement,Yes,EXEMPT,Active,2020-01-01,
GL-001365,571365,Administrative Expense 1365,Expense,Administration,CC-00365,GL-000014,USD,Debit,Income Statement,Yes,TX14,Active,2020-01-01,
GL-001366,101366,Cash 1366,Asset,Current Asset,CC-00366,GL-000015,USD,Debit,Balance Sheet,Yes,TX0,Active,2020-01-01,
GL-001367,111367,Accounts Receivable 1367,Asset,Current Asset,CC-00367,GL-000001,USD,Debit,Balance Sheet,Yes,TX0,Active,2020-01-01,
GL-001368,121368,Inventory 1368,Asset,Current Asset,CC-00368,GL-000002,USD,Debit,Balance Sheet,Yes,TX14,Active,2020-01-01,
GL-001369,131369,Fixed Assets 1369,Asset,Non Current Asset,CC-00369,GL-000003,USD,Debit,Balance Sheet,Yes,TX5,Active,2020-01-01,
GL-001370,201370,Accounts Payable 1370,Liability,Current Liability,CC-00370,GL-000004,USD,Credit,Balance Sheet,Yes,TX5,Active,2020-01-01,
GL-001371,301371,Equity 1371,Equity,Equity,CC-00371,GL-000005,USD,Credit,Balance Sheet,Yes,EXEMPT,Active,2020-01-01,
GL-001372,401372,Sales Revenue 1372,Revenue,Operating Revenue,CC-00372,GL-000006,USD,Credit,Income Statement,Yes,TX0,Active,2020-01-01,
GL-001373,501373,Cost of Goods Sold 1373,Expense,COGS,CC-00373,GL-000007,USD,Debit,Income Statement,Yes,TX5,Active,2020-01-01,
GL-001374,511374,Production Cost 1374,Expense,Manufacturing,CC-00374,GL-000008,USD,Debit,Income Statement,Yes,TX5,Active,2020-01-01,
GL-001375,521375,Maintenance Expense 1375,Expense,Maintenance,CC-00375,GL-000009,USD,Debit,Income Statement,Yes,TX14,Active,2020-01-01,
GL-001376,531376,Utilities Expense 1376,Expense,Utilities,CC-00376,GL-000010,USD,Debit,Income Statement,Yes,TX14,Active,2020-01-01,
GL-001377,541377,Quality Expense 1377,Expense,Quality,CC-00377,GL-000011,USD,Debit,Income Statement,Yes,TX5,Active,2020-01-01,
GL-001378,551378,Warehouse Expense 1378,Expense,Warehouse,CC-00378,GL-000012,USD,Debit,Income Statement,Yes,EXEMPT,Active,2020-01-01,
GL-001379,561379,Sales Expense 1379,Expense,Sales,CC-00379,GL-000013,USD,Debit,Income Statement,Yes,TX5,Active,2020-01-01,
GL-001380,571380,Administrative Expense 1380,Expense,Administration,CC-00380,GL-000014,USD,Debit,Income Statement,Yes,TX5,Active,2020-01-01,
GL-001381,101381,Cash 1381,Asset,Current Asset,CC-00381,GL-000015,USD,Debit,Balance Sheet,Yes,EXEMPT,Active,2020-01-01,
GL-001382,111382,Accounts Receivable 1382,Asset,Current Asset,CC-00382,GL-000001,USD,Debit,Balance Sheet,Yes,TX5,Active,2020-01-01,
GL-001383,121383,Inventory 1383,Asset,Current Asset,CC-00383,GL-000002,USD,Debit,Balance Sheet,Yes,EXEMPT,Active,2020-01-01,
GL-001384,131384,Fixed Assets 1384,Asset,Non Current Asset,CC-00384,GL-000003,USD,Debit,Balance Sheet,Yes,TX14,Active,2020-01-01,
GL-001385,201385,Accounts Payable 1385,Liability,Current Liability,CC-00385,GL-000004,USD,Credit,Balance Sheet,Yes,TX5,Active,2020-01-01,
GL-001386,301386,Equity 1386,Equity,Equity,CC-00386,GL-000005,USD,Credit,Balance Sheet,Yes,TX5,Active,2020-01-01,
GL-001387,401387,Sales Revenue 1387,Revenue,Operating Revenue,CC-00387,GL-000006,USD,Credit,Income Statement,Yes,TX5,Active,2020-01-01,
GL-001388,501388,Cost of Goods Sold 1388,Expense,COGS,CC-00388,GL-000007,USD,Debit,Income Statement,Yes,TX0,Active,2020-01-01,
GL-001389,511389,Production Cost 1389,Expense,Manufacturing,CC-00389,GL-000008,USD,Debit,Income Statement,Yes,TX14,Active,2020-01-01,
GL-001390,521390,Maintenance Expense 1390,Expense,Maintenance,CC-00390,GL-000009,USD,Debit,Income Statement,Yes,TX14,Active,2020-01-01,
GL-001391,531391,Utilities Expense 1391,Expense,Utilities,CC-00391,GL-000010,USD,Debit,Income Statement,Yes,TX5,Active,2020-01-01,
GL-001392,541392,Quality Expense 1392,Expense,Quality,CC-00392,GL-000011,USD,Debit,Income Statement,Yes,TX14,Active,2020-01-01,
GL-001393,551393,Warehouse Expense 1393,Expense,Warehouse,CC-00393,GL-000012,USD,Debit,Income Statement,Yes,TX0,Active,2020-01-01,
GL-001394,561394,Sales Expense 1394,Expense,Sales,CC-00394,GL-000013,USD,Debit,Income Statement,Yes,TX0,Active,2020-01-01,
GL-001395,571395,Administrative Expense 1395,Expense,Administration,CC-00395,GL-000014,USD,Debit,Income Statement,Yes,TX5,Active,2020-01-01,
GL-001396,101396,Cash 1396,Asset,Current Asset,CC-00396,GL-000015,USD,Debit,Balance Sheet,Yes,TX0,Active,2020-01-01,
GL-001397,111397,Accounts Receivable 1397,Asset,Current Asset,CC-00397,GL-000001,USD,Debit,Balance Sheet,Yes,TX0,Active,2020-01-01,
GL-001398,121398,Inventory 1398,Asset,Current Asset,CC-00398,GL-000002,USD,Debit,Balance Sheet,Yes,TX14,Active,2020-01-01,
GL-001399,131399,Fixed Assets 1399,Asset,Non Current Asset,CC-00399,GL-000003,USD,Debit,Balance Sheet,Yes,EXEMPT,Active,2020-01-01,
GL-001400,201400,Accounts Payable 1400,Liability,Current Liability,CC-00400,GL-000004,USD,Credit,Balance Sheet,Yes,TX14,Active,2020-01-01,
GL-001401,301401,Equity 1401,Equity,Equity,CC-00401,GL-000005,USD,Credit,Balance Sheet,Yes,TX0,Active,2020-01-01,
GL-001402,401402,Sales Revenue 1402,Revenue,Operating Revenue,CC-00402,GL-000006,USD,Credit,Income Statement,Yes,TX5,Active,2020-01-01,
GL-001403,501403,Cost of Goods Sold 1403,Expense,COGS,CC-00403,GL-000007,USD,Debit,Income Statement,Yes,TX5,Active,2020-01-01,
GL-001404,511404,Production Cost 1404,Expense,Manufacturing,CC-00404,GL-000008,USD,Debit,Income Statement,Yes,TX14,Active,2020-01-01,
GL-001405,521405,Maintenance Expense 1405,Expense,Maintenance,CC-00405,GL-000009,USD,Debit,Income Statement,Yes,TX14,Active,2020-01-01,
GL-001406,531406,Utilities Expense 1406,Expense,Utilities,CC-00406,GL-000010,USD,Debit,Income Statement,Yes,TX14,Active,2020-01-01,
GL-001407,541407,Quality Expense 1407,Expense,Quality,CC-00407,GL-000011,USD,Debit,Income Statement,Yes,TX0,Active,2020-01-01,
GL-001408,551408,Warehouse Expense 1408,Expense,Warehouse,CC-00408,GL-000012,USD,Debit,Income Statement,Yes,TX14,Active,2020-01-01,
GL-001409,561409,Sales Expense 1409,Expense,Sales,CC-00409,GL-000013,USD,Debit,Income Statement,Yes,TX0,Active,2020-01-01,
GL-001410,571410,Administrative Expense 1410,Expense,Administration,CC-00410,GL-000014,USD,Debit,Income Statement,Yes,EXEMPT,Active,2020-01-01,
GL-001411,101411,Cash 1411,Asset,Current Asset,CC-00411,GL-000015,USD,Debit,Balance Sheet,Yes,TX14,Active,2020-01-01,
GL-001412,111412,Accounts Receivable 1412,Asset,Current Asset,CC-00412,GL-000001,USD,Debit,Balance Sheet,Yes,TX14,Active,2020-01-01,
GL-001413,121413,Inventory 1413,Asset,Current Asset,CC-00413,GL-000002,USD,Debit,Balance Sheet,Yes,TX5,Active,2020-01-01,
GL-001414,131414,Fixed Assets 1414,Asset,Non Current Asset,CC-00414,GL-000003,USD,Debit,Balance Sheet,Yes,TX0,Active,2020-01-01,
GL-001415,201415,Accounts Payable 1415,Liability,Current Liability,CC-00415,GL-000004,USD,Credit,Balance Sheet,Yes,TX0,Active,2020-01-01,
GL-001416,301416,Equity 1416,Equity,Equity,CC-00416,GL-000005,USD,Credit,Balance Sheet,Yes,TX0,Active,2020-01-01,
GL-001417,401417,Sales Revenue 1417,Revenue,Operating Revenue,CC-00417,GL-000006,USD,Credit,Income Statement,Yes,TX5,Active,2020-01-01,
GL-001418,501418,Cost of Goods Sold 1418,Expense,COGS,CC-00418,GL-000007,USD,Debit,Income Statement,Yes,TX14,Active,2020-01-01,
GL-001419,511419,Production Cost 1419,Expense,Manufacturing,CC-00419,GL-000008,USD,Debit,Income Statement,Yes,TX14,Active,2020-01-01,
GL-001420,521420,Maintenance Expense 1420,Expense,Maintenance,CC-00420,GL-000009,USD,Debit,Income Statement,Yes,TX0,Active,2020-01-01,
GL-001421,531421,Utilities Expense 1421,Expense,Utilities,CC-00421,GL-000010,USD,Debit,Income Statement,Yes,TX14,Active,2020-01-01,
GL-001422,541422,Quality Expense 1422,Expense,Quality,CC-00422,GL-000011,USD,Debit,Income Statement,Yes,EXEMPT,Active,2020-01-01,
GL-001423,551423,Warehouse Expense 1423,Expense,Warehouse,CC-00423,GL-000012,USD,Debit,Income Statement,Yes,TX14,Active,2020-01-01,
GL-001424,561424,Sales Expense 1424,Expense,Sales,CC-00424,GL-000013,USD,Debit,Income Statement,Yes,TX5,Active,2020-01-01,
GL-001425,571425,Administrative Expense 1425,Expense,Administration,CC-00425,GL-000014,USD,Debit,Income Statement,Yes,TX5,Active,2020-01-01,
GL-001426,101426,Cash 1426,Asset,Current Asset,CC-00426,GL-000015,USD,Debit,Balance Sheet,Yes,EXEMPT,Active,2020-01-01,
GL-001427,111427,Accounts Receivable 1427,Asset,Current Asset,CC-00427,GL-000001,USD,Debit,Balance Sheet,Yes,TX14,Active,2020-01-01,
GL-001428,121428,Inventory 1428,Asset,Current Asset,CC-00428,GL-000002,USD,Debit,Balance Sheet,Yes,TX0,Active,2020-01-01,
GL-001429,131429,Fixed Assets 1429,Asset,Non Current Asset,CC-00429,GL-000003,USD,Debit,Balance Sheet,Yes,TX14,Active,2020-01-01,
GL-001430,201430,Accounts Payable 1430,Liability,Current Liability,CC-00430,GL-000004,USD,Credit,Balance Sheet,Yes,EXEMPT,Active,2020-01-01,
GL-001431,301431,Equity 1431,Equity,Equity,CC-00431,GL-000005,USD,Credit,Balance Sheet,Yes,TX5,Active,2020-01-01,
GL-001432,401432,Sales Revenue 1432,Revenue,Operating Revenue,CC-00432,GL-000006,USD,Credit,Income Statement,Yes,TX0,Active,2020-01-01,
GL-001433,501433,Cost of Goods Sold 1433,Expense,COGS,CC-00433,GL-000007,USD,Debit,Income Statement,Yes,TX5,Active,2020-01-01,
GL-001434,511434,Production Cost 1434,Expense,Manufacturing,CC-00434,GL-000008,USD,Debit,Income Statement,Yes,TX0,Active,2020-01-01,
GL-001435,521435,Maintenance Expense 1435,Expense,Maintenance,CC-00435,GL-000009,USD,Debit,Income Statement,Yes,TX0,Active,2020-01-01,
GL-001436,531436,Utilities Expense 1436,Expense,Utilities,CC-00436,GL-000010,USD,Debit,Income Statement,Yes,EXEMPT,Active,2020-01-01,
GL-001437,541437,Quality Expense 1437,Expense,Quality,CC-00437,GL-000011,USD,Debit,Income Statement,Yes,TX5,Active,2020-01-01,
GL-001438,551438,Warehouse Expense 1438,Expense,Warehouse,CC-00438,GL-000012,USD,Debit,Income Statement,Yes,TX0,Active,2020-01-01,
GL-001439,561439,Sales Expense 1439,Expense,Sales,CC-00439,GL-000013,USD,Debit,Income Statement,Yes,TX5,Active,2020-01-01,
GL-001440,571440,Administrative Expense 1440,Expense,Administration,CC-00440,GL-000014,USD,Debit,Income Statement,Yes,EXEMPT,Active,2020-01-01,
GL-001441,101441,Cash 1441,Asset,Current Asset,CC-00441,GL-000015,USD,Debit,Balance Sheet,Yes,TX0,Active,2020-01-01,
GL-001442,111442,Accounts Receivable 1442,Asset,Current Asset,CC-00442,GL-000001,USD,Debit,Balance Sheet,Yes,EXEMPT,Active,2020-01-01,
GL-001443,121443,Inventory 1443,Asset,Current Asset,CC-00443,GL-000002,USD,Debit,Balance Sheet,Yes,EXEMPT,Active,2020-01-01,
GL-001444,131444,Fixed Assets 1444,Asset,Non Current Asset,CC-00444,GL-000003,USD,Debit,Balance Sheet,Yes,EXEMPT,Active,2020-01-01,
GL-001445,201445,Accounts Payable 1445,Liability,Current Liability,CC-00445,GL-000004,USD,Credit,Balance Sheet,Yes,TX14,Active,2020-01-01,
GL-001446,301446,Equity 1446,Equity,Equity,CC-00446,GL-000005,USD,Credit,Balance Sheet,Yes,TX5,Active,2020-01-01,
GL-001447,401447,Sales Revenue 1447,Revenue,Operating Revenue,CC-00447,GL-000006,USD,Credit,Income Statement,Yes,TX0,Active,2020-01-01,
GL-001448,501448,Cost of Goods Sold 1448,Expense,COGS,CC-00448,GL-000007,USD,Debit,Income Statement,Yes,EXEMPT,Active,2020-01-01,
GL-001449,511449,Production Cost 1449,Expense,Manufacturing,CC-00449,GL-000008,USD,Debit,Income Statement,Yes,EXEMPT,Active,2020-01-01,
GL-001450,521450,Maintenance Expense 1450,Expense,Maintenance,CC-00450,GL-000009,USD,Debit,Income Statement,Yes,TX0,Active,2020-01-01,
GL-001451,531451,Utilities Expense 1451,Expense,Utilities,CC-00451,GL-000010,USD,Debit,Income Statement,Yes,EXEMPT,Active,2020-01-01,
GL-001452,541452,Quality Expense 1452,Expense,Quality,CC-00452,GL-000011,USD,Debit,Income Statement,Yes,TX14,Active,2020-01-01,
GL-001453,551453,Warehouse Expense 1453,Expense,Warehouse,CC-00453,GL-000012,USD,Debit,Income Statement,Yes,EXEMPT,Active,2020-01-01,
GL-001454,561454,Sales Expense 1454,Expense,Sales,CC-00454,GL-000013,USD,Debit,Income Statement,Yes,TX14,Active,2020-01-01,
GL-001455,571455,Administrative Expense 1455,Expense,Administration,CC-00455,GL-000014,USD,Debit,Income Statement,Yes,TX0,Active,2020-01-01,
GL-001456,101456,Cash 1456,Asset,Current Asset,CC-00456,GL-000015,USD,Debit,Balance Sheet,Yes,TX5,Active,2020-01-01,
GL-001457,111457,Accounts Receivable 1457,Asset,Current Asset,CC-00457,GL-000001,USD,Debit,Balance Sheet,Yes,EXEMPT,Active,2020-01-01,
GL-001458,121458,Inventory 1458,Asset,Current Asset,CC-00458,GL-000002,USD,Debit,Balance Sheet,Yes,TX0,Active,2020-01-01,
GL-001459,131459,Fixed Assets 1459,Asset,Non Current Asset,CC-00459,GL-000003,USD,Debit,Balance Sheet,Yes,EXEMPT,Active,2020-01-01,
GL-001460,201460,Accounts Payable 1460,Liability,Current Liability,CC-00460,GL-000004,USD,Credit,Balance Sheet,Yes,TX5,Active,2020-01-01,
GL-001461,301461,Equity 1461,Equity,Equity,CC-00461,GL-000005,USD,Credit,Balance Sheet,Yes,EXEMPT,Active,2020-01-01,
GL-001462,401462,Sales Revenue 1462,Revenue,Operating Revenue,CC-00462,GL-000006,USD,Credit,Income Statement,Yes,TX5,Active,2020-01-01,
GL-001463,501463,Cost of Goods Sold 1463,Expense,COGS,CC-00463,GL-000007,USD,Debit,Income Statement,Yes,EXEMPT,Active,2020-01-01,
GL-001464,511464,Production Cost 1464,Expense,Manufacturing,CC-00464,GL-000008,USD,Debit,Income Statement,Yes,TX5,Active,2020-01-01,
GL-001465,521465,Maintenance Expense 1465,Expense,Maintenance,CC-00465,GL-000009,USD,Debit,Income Statement,Yes,TX5,Active,2020-01-01,
GL-001466,531466,Utilities Expense 1466,Expense,Utilities,CC-00466,GL-000010,USD,Debit,Income Statement,Yes,TX5,Active,2020-01-01,
GL-001467,541467,Quality Expense 1467,Expense,Quality,CC-00467,GL-000011,USD,Debit,Income Statement,Yes,TX0,Active,2020-01-01,
GL-001468,551468,Warehouse Expense 1468,Expense,Warehouse,CC-00468,GL-000012,USD,Debit,Income Statement,Yes,TX5,Active,2020-01-01,
GL-001469,561469,Sales Expense 1469,Expense,Sales,CC-00469,GL-000013,USD,Debit,Income Statement,Yes,EXEMPT,Active,2020-01-01,
GL-001470,571470,Administrative Expense 1470,Expense,Administration,CC-00470,GL-000014,USD,Debit,Income Statement,Yes,TX14,Active,2020-01-01,
GL-001471,101471,Cash 1471,Asset,Current Asset,CC-00471,GL-000015,USD,Debit,Balance Sheet,Yes,EXEMPT,Active,2020-01-01,
GL-001472,111472,Accounts Receivable 1472,Asset,Current Asset,CC-00472,GL-000001,USD,Debit,Balance Sheet,Yes,TX0,Active,2020-01-01,
GL-001473,121473,Inventory 1473,Asset,Current Asset,CC-00473,GL-000002,USD,Debit,Balance Sheet,Yes,TX5,Active,2020-01-01,
GL-001474,131474,Fixed Assets 1474,Asset,Non Current Asset,CC-00474,GL-000003,USD,Debit,Balance Sheet,Yes,TX14,Active,2020-01-01,
GL-001475,201475,Accounts Payable 1475,Liability,Current Liability,CC-00475,GL-000004,USD,Credit,Balance Sheet,Yes,TX14,Active,2020-01-01,
GL-001476,301476,Equity 1476,Equity,Equity,CC-00476,GL-000005,USD,Credit,Balance Sheet,Yes,TX5,Active,2020-01-01,
GL-001477,401477,Sales Revenue 1477,Revenue,Operating Revenue,CC-00477,GL-000006,USD,Credit,Income Statement,Yes,TX0,Active,2020-01-01,
GL-001478,501478,Cost of Goods Sold 1478,Expense,COGS,CC-00478,GL-000007,USD,Debit,Income Statement,Yes,TX5,Active,2020-01-01,
GL-001479,511479,Production Cost 1479,Expense,Manufacturing,CC-00479,GL-000008,USD,Debit,Income Statement,Yes,TX5,Active,2020-01-01,
GL-001480,521480,Maintenance Expense 1480,Expense,Maintenance,CC-00480,GL-000009,USD,Debit,Income Statement,Yes,EXEMPT,Active,2020-01-01,
GL-001481,531481,Utilities Expense 1481,Expense,Utilities,CC-00481,GL-000010,USD,Debit,Income Statement,Yes,EXEMPT,Active,2020-01-01,
GL-001482,541482,Quality Expense 1482,Expense,Quality,CC-00482,GL-000011,USD,Debit,Income Statement,Yes,TX14,Active,2020-01-01,
GL-001483,551483,Warehouse Expense 1483,Expense,Warehouse,CC-00483,GL-000012,USD,Debit,Income Statement,Yes,TX14,Active,2020-01-01,
GL-001484,561484,Sales Expense 1484,Expense,Sales,CC-00484,GL-000013,USD,Debit,Income Statement,Yes,TX0,Active,2020-01-01,
GL-001485,571485,Administrative Expense 1485,Expense,Administration,CC-00485,GL-000014,USD,Debit,Income Statement,Yes,TX5,Active,2020-01-01,
GL-001486,101486,Cash 1486,Asset,Current Asset,CC-00486,GL-000015,USD,Debit,Balance Sheet,Yes,TX14,Active,2020-01-01,
GL-001487,111487,Accounts Receivable 1487,Asset,Current Asset,CC-00487,GL-000001,USD,Debit,Balance Sheet,Yes,TX0,Active,2020-01-01,
GL-001488,121488,Inventory 1488,Asset,Current Asset,CC-00488,GL-000002,USD,Debit,Balance Sheet,Yes,TX5,Active,2020-01-01,
GL-001489,131489,Fixed Assets 1489,Asset,Non Current Asset,CC-00489,GL-000003,USD,Debit,Balance Sheet,Yes,EXEMPT,Active,2020-01-01,
GL-001490,201490,Accounts Payable 1490,Liability,Current Liability,CC-00490,GL-000004,USD,Credit,Balance Sheet,Yes,TX5,Active,2020-01-01,
GL-001491,301491,Equity 1491,Equity,Equity,CC-00491,GL-000005,USD,Credit,Balance Sheet,Yes,TX14,Active,2020-01-01,
GL-001492,401492,Sales Revenue 1492,Revenue,Operating Revenue,CC-00492,GL-000006,USD,Credit,Income Statement,Yes,TX0,Active,2020-01-01,
GL-001493,501493,Cost of Goods Sold 1493,Expense,COGS,CC-00493,GL-000007,USD,Debit,Income Statement,Yes,TX5,Active,2020-01-01,
GL-001494,511494,Production Cost 1494,Expense,Manufacturing,CC-00494,GL-000008,USD,Debit,Income Statement,Yes,TX5,Active,2020-01-01,
GL-001495,521495,Maintenance Expense 1495,Expense,Maintenance,CC-00495,GL-000009,USD,Debit,Income Statement,Yes,EXEMPT,Active,2020-01-01,
GL-001496,531496,Utilities Expense 1496,Expense,Utilities,CC-00496,GL-000010,USD,Debit,Income Statement,Yes,TX14,Active,2020-01-01,
GL-001497,541497,Quality Expense 1497,Expense,Quality,CC-00497,GL-000011,USD,Debit,Income Statement,Yes,EXEMPT,Active,2020-01-01,
GL-001498,551498,Warehouse Expense 1498,Expense,Warehouse,CC-00498,GL-000012,USD,Debit,Income Statement,Yes,EXEMPT,Active,2020-01-01,
GL-001499,561499,Sales Expense 1499,Expense,Sales,CC-00499,GL-000013,USD,Debit,Income Statement,Yes,TX0,Active,2020-01-01,
GL-001500,571500,Administrative Expense 1500,Expense,Administration,CC-00500,GL-000014,USD,Debit,Income Statement,Yes,TX0,Active,2020-01-01,
GL-001501,101501,Cash 1501,Asset,Current Asset,CC-00501,GL-000015,USD,Debit,Balance Sheet,Yes,TX14,Active,2020-01-01,
GL-001502,111502,Accounts Receivable 1502,Asset,Current Asset,CC-00502,GL-000001,USD,Debit,Balance Sheet,Yes,EXEMPT,Active,2020-01-01,
GL-001503,121503,Inventory 1503,Asset,Current Asset,CC-00503,GL-000002,USD,Debit,Balance Sheet,Yes,TX14,Active,2020-01-01,
GL-001504,131504,Fixed Assets 1504,Asset,Non Current Asset,CC-00504,GL-000003,USD,Debit,Balance Sheet,Yes,TX14,Active,2020-01-01,
GL-001505,201505,Accounts Payable 1505,Liability,Current Liability,CC-00505,GL-000004,USD,Credit,Balance Sheet,Yes,TX5,Active,2020-01-01,
GL-001506,301506,Equity 1506,Equity,Equity,CC-00506,GL-000005,USD,Credit,Balance Sheet,Yes,EXEMPT,Active,2020-01-01,
GL-001507,401507,Sales Revenue 1507,Revenue,Operating Revenue,CC-00507,GL-000006,USD,Credit,Income Statement,Yes,TX5,Active,2020-01-01,
GL-001508,501508,Cost of Goods Sold 1508,Expense,COGS,CC-00508,GL-000007,USD,Debit,Income Statement,Yes,TX5,Active,2020-01-01,
GL-001509,511509,Production Cost 1509,Expense,Manufacturing,CC-00509,GL-000008,USD,Debit,Income Statement,Yes,EXEMPT,Active,2020-01-01,
GL-001510,521510,Maintenance Expense 1510,Expense,Maintenance,CC-00510,GL-000009,USD,Debit,Income Statement,Yes,TX14,Active,2020-01-01,
GL-001511,531511,Utilities Expense 1511,Expense,Utilities,CC-00511,GL-000010,USD,Debit,Income Statement,Yes,TX5,Active,2020-01-01,
GL-001512,541512,Quality Expense 1512,Expense,Quality,CC-00512,GL-000011,USD,Debit,Income Statement,Yes,TX14,Active,2020-01-01,
GL-001513,551513,Warehouse Expense 1513,Expense,Warehouse,CC-00513,GL-000012,USD,Debit,Income Statement,Yes,EXEMPT,Active,2020-01-01,
GL-001514,561514,Sales Expense 1514,Expense,Sales,CC-00514,GL-000013,USD,Debit,Income Statement,Yes,TX5,Active,2020-01-01,
GL-001515,571515,Administrative Expense 1515,Expense,Administration,CC-00515,GL-000014,USD,Debit,Income Statement,Yes,EXEMPT,Active,2020-01-01,
GL-001516,101516,Cash 1516,Asset,Current Asset,CC-00516,GL-000015,USD,Debit,Balance Sheet,Yes,TX5,Active,2020-01-01,
GL-001517,111517,Accounts Receivable 1517,Asset,Current Asset,CC-00517,GL-000001,USD,Debit,Balance Sheet,Yes,TX0,Active,2020-01-01,
GL-001518,121518,Inventory 1518,Asset,Current Asset,CC-00518,GL-000002,USD,Debit,Balance Sheet,Yes,TX0,Active,2020-01-01,
GL-001519,131519,Fixed Assets 1519,Asset,Non Current Asset,CC-00519,GL-000003,USD,Debit,Balance Sheet,Yes,TX14,Active,2020-01-01,
GL-001520,201520,Accounts Payable 1520,Liability,Current Liability,CC-00520,GL-000004,USD,Credit,Balance Sheet,Yes,TX14,Active,2020-01-01,
GL-001521,301521,Equity 1521,Equity,Equity,CC-00521,GL-000005,USD,Credit,Balance Sheet,Yes,TX14,Active,2020-01-01,
GL-001522,401522,Sales Revenue 1522,Revenue,Operating Revenue,CC-00522,GL-000006,USD,Credit,Income Statement,Yes,EXEMPT,Active,2020-01-01,
GL-001523,501523,Cost of Goods Sold 1523,Expense,COGS,CC-00523,GL-000007,USD,Debit,Income Statement,Yes,TX0,Active,2020-01-01,
GL-001524,511524,Production Cost 1524,Expense,Manufacturing,CC-00524,GL-000008,USD,Debit,Income Statement,Yes,TX0,Active,2020-01-01,
GL-001525,521525,Maintenance Expense 1525,Expense,Maintenance,CC-00525,GL-000009,USD,Debit,Income Statement,Yes,EXEMPT,Active,2020-01-01,
GL-001526,531526,Utilities Expense 1526,Expense,Utilities,CC-00526,GL-000010,USD,Debit,Income Statement,Yes,TX14,Active,2020-01-01,
GL-001527,541527,Quality Expense 1527,Expense,Quality,CC-00527,GL-000011,USD,Debit,Income Statement,Yes,TX0,Active,2020-01-01,
GL-001528,551528,Warehouse Expense 1528,Expense,Warehouse,CC-00528,GL-000012,USD,Debit,Income Statement,Yes,TX5,Active,2020-01-01,
GL-001529,561529,Sales Expense 1529,Expense,Sales,CC-00529,GL-000013,USD,Debit,Income Statement,Yes,TX5,Active,2020-01-01,
GL-001530,571530,Administrative Expense 1530,Expense,Administration,CC-00530,GL-000014,USD,Debit,Income Statement,Yes,TX0,Active,2020-01-01,
GL-001531,101531,Cash 1531,Asset,Current Asset,CC-00531,GL-000015,USD,Debit,Balance Sheet,Yes,TX5,Active,2020-01-01,
GL-001532,111532,Accounts Receivable 1532,Asset,Current Asset,CC-00532,GL-000001,USD,Debit,Balance Sheet,Yes,TX5,Active,2020-01-01,
GL-001533,121533,Inventory 1533,Asset,Current Asset,CC-00533,GL-000002,USD,Debit,Balance Sheet,Yes,TX5,Active,2020-01-01,
GL-001534,131534,Fixed Assets 1534,Asset,Non Current Asset,CC-00534,GL-000003,USD,Debit,Balance Sheet,Yes,EXEMPT,Active,2020-01-01,
GL-001535,201535,Accounts Payable 1535,Liability,Current Liability,CC-00535,GL-000004,USD,Credit,Balance Sheet,Yes,TX14,Active,2020-01-01,
GL-001536,301536,Equity 1536,Equity,Equity,CC-00536,GL-000005,USD,Credit,Balance Sheet,Yes,EXEMPT,Active,2020-01-01,
GL-001537,401537,Sales Revenue 1537,Revenue,Operating Revenue,CC-00537,GL-000006,USD,Credit,Income Statement,Yes,EXEMPT,Active,2020-01-01,
GL-001538,501538,Cost of Goods Sold 1538,Expense,COGS,CC-00538,GL-000007,USD,Debit,Income Statement,Yes,TX14,Active,2020-01-01,
GL-001539,511539,Production Cost 1539,Expense,Manufacturing,CC-00539,GL-000008,USD,Debit,Income Statement,Yes,TX14,Active,2020-01-01,
GL-001540,521540,Maintenance Expense 1540,Expense,Maintenance,CC-00540,GL-000009,USD,Debit,Income Statement,Yes,EXEMPT,Active,2020-01-01,
GL-001541,531541,Utilities Expense 1541,Expense,Utilities,CC-00541,GL-000010,USD,Debit,Income Statement,Yes,TX5,Active,2020-01-01,
GL-001542,541542,Quality Expense 1542,Expense,Quality,CC-00542,GL-000011,USD,Debit,Income Statement,Yes,TX14,Active,2020-01-01,
GL-001543,551543,Warehouse Expense 1543,Expense,Warehouse,CC-00543,GL-000012,USD,Debit,Income Statement,Yes,EXEMPT,Active,2020-01-01,
GL-001544,561544,Sales Expense 1544,Expense,Sales,CC-00544,GL-000013,USD,Debit,Income Statement,Yes,TX5,Active,2020-01-01,
GL-001545,571545,Administrative Expense 1545,Expense,Administration,CC-00545,GL-000014,USD,Debit,Income Statement,Yes,TX0,Active,2020-01-01,
GL-001546,101546,Cash 1546,Asset,Current Asset,CC-00546,GL-000015,USD,Debit,Balance Sheet,Yes,TX14,Active,2020-01-01,
GL-001547,111547,Accounts Receivable 1547,Asset,Current Asset,CC-00547,GL-000001,USD,Debit,Balance Sheet,Yes,EXEMPT,Active,2020-01-01,
GL-001548,121548,Inventory 1548,Asset,Current Asset,CC-00548,GL-000002,USD,Debit,Balance Sheet,Yes,TX14,Active,2020-01-01,
GL-001549,131549,Fixed Assets 1549,Asset,Non Current Asset,CC-00549,GL-000003,USD,Debit,Balance Sheet,Yes,TX14,Active,2020-01-01,
GL-001550,201550,Accounts Payable 1550,Liability,Current Liability,CC-00550,GL-000004,USD,Credit,Balance Sheet,Yes,EXEMPT,Active,2020-01-01,
GL-001551,301551,Equity 1551,Equity,Equity,CC-00551,GL-000005,USD,Credit,Balance Sheet,Yes,EXEMPT,Active,2020-01-01,
GL-001552,401552,Sales Revenue 1552,Revenue,Operating Revenue,CC-00552,GL-000006,USD,Credit,Income Statement,Yes,EXEMPT,Active,2020-01-01,
GL-001553,501553,Cost of Goods Sold 1553,Expense,COGS,CC-00553,GL-000007,USD,Debit,Income Statement,Yes,TX5,Active,2020-01-01,
GL-001554,511554,Production Cost 1554,Expense,Manufacturing,CC-00554,GL-000008,USD,Debit,Income Statement,Yes,TX0,Active,2020-01-01,
GL-001555,521555,Maintenance Expense 1555,Expense,Maintenance,CC-00555,GL-000009,USD,Debit,Income Statement,Yes,TX14,Active,2020-01-01,
GL-001556,531556,Utilities Expense 1556,Expense,Utilities,CC-00556,GL-000010,USD,Debit,Income Statement,Yes,TX0,Active,2020-01-01,
GL-001557,541557,Quality Expense 1557,Expense,Quality,CC-00557,GL-000011,USD,Debit,Income Statement,Yes,TX0,Active,2020-01-01,
GL-001558,551558,Warehouse Expense 1558,Expense,Warehouse,CC-00558,GL-000012,USD,Debit,Income Statement,Yes,TX14,Active,2020-01-01,
GL-001559,561559,Sales Expense 1559,Expense,Sales,CC-00559,GL-000013,USD,Debit,Income Statement,Yes,TX0,Active,2020-01-01,
GL-001560,571560,Administrative Expense 1560,Expense,Administration,CC-00560,GL-000014,USD,Debit,Income Statement,Yes,TX14,Active,2020-01-01,
GL-001561,101561,Cash 1561,Asset,Current Asset,CC-00561,GL-000015,USD,Debit,Balance Sheet,Yes,EXEMPT,Active,2020-01-01,
GL-001562,111562,Accounts Receivable 1562,Asset,Current Asset,CC-00562,GL-000001,USD,Debit,Balance Sheet,Yes,TX0,Active,2020-01-01,
GL-001563,121563,Inventory 1563,Asset,Current Asset,CC-00563,GL-000002,USD,Debit,Balance Sheet,Yes,TX5,Active,2020-01-01,
GL-001564,131564,Fixed Assets 1564,Asset,Non Current Asset,CC-00564,GL-000003,USD,Debit,Balance Sheet,Yes,EXEMPT,Active,2020-01-01,
GL-001565,201565,Accounts Payable 1565,Liability,Current Liability,CC-00565,GL-000004,USD,Credit,Balance Sheet,Yes,TX5,Active,2020-01-01,
GL-001566,301566,Equity 1566,Equity,Equity,CC-00566,GL-000005,USD,Credit,Balance Sheet,Yes,TX0,Active,2020-01-01,
GL-001567,401567,Sales Revenue 1567,Revenue,Operating Revenue,CC-00567,GL-000006,USD,Credit,Income Statement,Yes,TX0,Active,2020-01-01,
GL-001568,501568,Cost of Goods Sold 1568,Expense,COGS,CC-00568,GL-000007,USD,Debit,Income Statement,Yes,TX5,Active,2020-01-01,
GL-001569,511569,Production Cost 1569,Expense,Manufacturing,CC-00569,GL-000008,USD,Debit,Income Statement,Yes,TX14,Active,2020-01-01,
GL-001570,521570,Maintenance Expense 1570,Expense,Maintenance,CC-00570,GL-000009,USD,Debit,Income Statement,Yes,TX14,Active,2020-01-01,
GL-001571,531571,Utilities Expense 1571,Expense,Utilities,CC-00571,GL-000010,USD,Debit,Income Statement,Yes,TX0,Active,2020-01-01,
GL-001572,541572,Quality Expense 1572,Expense,Quality,CC-00572,GL-000011,USD,Debit,Income Statement,Yes,TX14,Active,2020-01-01,
GL-001573,551573,Warehouse Expense 1573,Expense,Warehouse,CC-00573,GL-000012,USD,Debit,Income Statement,Yes,TX5,Active,2020-01-01,
GL-001574,561574,Sales Expense 1574,Expense,Sales,CC-00574,GL-000013,USD,Debit,Income Statement,Yes,TX14,Active,2020-01-01,
GL-001575,571575,Administrative Expense 1575,Expense,Administration,CC-00575,GL-000014,USD,Debit,Income Statement,Yes,TX0,Active,2020-01-01,
GL-001576,101576,Cash 1576,Asset,Current Asset,CC-00576,GL-000015,USD,Debit,Balance Sheet,Yes,TX14,Active,2020-01-01,
GL-001577,111577,Accounts Receivable 1577,Asset,Current Asset,CC-00577,GL-000001,USD,Debit,Balance Sheet,Yes,TX14,Active,2020-01-01,
GL-001578,121578,Inventory 1578,Asset,Current Asset,CC-00578,GL-000002,USD,Debit,Balance Sheet,Yes,TX5,Active,2020-01-01,
GL-001579,131579,Fixed Assets 1579,Asset,Non Current Asset,CC-00579,GL-000003,USD,Debit,Balance Sheet,Yes,TX14,Active,2020-01-01,
GL-001580,201580,Accounts Payable 1580,Liability,Current Liability,CC-00580,GL-000004,USD,Credit,Balance Sheet,Yes,TX0,Active,2020-01-01,
GL-001581,301581,Equity 1581,Equity,Equity,CC-00581,GL-000005,USD,Credit,Balance Sheet,Yes,EXEMPT,Active,2020-01-01,
GL-001582,401582,Sales Revenue 1582,Revenue,Operating Revenue,CC-00582,GL-000006,USD,Credit,Income Statement,Yes,EXEMPT,Active,2020-01-01,
GL-001583,501583,Cost of Goods Sold 1583,Expense,COGS,CC-00583,GL-000007,USD,Debit,Income Statement,Yes,EXEMPT,Active,2020-01-01,
GL-001584,511584,Production Cost 1584,Expense,Manufacturing,CC-00584,GL-000008,USD,Debit,Income Statement,Yes,EXEMPT,Active,2020-01-01,
GL-001585,521585,Maintenance Expense 1585,Expense,Maintenance,CC-00585,GL-000009,USD,Debit,Income Statement,Yes,TX14,Active,2020-01-01,
GL-001586,531586,Utilities Expense 1586,Expense,Utilities,CC-00586,GL-000010,USD,Debit,Income Statement,Yes,TX14,Active,2020-01-01,
GL-001587,541587,Quality Expense 1587,Expense,Quality,CC-00587,GL-000011,USD,Debit,Income Statement,Yes,TX5,Active,2020-01-01,
GL-001588,551588,Warehouse Expense 1588,Expense,Warehouse,CC-00588,GL-000012,USD,Debit,Income Statement,Yes,TX5,Active,2020-01-01,
GL-001589,561589,Sales Expense 1589,Expense,Sales,CC-00589,GL-000013,USD,Debit,Income Statement,Yes,TX0,Active,2020-01-01,
GL-001590,571590,Administrative Expense 1590,Expense,Administration,CC-00590,GL-000014,USD,Debit,Income Statement,Yes,TX5,Active,2020-01-01,
GL-001591,101591,Cash 1591,Asset,Current Asset,CC-00591,GL-000015,USD,Debit,Balance Sheet,Yes,TX5,Active,2020-01-01,
GL-001592,111592,Accounts Receivable 1592,Asset,Current Asset,CC-00592,GL-000001,USD,Debit,Balance Sheet,Yes,TX5,Active,2020-01-01,
GL-001593,121593,Inventory 1593,Asset,Current Asset,CC-00593,GL-000002,USD,Debit,Balance Sheet,Yes,TX0,Active,2020-01-01,
GL-001594,131594,Fixed Assets 1594,Asset,Non Current Asset,CC-00594,GL-000003,USD,Debit,Balance Sheet,Yes,TX14,Active,2020-01-01,
GL-001595,201595,Accounts Payable 1595,Liability,Current Liability,CC-00595,GL-000004,USD,Credit,Balance Sheet,Yes,TX5,Active,2020-01-01,
GL-001596,301596,Equity 1596,Equity,Equity,CC-00596,GL-000005,USD,Credit,Balance Sheet,Yes,TX14,Active,2020-01-01,
GL-001597,401597,Sales Revenue 1597,Revenue,Operating Revenue,CC-00597,GL-000006,USD,Credit,Income Statement,Yes,TX5,Active,2020-01-01,
GL-001598,501598,Cost of Goods Sold 1598,Expense,COGS,CC-00598,GL-000007,USD,Debit,Income Statement,Yes,EXEMPT,Active,2020-01-01,
GL-001599,511599,Production Cost 1599,Expense,Manufacturing,CC-00599,GL-000008,USD,Debit,Income Statement,Yes,TX5,Active,2020-01-01,
GL-001600,521600,Maintenance Expense 1600,Expense,Maintenance,CC-00600,GL-000009,USD,Debit,Income Statement,Yes,TX0,Active,2020-01-01,
GL-001601,531601,Utilities Expense 1601,Expense,Utilities,CC-00601,GL-000010,USD,Debit,Income Statement,Yes,TX0,Active,2020-01-01,
GL-001602,541602,Quality Expense 1602,Expense,Quality,CC-00602,GL-000011,USD,Debit,Income Statement,Yes,TX0,Active,2020-01-01,
GL-001603,551603,Warehouse Expense 1603,Expense,Warehouse,CC-00603,GL-000012,USD,Debit,Income Statement,Yes,TX5,Active,2020-01-01,
GL-001604,561604,Sales Expense 1604,Expense,Sales,CC-00604,GL-000013,USD,Debit,Income Statement,Yes,TX0,Active,2020-01-01,
GL-001605,571605,Administrative Expense 1605,Expense,Administration,CC-00605,GL-000014,USD,Debit,Income Statement,Yes,TX0,Active,2020-01-01,
GL-001606,101606,Cash 1606,Asset,Current Asset,CC-00606,GL-000015,USD,Debit,Balance Sheet,Yes,EXEMPT,Active,2020-01-01,
GL-001607,111607,Accounts Receivable 1607,Asset,Current Asset,CC-00607,GL-000001,USD,Debit,Balance Sheet,Yes,EXEMPT,Active,2020-01-01,
GL-001608,121608,Inventory 1608,Asset,Current Asset,CC-00608,GL-000002,USD,Debit,Balance Sheet,Yes,TX5,Active,2020-01-01,
GL-001609,131609,Fixed Assets 1609,Asset,Non Current Asset,CC-00609,GL-000003,USD,Debit,Balance Sheet,Yes,TX14,Active,2020-01-01,
GL-001610,201610,Accounts Payable 1610,Liability,Current Liability,CC-00610,GL-000004,USD,Credit,Balance Sheet,Yes,TX5,Active,2020-01-01,
GL-001611,301611,Equity 1611,Equity,Equity,CC-00611,GL-000005,USD,Credit,Balance Sheet,Yes,TX0,Active,2020-01-01,
GL-001612,401612,Sales Revenue 1612,Revenue,Operating Revenue,CC-00612,GL-000006,USD,Credit,Income Statement,Yes,EXEMPT,Active,2020-01-01,
GL-001613,501613,Cost of Goods Sold 1613,Expense,COGS,CC-00613,GL-000007,USD,Debit,Income Statement,Yes,TX5,Active,2020-01-01,
GL-001614,511614,Production Cost 1614,Expense,Manufacturing,CC-00614,GL-000008,USD,Debit,Income Statement,Yes,TX14,Active,2020-01-01,
GL-001615,521615,Maintenance Expense 1615,Expense,Maintenance,CC-00615,GL-000009,USD,Debit,Income Statement,Yes,TX5,Active,2020-01-01,
GL-001616,531616,Utilities Expense 1616,Expense,Utilities,CC-00616,GL-000010,USD,Debit,Income Statement,Yes,EXEMPT,Active,2020-01-01,
GL-001617,541617,Quality Expense 1617,Expense,Quality,CC-00617,GL-000011,USD,Debit,Income Statement,Yes,EXEMPT,Active,2020-01-01,
GL-001618,551618,Warehouse Expense 1618,Expense,Warehouse,CC-00618,GL-000012,USD,Debit,Income Statement,Yes,TX0,Active,2020-01-01,
GL-001619,561619,Sales Expense 1619,Expense,Sales,CC-00619,GL-000013,USD,Debit,Income Statement,Yes,TX5,Active,2020-01-01,
GL-001620,571620,Administrative Expense 1620,Expense,Administration,CC-00620,GL-000014,USD,Debit,Income Statement,Yes,TX14,Active,2020-01-01,
GL-001621,101621,Cash 1621,Asset,Current Asset,CC-00621,GL-000015,USD,Debit,Balance Sheet,Yes,EXEMPT,Active,2020-01-01,
GL-001622,111622,Accounts Receivable 1622,Asset,Current Asset,CC-00622,GL-000001,USD,Debit,Balance Sheet,Yes,EXEMPT,Active,2020-01-01,
GL-001623,121623,Inventory 1623,Asset,Current Asset,CC-00623,GL-000002,USD,Debit,Balance Sheet,Yes,EXEMPT,Active,2020-01-01,
GL-001624,131624,Fixed Assets 1624,Asset,Non Current Asset,CC-00624,GL-000003,USD,Debit,Balance Sheet,Yes,TX0,Active,2020-01-01,
GL-001625,201625,Accounts Payable 1625,Liability,Current Liability,CC-00625,GL-000004,USD,Credit,Balance Sheet,Yes,EXEMPT,Active,2020-01-01,
GL-001626,301626,Equity 1626,Equity,Equity,CC-00626,GL-000005,USD,Credit,Balance Sheet,Yes,EXEMPT,Active,2020-01-01,
GL-001627,401627,Sales Revenue 1627,Revenue,Operating Revenue,CC-00627,GL-000006,USD,Credit,Income Statement,Yes,TX5,Active,2020-01-01,
GL-001628,501628,Cost of Goods Sold 1628,Expense,COGS,CC-00628,GL-000007,USD,Debit,Income Statement,Yes,EXEMPT,Active,2020-01-01,
GL-001629,511629,Production Cost 1629,Expense,Manufacturing,CC-00629,GL-000008,USD,Debit,Income Statement,Yes,TX0,Active,2020-01-01,
GL-001630,521630,Maintenance Expense 1630,Expense,Maintenance,CC-00630,GL-000009,USD,Debit,Income Statement,Yes,TX14,Active,2020-01-01,
GL-001631,531631,Utilities Expense 1631,Expense,Utilities,CC-00631,GL-000010,USD,Debit,Income Statement,Yes,TX0,Active,2020-01-01,
GL-001632,541632,Quality Expense 1632,Expense,Quality,CC-00632,GL-000011,USD,Debit,Income Statement,Yes,EXEMPT,Active,2020-01-01,
GL-001633,551633,Warehouse Expense 1633,Expense,Warehouse,CC-00633,GL-000012,USD,Debit,Income Statement,Yes,TX0,Active,2020-01-01,
GL-001634,561634,Sales Expense 1634,Expense,Sales,CC-00634,GL-000013,USD,Debit,Income Statement,Yes,TX14,Active,2020-01-01,
GL-001635,571635,Administrative Expense 1635,Expense,Administration,CC-00635,GL-000014,USD,Debit,Income Statement,Yes,TX14,Active,2020-01-01,
GL-001636,101636,Cash 1636,Asset,Current Asset,CC-00636,GL-000015,USD,Debit,Balance Sheet,Yes,EXEMPT,Active,2020-01-01,
GL-001637,111637,Accounts Receivable 1637,Asset,Current Asset,CC-00637,GL-000001,USD,Debit,Balance Sheet,Yes,TX14,Active,2020-01-01,
GL-001638,121638,Inventory 1638,Asset,Current Asset,CC-00638,GL-000002,USD,Debit,Balance Sheet,Yes,TX14,Active,2020-01-01,
GL-001639,131639,Fixed Assets 1639,Asset,Non Current Asset,CC-00639,GL-000003,USD,Debit,Balance Sheet,Yes,EXEMPT,Active,2020-01-01,
GL-001640,201640,Accounts Payable 1640,Liability,Current Liability,CC-00640,GL-000004,USD,Credit,Balance Sheet,Yes,EXEMPT,Active,2020-01-01,
GL-001641,301641,Equity 1641,Equity,Equity,CC-00641,GL-000005,USD,Credit,Balance Sheet,Yes,TX5,Active,2020-01-01,
GL-001642,401642,Sales Revenue 1642,Revenue,Operating Revenue,CC-00642,GL-000006,USD,Credit,Income Statement,Yes,TX0,Active,2020-01-01,
GL-001643,501643,Cost of Goods Sold 1643,Expense,COGS,CC-00643,GL-000007,USD,Debit,Income Statement,Yes,TX5,Active,2020-01-01,
GL-001644,511644,Production Cost 1644,Expense,Manufacturing,CC-00644,GL-000008,USD,Debit,Income Statement,Yes,EXEMPT,Active,2020-01-01,
GL-001645,521645,Maintenance Expense 1645,Expense,Maintenance,CC-00645,GL-000009,USD,Debit,Income Statement,Yes,TX5,Active,2020-01-01,
GL-001646,531646,Utilities Expense 1646,Expense,Utilities,CC-00646,GL-000010,USD,Debit,Income Statement,Yes,TX5,Active,2020-01-01,
GL-001647,541647,Quality Expense 1647,Expense,Quality,CC-00647,GL-000011,USD,Debit,Income Statement,Yes,TX14,Active,2020-01-01,
GL-001648,551648,Warehouse Expense 1648,Expense,Warehouse,CC-00648,GL-000012,USD,Debit,Income Statement,Yes,EXEMPT,Active,2020-01-01,
GL-001649,561649,Sales Expense 1649,Expense,Sales,CC-00649,GL-000013,USD,Debit,Income Statement,Yes,EXEMPT,Active,2020-01-01,
GL-001650,571650,Administrative Expense 1650,Expense,Administration,CC-00650,GL-000014,USD,Debit,Income Statement,Yes,TX0,Active,2020-01-01,
GL-001651,101651,Cash 1651,Asset,Current Asset,CC-00651,GL-000015,USD,Debit,Balance Sheet,Yes,TX14,Active,2020-01-01,
GL-001652,111652,Accounts Receivable 1652,Asset,Current Asset,CC-00652,GL-000001,USD,Debit,Balance Sheet,Yes,TX5,Active,2020-01-01,
GL-001653,121653,Inventory 1653,Asset,Current Asset,CC-00653,GL-000002,USD,Debit,Balance Sheet,Yes,TX14,Active,2020-01-01,
GL-001654,131654,Fixed Assets 1654,Asset,Non Current Asset,CC-00654,GL-000003,USD,Debit,Balance Sheet,Yes,TX5,Active,2020-01-01,
GL-001655,201655,Accounts Payable 1655,Liability,Current Liability,CC-00655,GL-000004,USD,Credit,Balance Sheet,Yes,TX14,Active,2020-01-01,
GL-001656,301656,Equity 1656,Equity,Equity,CC-00656,GL-000005,USD,Credit,Balance Sheet,Yes,TX0,Active,2020-01-01,
GL-001657,401657,Sales Revenue 1657,Revenue,Operating Revenue,CC-00657,GL-000006,USD,Credit,Income Statement,Yes,TX0,Active,2020-01-01,
GL-001658,501658,Cost of Goods Sold 1658,Expense,COGS,CC-00658,GL-000007,USD,Debit,Income Statement,Yes,TX5,Active,2020-01-01,
GL-001659,511659,Production Cost 1659,Expense,Manufacturing,CC-00659,GL-000008,USD,Debit,Income Statement,Yes,TX5,Active,2020-01-01,
GL-001660,521660,Maintenance Expense 1660,Expense,Maintenance,CC-00660,GL-000009,USD,Debit,Income Statement,Yes,TX0,Active,2020-01-01,
GL-001661,531661,Utilities Expense 1661,Expense,Utilities,CC-00661,GL-000010,USD,Debit,Income Statement,Yes,EXEMPT,Active,2020-01-01,
GL-001662,541662,Quality Expense 1662,Expense,Quality,CC-00662,GL-000011,USD,Debit,Income Statement,Yes,TX0,Active,2020-01-01,
GL-001663,551663,Warehouse Expense 1663,Expense,Warehouse,CC-00663,GL-000012,USD,Debit,Income Statement,Yes,TX0,Active,2020-01-01,
GL-001664,561664,Sales Expense 1664,Expense,Sales,CC-00664,GL-000013,USD,Debit,Income Statement,Yes,TX14,Active,2020-01-01,
GL-001665,571665,Administrative Expense 1665,Expense,Administration,CC-00665,GL-000014,USD,Debit,Income Statement,Yes,EXEMPT,Active,2020-01-01,
GL-001666,101666,Cash 1666,Asset,Current Asset,CC-00666,GL-000015,USD,Debit,Balance Sheet,Yes,EXEMPT,Active,2020-01-01,
GL-001667,111667,Accounts Receivable 1667,Asset,Current Asset,CC-00667,GL-000001,USD,Debit,Balance Sheet,Yes,TX14,Active,2020-01-01,
GL-001668,121668,Inventory 1668,Asset,Current Asset,CC-00668,GL-000002,USD,Debit,Balance Sheet,Yes,TX14,Active,2020-01-01,
GL-001669,131669,Fixed Assets 1669,Asset,Non Current Asset,CC-00669,GL-000003,USD,Debit,Balance Sheet,Yes,TX14,Active,2020-01-01,
GL-001670,201670,Accounts Payable 1670,Liability,Current Liability,CC-00670,GL-000004,USD,Credit,Balance Sheet,Yes,TX5,Active,2020-01-01,
GL-001671,301671,Equity 1671,Equity,Equity,CC-00671,GL-000005,USD,Credit,Balance Sheet,Yes,TX0,Active,2020-01-01,
GL-001672,401672,Sales Revenue 1672,Revenue,Operating Revenue,CC-00672,GL-000006,USD,Credit,Income Statement,Yes,EXEMPT,Active,2020-01-01,
GL-001673,501673,Cost of Goods Sold 1673,Expense,COGS,CC-00673,GL-000007,USD,Debit,Income Statement,Yes,TX0,Active,2020-01-01,
GL-001674,511674,Production Cost 1674,Expense,Manufacturing,CC-00674,GL-000008,USD,Debit,Income Statement,Yes,TX5,Active,2020-01-01,
GL-001675,521675,Maintenance Expense 1675,Expense,Maintenance,CC-00675,GL-000009,USD,Debit,Income Statement,Yes,TX5,Active,2020-01-01,
GL-001676,531676,Utilities Expense 1676,Expense,Utilities,CC-00676,GL-000010,USD,Debit,Income Statement,Yes,TX14,Active,2020-01-01,
GL-001677,541677,Quality Expense 1677,Expense,Quality,CC-00677,GL-000011,USD,Debit,Income Statement,Yes,EXEMPT,Active,2020-01-01,
GL-001678,551678,Warehouse Expense 1678,Expense,Warehouse,CC-00678,GL-000012,USD,Debit,Income Statement,Yes,TX5,Active,2020-01-01,
GL-001679,561679,Sales Expense 1679,Expense,Sales,CC-00679,GL-000013,USD,Debit,Income Statement,Yes,TX0,Active,2020-01-01,
GL-001680,571680,Administrative Expense 1680,Expense,Administration,CC-00680,GL-000014,USD,Debit,Income Statement,Yes,TX0,Active,2020-01-01,
GL-001681,101681,Cash 1681,Asset,Current Asset,CC-00681,GL-000015,USD,Debit,Balance Sheet,Yes,TX0,Active,2020-01-01,
GL-001682,111682,Accounts Receivable 1682,Asset,Current Asset,CC-00682,GL-000001,USD,Debit,Balance Sheet,Yes,TX0,Active,2020-01-01,
GL-001683,121683,Inventory 1683,Asset,Current Asset,CC-00683,GL-000002,USD,Debit,Balance Sheet,Yes,TX0,Active,2020-01-01,
GL-001684,131684,Fixed Assets 1684,Asset,Non Current Asset,CC-00684,GL-000003,USD,Debit,Balance Sheet,Yes,TX0,Active,2020-01-01,
GL-001685,201685,Accounts Payable 1685,Liability,Current Liability,CC-00685,GL-000004,USD,Credit,Balance Sheet,Yes,EXEMPT,Active,2020-01-01,
GL-001686,301686,Equity 1686,Equity,Equity,CC-00686,GL-000005,USD,Credit,Balance Sheet,Yes,TX5,Active,2020-01-01,
GL-001687,401687,Sales Revenue 1687,Revenue,Operating Revenue,CC-00687,GL-000006,USD,Credit,Income Statement,Yes,TX5,Active,2020-01-01,
GL-001688,501688,Cost of Goods Sold 1688,Expense,COGS,CC-00688,GL-000007,USD,Debit,Income Statement,Yes,TX0,Active,2020-01-01,
GL-001689,511689,Production Cost 1689,Expense,Manufacturing,CC-00689,GL-000008,USD,Debit,Income Statement,Yes,TX5,Active,2020-01-01,
GL-001690,521690,Maintenance Expense 1690,Expense,Maintenance,CC-00690,GL-000009,USD,Debit,Income Statement,Yes,TX0,Active,2020-01-01,
GL-001691,531691,Utilities Expense 1691,Expense,Utilities,CC-00691,GL-000010,USD,Debit,Income Statement,Yes,TX14,Active,2020-01-01,
GL-001692,541692,Quality Expense 1692,Expense,Quality,CC-00692,GL-000011,USD,Debit,Income Statement,Yes,TX0,Active,2020-01-01,
GL-001693,551693,Warehouse Expense 1693,Expense,Warehouse,CC-00693,GL-000012,USD,Debit,Income Statement,Yes,TX0,Active,2020-01-01,
GL-001694,561694,Sales Expense 1694,Expense,Sales,CC-00694,GL-000013,USD,Debit,Income Statement,Yes,TX0,Active,2020-01-01,
GL-001695,571695,Administrative Expense 1695,Expense,Administration,CC-00695,GL-000014,USD,Debit,Income Statement,Yes,EXEMPT,Active,2020-01-01,
GL-001696,101696,Cash 1696,Asset,Current Asset,CC-00696,GL-000015,USD,Debit,Balance Sheet,Yes,EXEMPT,Active,2020-01-01,
GL-001697,111697,Accounts Receivable 1697,Asset,Current Asset,CC-00697,GL-000001,USD,Debit,Balance Sheet,Yes,TX14,Active,2020-01-01,
GL-001698,121698,Inventory 1698,Asset,Current Asset,CC-00698,GL-000002,USD,Debit,Balance Sheet,Yes,EXEMPT,Active,2020-01-01,
GL-001699,131699,Fixed Assets 1699,Asset,Non Current Asset,CC-00699,GL-000003,USD,Debit,Balance Sheet,Yes,TX0,Active,2020-01-01,
GL-001700,201700,Accounts Payable 1700,Liability,Current Liability,CC-00700,GL-000004,USD,Credit,Balance Sheet,Yes,TX14,Active,2020-01-01,
GL-001701,301701,Equity 1701,Equity,Equity,CC-00701,GL-000005,USD,Credit,Balance Sheet,Yes,TX5,Active,2020-01-01,
GL-001702,401702,Sales Revenue 1702,Revenue,Operating Revenue,CC-00702,GL-000006,USD,Credit,Income Statement,Yes,TX5,Active,2020-01-01,
GL-001703,501703,Cost of Goods Sold 1703,Expense,COGS,CC-00703,GL-000007,USD,Debit,Income Statement,Yes,TX5,Active,2020-01-01,
GL-001704,511704,Production Cost 1704,Expense,Manufacturing,CC-00704,GL-000008,USD,Debit,Income Statement,Yes,TX14,Active,2020-01-01,
GL-001705,521705,Maintenance Expense 1705,Expense,Maintenance,CC-00705,GL-000009,USD,Debit,Income Statement,Yes,EXEMPT,Active,2020-01-01,
GL-001706,531706,Utilities Expense 1706,Expense,Utilities,CC-00706,GL-000010,USD,Debit,Income Statement,Yes,TX14,Active,2020-01-01,
GL-001707,541707,Quality Expense 1707,Expense,Quality,CC-00707,GL-000011,USD,Debit,Income Statement,Yes,TX14,Active,2020-01-01,
GL-001708,551708,Warehouse Expense 1708,Expense,Warehouse,CC-00708,GL-000012,USD,Debit,Income Statement,Yes,TX0,Active,2020-01-01,
GL-001709,561709,Sales Expense 1709,Expense,Sales,CC-00709,GL-000013,USD,Debit,Income Statement,Yes,EXEMPT,Active,2020-01-01,
GL-001710,571710,Administrative Expense 1710,Expense,Administration,CC-00710,GL-000014,USD,Debit,Income Statement,Yes,EXEMPT,Active,2020-01-01,
GL-001711,101711,Cash 1711,Asset,Current Asset,CC-00711,GL-000015,USD,Debit,Balance Sheet,Yes,EXEMPT,Active,2020-01-01,
GL-001712,111712,Accounts Receivable 1712,Asset,Current Asset,CC-00712,GL-000001,USD,Debit,Balance Sheet,Yes,TX14,Active,2020-01-01,
GL-001713,121713,Inventory 1713,Asset,Current Asset,CC-00713,GL-000002,USD,Debit,Balance Sheet,Yes,TX0,Active,2020-01-01,
GL-001714,131714,Fixed Assets 1714,Asset,Non Current Asset,CC-00714,GL-000003,USD,Debit,Balance Sheet,Yes,TX0,Active,2020-01-01,
GL-001715,201715,Accounts Payable 1715,Liability,Current Liability,CC-00715,GL-000004,USD,Credit,Balance Sheet,Yes,TX0,Active,2020-01-01,
GL-001716,301716,Equity 1716,Equity,Equity,CC-00716,GL-000005,USD,Credit,Balance Sheet,Yes,EXEMPT,Active,2020-01-01,
GL-001717,401717,Sales Revenue 1717,Revenue,Operating Revenue,CC-00717,GL-000006,USD,Credit,Income Statement,Yes,EXEMPT,Active,2020-01-01,
GL-001718,501718,Cost of Goods Sold 1718,Expense,COGS,CC-00718,GL-000007,USD,Debit,Income Statement,Yes,TX5,Active,2020-01-01,
GL-001719,511719,Production Cost 1719,Expense,Manufacturing,CC-00719,GL-000008,USD,Debit,Income Statement,Yes,TX0,Active,2020-01-01,
GL-001720,521720,Maintenance Expense 1720,Expense,Maintenance,CC-00720,GL-000009,USD,Debit,Income Statement,Yes,TX0,Active,2020-01-01,
GL-001721,531721,Utilities Expense 1721,Expense,Utilities,CC-00721,GL-000010,USD,Debit,Income Statement,Yes,EXEMPT,Active,2020-01-01,
GL-001722,541722,Quality Expense 1722,Expense,Quality,CC-00722,GL-000011,USD,Debit,Income Statement,Yes,TX0,Active,2020-01-01,
GL-001723,551723,Warehouse Expense 1723,Expense,Warehouse,CC-00723,GL-000012,USD,Debit,Income Statement,Yes,TX5,Active,2020-01-01,
GL-001724,561724,Sales Expense 1724,Expense,Sales,CC-00724,GL-000013,USD,Debit,Income Statement,Yes,TX14,Active,2020-01-01,
GL-001725,571725,Administrative Expense 1725,Expense,Administration,CC-00725,GL-000014,USD,Debit,Income Statement,Yes,TX0,Active,2020-01-01,
GL-001726,101726,Cash 1726,Asset,Current Asset,CC-00726,GL-000015,USD,Debit,Balance Sheet,Yes,TX0,Active,2020-01-01,
GL-001727,111727,Accounts Receivable 1727,Asset,Current Asset,CC-00727,GL-000001,USD,Debit,Balance Sheet,Yes,EXEMPT,Active,2020-01-01,
GL-001728,121728,Inventory 1728,Asset,Current Asset,CC-00728,GL-000002,USD,Debit,Balance Sheet,Yes,TX5,Active,2020-01-01,
GL-001729,131729,Fixed Assets 1729,Asset,Non Current Asset,CC-00729,GL-000003,USD,Debit,Balance Sheet,Yes,TX0,Active,2020-01-01,
GL-001730,201730,Accounts Payable 1730,Liability,Current Liability,CC-00730,GL-000004,USD,Credit,Balance Sheet,Yes,EXEMPT,Active,2020-01-01,
GL-001731,301731,Equity 1731,Equity,Equity,CC-00731,GL-000005,USD,Credit,Balance Sheet,Yes,TX14,Active,2020-01-01,
GL-001732,401732,Sales Revenue 1732,Revenue,Operating Revenue,CC-00732,GL-000006,USD,Credit,Income Statement,Yes,TX5,Active,2020-01-01,
GL-001733,501733,Cost of Goods Sold 1733,Expense,COGS,CC-00733,GL-000007,USD,Debit,Income Statement,Yes,TX5,Active,2020-01-01,
GL-001734,511734,Production Cost 1734,Expense,Manufacturing,CC-00734,GL-000008,USD,Debit,Income Statement,Yes,EXEMPT,Active,2020-01-01,
GL-001735,521735,Maintenance Expense 1735,Expense,Maintenance,CC-00735,GL-000009,USD,Debit,Income Statement,Yes,TX14,Active,2020-01-01,
GL-001736,531736,Utilities Expense 1736,Expense,Utilities,CC-00736,GL-000010,USD,Debit,Income Statement,Yes,TX5,Active,2020-01-01,
GL-001737,541737,Quality Expense 1737,Expense,Quality,CC-00737,GL-000011,USD,Debit,Income Statement,Yes,TX5,Active,2020-01-01,
GL-001738,551738,Warehouse Expense 1738,Expense,Warehouse,CC-00738,GL-000012,USD,Debit,Income Statement,Yes,TX14,Active,2020-01-01,
GL-001739,561739,Sales Expense 1739,Expense,Sales,CC-00739,GL-000013,USD,Debit,Income Statement,Yes,EXEMPT,Active,2020-01-01,
GL-001740,571740,Administrative Expense 1740,Expense,Administration,CC-00740,GL-000014,USD,Debit,Income Statement,Yes,TX0,Active,2020-01-01,
GL-001741,101741,Cash 1741,Asset,Current Asset,CC-00741,GL-000015,USD,Debit,Balance Sheet,Yes,TX0,Active,2020-01-01,
GL-001742,111742,Accounts Receivable 1742,Asset,Current Asset,CC-00742,GL-000001,USD,Debit,Balance Sheet,Yes,EXEMPT,Active,2020-01-01,
GL-001743,121743,Inventory 1743,Asset,Current Asset,CC-00743,GL-000002,USD,Debit,Balance Sheet,Yes,EXEMPT,Active,2020-01-01,
GL-001744,131744,Fixed Assets 1744,Asset,Non Current Asset,CC-00744,GL-000003,USD,Debit,Balance Sheet,Yes,TX5,Active,2020-01-01,
GL-001745,201745,Accounts Payable 1745,Liability,Current Liability,CC-00745,GL-000004,USD,Credit,Balance Sheet,Yes,EXEMPT,Active,2020-01-01,
GL-001746,301746,Equity 1746,Equity,Equity,CC-00746,GL-000005,USD,Credit,Balance Sheet,Yes,TX5,Active,2020-01-01,
GL-001747,401747,Sales Revenue 1747,Revenue,Operating Revenue,CC-00747,GL-000006,USD,Credit,Income Statement,Yes,EXEMPT,Active,2020-01-01,
GL-001748,501748,Cost of Goods Sold 1748,Expense,COGS,CC-00748,GL-000007,USD,Debit,Income Statement,Yes,TX14,Active,2020-01-01,
GL-001749,511749,Production Cost 1749,Expense,Manufacturing,CC-00749,GL-000008,USD,Debit,Income Statement,Yes,TX5,Active,2020-01-01,
GL-001750,521750,Maintenance Expense 1750,Expense,Maintenance,CC-00750,GL-000009,USD,Debit,Income Statement,Yes,TX14,Active,2020-01-01,
GL-001751,531751,Utilities Expense 1751,Expense,Utilities,CC-00751,GL-000010,USD,Debit,Income Statement,Yes,TX5,Active,2020-01-01,
GL-001752,541752,Quality Expense 1752,Expense,Quality,CC-00752,GL-000011,USD,Debit,Income Statement,Yes,TX5,Active,2020-01-01,
GL-001753,551753,Warehouse Expense 1753,Expense,Warehouse,CC-00753,GL-000012,USD,Debit,Income Statement,Yes,TX14,Active,2020-01-01,
GL-001754,561754,Sales Expense 1754,Expense,Sales,CC-00754,GL-000013,USD,Debit,Income Statement,Yes,TX0,Active,2020-01-01,
GL-001755,571755,Administrative Expense 1755,Expense,Administration,CC-00755,GL-000014,USD,Debit,Income Statement,Yes,TX14,Active,2020-01-01,
GL-001756,101756,Cash 1756,Asset,Current Asset,CC-00756,GL-000015,USD,Debit,Balance Sheet,Yes,EXEMPT,Active,2020-01-01,
GL-001757,111757,Accounts Receivable 1757,Asset,Current Asset,CC-00757,GL-000001,USD,Debit,Balance Sheet,Yes,TX0,Active,2020-01-01,
GL-001758,121758,Inventory 1758,Asset,Current Asset,CC-00758,GL-000002,USD,Debit,Balance Sheet,Yes,TX14,Active,2020-01-01,
GL-001759,131759,Fixed Assets 1759,Asset,Non Current Asset,CC-00759,GL-000003,USD,Debit,Balance Sheet,Yes,TX14,Active,2020-01-01,
GL-001760,201760,Accounts Payable 1760,Liability,Current Liability,CC-00760,GL-000004,USD,Credit,Balance Sheet,Yes,TX5,Active,2020-01-01,
GL-001761,301761,Equity 1761,Equity,Equity,CC-00761,GL-000005,USD,Credit,Balance Sheet,Yes,TX0,Active,2020-01-01,
GL-001762,401762,Sales Revenue 1762,Revenue,Operating Revenue,CC-00762,GL-000006,USD,Credit,Income Statement,Yes,TX0,Active,2020-01-01,
GL-001763,501763,Cost of Goods Sold 1763,Expense,COGS,CC-00763,GL-000007,USD,Debit,Income Statement,Yes,TX14,Active,2020-01-01,
GL-001764,511764,Production Cost 1764,Expense,Manufacturing,CC-00764,GL-000008,USD,Debit,Income Statement,Yes,TX0,Active,2020-01-01,
GL-001765,521765,Maintenance Expense 1765,Expense,Maintenance,CC-00765,GL-000009,USD,Debit,Income Statement,Yes,TX0,Active,2020-01-01,
GL-001766,531766,Utilities Expense 1766,Expense,Utilities,CC-00766,GL-000010,USD,Debit,Income Statement,Yes,TX14,Active,2020-01-01,
GL-001767,541767,Quality Expense 1767,Expense,Quality,CC-00767,GL-000011,USD,Debit,Income Statement,Yes,TX14,Active,2020-01-01,
GL-001768,551768,Warehouse Expense 1768,Expense,Warehouse,CC-00768,GL-000012,USD,Debit,Income Statement,Yes,TX5,Active,2020-01-01,
GL-001769,561769,Sales Expense 1769,Expense,Sales,CC-00769,GL-000013,USD,Debit,Income Statement,Yes,TX0,Active,2020-01-01,
GL-001770,571770,Administrative Expense 1770,Expense,Administration,CC-00770,GL-000014,USD,Debit,Income Statement,Yes,EXEMPT,Active,2020-01-01,
GL-001771,101771,Cash 1771,Asset,Current Asset,CC-00771,GL-000015,USD,Debit,Balance Sheet,Yes,TX0,Active,2020-01-01,
GL-001772,111772,Accounts Receivable 1772,Asset,Current Asset,CC-00772,GL-000001,USD,Debit,Balance Sheet,Yes,TX5,Active,2020-01-01,
GL-001773,121773,Inventory 1773,Asset,Current Asset,CC-00773,GL-000002,USD,Debit,Balance Sheet,Yes,TX14,Active,2020-01-01,
GL-001774,131774,Fixed Assets 1774,Asset,Non Current Asset,CC-00774,GL-000003,USD,Debit,Balance Sheet,Yes,TX14,Active,2020-01-01,
GL-001775,201775,Accounts Payable 1775,Liability,Current Liability,CC-00775,GL-000004,USD,Credit,Balance Sheet,Yes,TX14,Active,2020-01-01,
GL-001776,301776,Equity 1776,Equity,Equity,CC-00776,GL-000005,USD,Credit,Balance Sheet,Yes,EXEMPT,Active,2020-01-01,
GL-001777,401777,Sales Revenue 1777,Revenue,Operating Revenue,CC-00777,GL-000006,USD,Credit,Income Statement,Yes,TX0,Active,2020-01-01,
GL-001778,501778,Cost of Goods Sold 1778,Expense,COGS,CC-00778,GL-000007,USD,Debit,Income Statement,Yes,TX5,Active,2020-01-01,
GL-001779,511779,Production Cost 1779,Expense,Manufacturing,CC-00779,GL-000008,USD,Debit,Income Statement,Yes,TX14,Active,2020-01-01,
GL-001780,521780,Maintenance Expense 1780,Expense,Maintenance,CC-00780,GL-000009,USD,Debit,Income Statement,Yes,TX5,Active,2020-01-01,
GL-001781,531781,Utilities Expense 1781,Expense,Utilities,CC-00781,GL-000010,USD,Debit,Income Statement,Yes,TX14,Active,2020-01-01,
GL-001782,541782,Quality Expense 1782,Expense,Quality,CC-00782,GL-000011,USD,Debit,Income Statement,Yes,TX14,Active,2020-01-01,
GL-001783,551783,Warehouse Expense 1783,Expense,Warehouse,CC-00783,GL-000012,USD,Debit,Income Statement,Yes,TX0,Active,2020-01-01,
GL-001784,561784,Sales Expense 1784,Expense,Sales,CC-00784,GL-000013,USD,Debit,Income Statement,Yes,TX5,Active,2020-01-01,
GL-001785,571785,Administrative Expense 1785,Expense,Administration,CC-00785,GL-000014,USD,Debit,Income Statement,Yes,EXEMPT,Active,2020-01-01,
GL-001786,101786,Cash 1786,Asset,Current Asset,CC-00786,GL-000015,USD,Debit,Balance Sheet,Yes,TX14,Active,2020-01-01,
GL-001787,111787,Accounts Receivable 1787,Asset,Current Asset,CC-00787,GL-000001,USD,Debit,Balance Sheet,Yes,TX0,Active,2020-01-01,
GL-001788,121788,Inventory 1788,Asset,Current Asset,CC-00788,GL-000002,USD,Debit,Balance Sheet,Yes,EXEMPT,Active,2020-01-01,
GL-001789,131789,Fixed Assets 1789,Asset,Non Current Asset,CC-00789,GL-000003,USD,Debit,Balance Sheet,Yes,TX0,Active,2020-01-01,
GL-001790,201790,Accounts Payable 1790,Liability,Current Liability,CC-00790,GL-000004,USD,Credit,Balance Sheet,Yes,TX5,Active,2020-01-01,
GL-001791,301791,Equity 1791,Equity,Equity,CC-00791,GL-000005,USD,Credit,Balance Sheet,Yes,TX0,Active,2020-01-01,
GL-001792,401792,Sales Revenue 1792,Revenue,Operating Revenue,CC-00792,GL-000006,USD,Credit,Income Statement,Yes,TX5,Active,2020-01-01,
GL-001793,501793,Cost of Goods Sold 1793,Expense,COGS,CC-00793,GL-000007,USD,Debit,Income Statement,Yes,EXEMPT,Active,2020-01-01,
GL-001794,511794,Production Cost 1794,Expense,Manufacturing,CC-00794,GL-000008,USD,Debit,Income Statement,Yes,EXEMPT,Active,2020-01-01,
GL-001795,521795,Maintenance Expense 1795,Expense,Maintenance,CC-00795,GL-000009,USD,Debit,Income Statement,Yes,TX5,Active,2020-01-01,
GL-001796,531796,Utilities Expense 1796,Expense,Utilities,CC-00796,GL-000010,USD,Debit,Income Statement,Yes,EXEMPT,Active,2020-01-01,
GL-001797,541797,Quality Expense 1797,Expense,Quality,CC-00797,GL-000011,USD,Debit,Income Statement,Yes,TX0,Active,2020-01-01,
GL-001798,551798,Warehouse Expense 1798,Expense,Warehouse,CC-00798,GL-000012,USD,Debit,Income Statement,Yes,EXEMPT,Active,2020-01-01,
GL-001799,561799,Sales Expense 1799,Expense,Sales,CC-00799,GL-000013,USD,Debit,Income Statement,Yes,TX5,Active,2020-01-01,
GL-001800,571800,Administrative Expense 1800,Expense,Administration,CC-00800,GL-000014,USD,Debit,Income Statement,Yes,TX14,Active,2020-01-01,
GL-001801,101801,Cash 1801,Asset,Current Asset,CC-00801,GL-000015,USD,Debit,Balance Sheet,Yes,TX0,Active,2020-01-01,
GL-001802,111802,Accounts Receivable 1802,Asset,Current Asset,CC-00802,GL-000001,USD,Debit,Balance Sheet,Yes,TX5,Active,2020-01-01,
GL-001803,121803,Inventory 1803,Asset,Current Asset,CC-00803,GL-000002,USD,Debit,Balance Sheet,Yes,TX0,Active,2020-01-01,
GL-001804,131804,Fixed Assets 1804,Asset,Non Current Asset,CC-00804,GL-000003,USD,Debit,Balance Sheet,Yes,TX14,Active,2020-01-01,
GL-001805,201805,Accounts Payable 1805,Liability,Current Liability,CC-00805,GL-000004,USD,Credit,Balance Sheet,Yes,EXEMPT,Active,2020-01-01,
GL-001806,301806,Equity 1806,Equity,Equity,CC-00806,GL-000005,USD,Credit,Balance Sheet,Yes,TX5,Active,2020-01-01,
GL-001807,401807,Sales Revenue 1807,Revenue,Operating Revenue,CC-00807,GL-000006,USD,Credit,Income Statement,Yes,TX5,Active,2020-01-01,
GL-001808,501808,Cost of Goods Sold 1808,Expense,COGS,CC-00808,GL-000007,USD,Debit,Income Statement,Yes,TX14,Active,2020-01-01,
GL-001809,511809,Production Cost 1809,Expense,Manufacturing,CC-00809,GL-000008,USD,Debit,Income Statement,Yes,EXEMPT,Active,2020-01-01,
GL-001810,521810,Maintenance Expense 1810,Expense,Maintenance,CC-00810,GL-000009,USD,Debit,Income Statement,Yes,TX5,Active,2020-01-01,
GL-001811,531811,Utilities Expense 1811,Expense,Utilities,CC-00811,GL-000010,USD,Debit,Income Statement,Yes,TX5,Active,2020-01-01,
GL-001812,541812,Quality Expense 1812,Expense,Quality,CC-00812,GL-000011,USD,Debit,Income Statement,Yes,EXEMPT,Active,2020-01-01,
GL-001813,551813,Warehouse Expense 1813,Expense,Warehouse,CC-00813,GL-000012,USD,Debit,Income Statement,Yes,TX0,Active,2020-01-01,
GL-001814,561814,Sales Expense 1814,Expense,Sales,CC-00814,GL-000013,USD,Debit,Income Statement,Yes,TX14,Active,2020-01-01,
GL-001815,571815,Administrative Expense 1815,Expense,Administration,CC-00815,GL-000014,USD,Debit,Income Statement,Yes,TX0,Active,2020-01-01,
GL-001816,101816,Cash 1816,Asset,Current Asset,CC-00816,GL-000015,USD,Debit,Balance Sheet,Yes,TX5,Active,2020-01-01,
GL-001817,111817,Accounts Receivable 1817,Asset,Current Asset,CC-00817,GL-000001,USD,Debit,Balance Sheet,Yes,EXEMPT,Active,2020-01-01,
GL-001818,121818,Inventory 1818,Asset,Current Asset,CC-00818,GL-000002,USD,Debit,Balance Sheet,Yes,TX14,Active,2020-01-01,
GL-001819,131819,Fixed Assets 1819,Asset,Non Current Asset,CC-00819,GL-000003,USD,Debit,Balance Sheet,Yes,TX14,Active,2020-01-01,
GL-001820,201820,Accounts Payable 1820,Liability,Current Liability,CC-00820,GL-000004,USD,Credit,Balance Sheet,Yes,TX14,Active,2020-01-01,
GL-001821,301821,Equity 1821,Equity,Equity,CC-00821,GL-000005,USD,Credit,Balance Sheet,Yes,TX5,Active,2020-01-01,
GL-001822,401822,Sales Revenue 1822,Revenue,Operating Revenue,CC-00822,GL-000006,USD,Credit,Income Statement,Yes,TX0,Active,2020-01-01,
GL-001823,501823,Cost of Goods Sold 1823,Expense,COGS,CC-00823,GL-000007,USD,Debit,Income Statement,Yes,TX0,Active,2020-01-01,
GL-001824,511824,Production Cost 1824,Expense,Manufacturing,CC-00824,GL-000008,USD,Debit,Income Statement,Yes,EXEMPT,Active,2020-01-01,
GL-001825,521825,Maintenance Expense 1825,Expense,Maintenance,CC-00825,GL-000009,USD,Debit,Income Statement,Yes,TX14,Active,2020-01-01,
GL-001826,531826,Utilities Expense 1826,Expense,Utilities,CC-00826,GL-000010,USD,Debit,Income Statement,Yes,TX5,Active,2020-01-01,
GL-001827,541827,Quality Expense 1827,Expense,Quality,CC-00827,GL-000011,USD,Debit,Income Statement,Yes,EXEMPT,Active,2020-01-01,
GL-001828,551828,Warehouse Expense 1828,Expense,Warehouse,CC-00828,GL-000012,USD,Debit,Income Statement,Yes,TX0,Active,2020-01-01,
GL-001829,561829,Sales Expense 1829,Expense,Sales,CC-00829,GL-000013,USD,Debit,Income Statement,Yes,TX14,Active,2020-01-01,
GL-001830,571830,Administrative Expense 1830,Expense,Administration,CC-00830,GL-000014,USD,Debit,Income Statement,Yes,TX5,Active,2020-01-01,
GL-001831,101831,Cash 1831,Asset,Current Asset,CC-00831,GL-000015,USD,Debit,Balance Sheet,Yes,TX0,Active,2020-01-01,
GL-001832,111832,Accounts Receivable 1832,Asset,Current Asset,CC-00832,GL-000001,USD,Debit,Balance Sheet,Yes,TX5,Active,2020-01-01,
GL-001833,121833,Inventory 1833,Asset,Current Asset,CC-00833,GL-000002,USD,Debit,Balance Sheet,Yes,EXEMPT,Active,2020-01-01,
GL-001834,131834,Fixed Assets 1834,Asset,Non Current Asset,CC-00834,GL-000003,USD,Debit,Balance Sheet,Yes,TX5,Active,2020-01-01,
GL-001835,201835,Accounts Payable 1835,Liability,Current Liability,CC-00835,GL-000004,USD,Credit,Balance Sheet,Yes,TX0,Active,2020-01-01,
GL-001836,301836,Equity 1836,Equity,Equity,CC-00836,GL-000005,USD,Credit,Balance Sheet,Yes,TX0,Active,2020-01-01,
GL-001837,401837,Sales Revenue 1837,Revenue,Operating Revenue,CC-00837,GL-000006,USD,Credit,Income Statement,Yes,TX5,Active,2020-01-01,
GL-001838,501838,Cost of Goods Sold 1838,Expense,COGS,CC-00838,GL-000007,USD,Debit,Income Statement,Yes,TX0,Active,2020-01-01,
GL-001839,511839,Production Cost 1839,Expense,Manufacturing,CC-00839,GL-000008,USD,Debit,Income Statement,Yes,TX0,Active,2020-01-01,
GL-001840,521840,Maintenance Expense 1840,Expense,Maintenance,CC-00840,GL-000009,USD,Debit,Income Statement,Yes,TX0,Active,2020-01-01,
GL-001841,531841,Utilities Expense 1841,Expense,Utilities,CC-00841,GL-000010,USD,Debit,Income Statement,Yes,TX14,Active,2020-01-01,
GL-001842,541842,Quality Expense 1842,Expense,Quality,CC-00842,GL-000011,USD,Debit,Income Statement,Yes,TX5,Active,2020-01-01,
GL-001843,551843,Warehouse Expense 1843,Expense,Warehouse,CC-00843,GL-000012,USD,Debit,Income Statement,Yes,EXEMPT,Active,2020-01-01,
GL-001844,561844,Sales Expense 1844,Expense,Sales,CC-00844,GL-000013,USD,Debit,Income Statement,Yes,EXEMPT,Active,2020-01-01,
GL-001845,571845,Administrative Expense 1845,Expense,Administration,CC-00845,GL-000014,USD,Debit,Income Statement,Yes,TX5,Active,2020-01-01,
GL-001846,101846,Cash 1846,Asset,Current Asset,CC-00846,GL-000015,USD,Debit,Balance Sheet,Yes,TX0,Active,2020-01-01,
GL-001847,111847,Accounts Receivable 1847,Asset,Current Asset,CC-00847,GL-000001,USD,Debit,Balance Sheet,Yes,TX5,Active,2020-01-01,
GL-001848,121848,Inventory 1848,Asset,Current Asset,CC-00848,GL-000002,USD,Debit,Balance Sheet,Yes,TX5,Active,2020-01-01,
GL-001849,131849,Fixed Assets 1849,Asset,Non Current Asset,CC-00849,GL-000003,USD,Debit,Balance Sheet,Yes,TX0,Active,2020-01-01,
GL-001850,201850,Accounts Payable 1850,Liability,Current Liability,CC-00850,GL-000004,USD,Credit,Balance Sheet,Yes,TX14,Active,2020-01-01,
GL-001851,301851,Equity 1851,Equity,Equity,CC-00851,GL-000005,USD,Credit,Balance Sheet,Yes,TX14,Active,2020-01-01,
GL-001852,401852,Sales Revenue 1852,Revenue,Operating Revenue,CC-00852,GL-000006,USD,Credit,Income Statement,Yes,TX5,Active,2020-01-01,
GL-001853,501853,Cost of Goods Sold 1853,Expense,COGS,CC-00853,GL-000007,USD,Debit,Income Statement,Yes,TX0,Active,2020-01-01,
GL-001854,511854,Production Cost 1854,Expense,Manufacturing,CC-00854,GL-000008,USD,Debit,Income Statement,Yes,TX14,Active,2020-01-01,
GL-001855,521855,Maintenance Expense 1855,Expense,Maintenance,CC-00855,GL-000009,USD,Debit,Income Statement,Yes,TX14,Active,2020-01-01,
GL-001856,531856,Utilities Expense 1856,Expense,Utilities,CC-00856,GL-000010,USD,Debit,Income Statement,Yes,TX5,Active,2020-01-01,
GL-001857,541857,Quality Expense 1857,Expense,Quality,CC-00857,GL-000011,USD,Debit,Income Statement,Yes,EXEMPT,Active,2020-01-01,
GL-001858,551858,Warehouse Expense 1858,Expense,Warehouse,CC-00858,GL-000012,USD,Debit,Income Statement,Yes,EXEMPT,Active,2020-01-01,
GL-001859,561859,Sales Expense 1859,Expense,Sales,CC-00859,GL-000013,USD,Debit,Income Statement,Yes,EXEMPT,Active,2020-01-01,
GL-001860,571860,Administrative Expense 1860,Expense,Administration,CC-00860,GL-000014,USD,Debit,Income Statement,Yes,TX14,Active,2020-01-01,
GL-001861,101861,Cash 1861,Asset,Current Asset,CC-00861,GL-000015,USD,Debit,Balance Sheet,Yes,TX14,Active,2020-01-01,
GL-001862,111862,Accounts Receivable 1862,Asset,Current Asset,CC-00862,GL-000001,USD,Debit,Balance Sheet,Yes,TX5,Active,2020-01-01,
GL-001863,121863,Inventory 1863,Asset,Current Asset,CC-00863,GL-000002,USD,Debit,Balance Sheet,Yes,TX14,Active,2020-01-01,
GL-001864,131864,Fixed Assets 1864,Asset,Non Current Asset,CC-00864,GL-000003,USD,Debit,Balance Sheet,Yes,TX14,Active,2020-01-01,
GL-001865,201865,Accounts Payable 1865,Liability,Current Liability,CC-00865,GL-000004,USD,Credit,Balance Sheet,Yes,TX5,Active,2020-01-01,
GL-001866,301866,Equity 1866,Equity,Equity,CC-00866,GL-000005,USD,Credit,Balance Sheet,Yes,TX14,Active,2020-01-01,
GL-001867,401867,Sales Revenue 1867,Revenue,Operating Revenue,CC-00867,GL-000006,USD,Credit,Income Statement,Yes,TX0,Active,2020-01-01,
GL-001868,501868,Cost of Goods Sold 1868,Expense,COGS,CC-00868,GL-000007,USD,Debit,Income Statement,Yes,EXEMPT,Active,2020-01-01,
GL-001869,511869,Production Cost 1869,Expense,Manufacturing,CC-00869,GL-000008,USD,Debit,Income Statement,Yes,TX0,Active,2020-01-01,
GL-001870,521870,Maintenance Expense 1870,Expense,Maintenance,CC-00870,GL-000009,USD,Debit,Income Statement,Yes,TX14,Active,2020-01-01,
GL-001871,531871,Utilities Expense 1871,Expense,Utilities,CC-00871,GL-000010,USD,Debit,Income Statement,Yes,TX0,Active,2020-01-01,
GL-001872,541872,Quality Expense 1872,Expense,Quality,CC-00872,GL-000011,USD,Debit,Income Statement,Yes,EXEMPT,Active,2020-01-01,
GL-001873,551873,Warehouse Expense 1873,Expense,Warehouse,CC-00873,GL-000012,USD,Debit,Income Statement,Yes,EXEMPT,Active,2020-01-01,
GL-001874,561874,Sales Expense 1874,Expense,Sales,CC-00874,GL-000013,USD,Debit,Income Statement,Yes,TX5,Active,2020-01-01,
GL-001875,571875,Administrative Expense 1875,Expense,Administration,CC-00875,GL-000014,USD,Debit,Income Statement,Yes,EXEMPT,Active,2020-01-01,
GL-001876,101876,Cash 1876,Asset,Current Asset,CC-00876,GL-000015,USD,Debit,Balance Sheet,Yes,TX14,Active,2020-01-01,
GL-001877,111877,Accounts Receivable 1877,Asset,Current Asset,CC-00877,GL-000001,USD,Debit,Balance Sheet,Yes,TX0,Active,2020-01-01,
GL-001878,121878,Inventory 1878,Asset,Current Asset,CC-00878,GL-000002,USD,Debit,Balance Sheet,Yes,TX5,Active,2020-01-01,
GL-001879,131879,Fixed Assets 1879,Asset,Non Current Asset,CC-00879,GL-000003,USD,Debit,Balance Sheet,Yes,TX5,Active,2020-01-01,
GL-001880,201880,Accounts Payable 1880,Liability,Current Liability,CC-00880,GL-000004,USD,Credit,Balance Sheet,Yes,TX0,Active,2020-01-01,
GL-001881,301881,Equity 1881,Equity,Equity,CC-00881,GL-000005,USD,Credit,Balance Sheet,Yes,TX0,Active,2020-01-01,
GL-001882,401882,Sales Revenue 1882,Revenue,Operating Revenue,CC-00882,GL-000006,USD,Credit,Income Statement,Yes,TX14,Active,2020-01-01,
GL-001883,501883,Cost of Goods Sold 1883,Expense,COGS,CC-00883,GL-000007,USD,Debit,Income Statement,Yes,TX5,Active,2020-01-01,
GL-001884,511884,Production Cost 1884,Expense,Manufacturing,CC-00884,GL-000008,USD,Debit,Income Statement,Yes,TX0,Active,2020-01-01,
GL-001885,521885,Maintenance Expense 1885,Expense,Maintenance,CC-00885,GL-000009,USD,Debit,Income Statement,Yes,TX5,Active,2020-01-01,
GL-001886,531886,Utilities Expense 1886,Expense,Utilities,CC-00886,GL-000010,USD,Debit,Income Statement,Yes,TX5,Active,2020-01-01,
GL-001887,541887,Quality Expense 1887,Expense,Quality,CC-00887,GL-000011,USD,Debit,Income Statement,Yes,TX5,Active,2020-01-01,
GL-001888,551888,Warehouse Expense 1888,Expense,Warehouse,CC-00888,GL-000012,USD,Debit,Income Statement,Yes,EXEMPT,Active,2020-01-01,
GL-001889,561889,Sales Expense 1889,Expense,Sales,CC-00889,GL-000013,USD,Debit,Income Statement,Yes,TX0,Active,2020-01-01,
GL-001890,571890,Administrative Expense 1890,Expense,Administration,CC-00890,GL-000014,USD,Debit,Income Statement,Yes,TX14,Active,2020-01-01,
GL-001891,101891,Cash 1891,Asset,Current Asset,CC-00891,GL-000015,USD,Debit,Balance Sheet,Yes,EXEMPT,Active,2020-01-01,
GL-001892,111892,Accounts Receivable 1892,Asset,Current Asset,CC-00892,GL-000001,USD,Debit,Balance Sheet,Yes,TX14,Active,2020-01-01,
GL-001893,121893,Inventory 1893,Asset,Current Asset,CC-00893,GL-000002,USD,Debit,Balance Sheet,Yes,EXEMPT,Active,2020-01-01,
GL-001894,131894,Fixed Assets 1894,Asset,Non Current Asset,CC-00894,GL-000003,USD,Debit,Balance Sheet,Yes,TX5,Active,2020-01-01,
GL-001895,201895,Accounts Payable 1895,Liability,Current Liability,CC-00895,GL-000004,USD,Credit,Balance Sheet,Yes,TX5,Active,2020-01-01,
GL-001896,301896,Equity 1896,Equity,Equity,CC-00896,GL-000005,USD,Credit,Balance Sheet,Yes,TX0,Active,2020-01-01,
GL-001897,401897,Sales Revenue 1897,Revenue,Operating Revenue,CC-00897,GL-000006,USD,Credit,Income Statement,Yes,EXEMPT,Active,2020-01-01,
GL-001898,501898,Cost of Goods Sold 1898,Expense,COGS,CC-00898,GL-000007,USD,Debit,Income Statement,Yes,EXEMPT,Active,2020-01-01,
GL-001899,511899,Production Cost 1899,Expense,Manufacturing,CC-00899,GL-000008,USD,Debit,Income Statement,Yes,TX5,Active,2020-01-01,
GL-001900,521900,Maintenance Expense 1900,Expense,Maintenance,CC-00900,GL-000009,USD,Debit,Income Statement,Yes,TX5,Active,2020-01-01,
GL-001901,531901,Utilities Expense 1901,Expense,Utilities,CC-00901,GL-000010,USD,Debit,Income Statement,Yes,TX14,Active,2020-01-01,
GL-001902,541902,Quality Expense 1902,Expense,Quality,CC-00902,GL-000011,USD,Debit,Income Statement,Yes,EXEMPT,Active,2020-01-01,
GL-001903,551903,Warehouse Expense 1903,Expense,Warehouse,CC-00903,GL-000012,USD,Debit,Income Statement,Yes,TX0,Active,2020-01-01,
GL-001904,561904,Sales Expense 1904,Expense,Sales,CC-00904,GL-000013,USD,Debit,Income Statement,Yes,TX0,Active,2020-01-01,
GL-001905,571905,Administrative Expense 1905,Expense,Administration,CC-00905,GL-000014,USD,Debit,Income Statement,Yes,TX0,Active,2020-01-01,
GL-001906,101906,Cash 1906,Asset,Current Asset,CC-00906,GL-000015,USD,Debit,Balance Sheet,Yes,TX14,Active,2020-01-01,
GL-001907,111907,Accounts Receivable 1907,Asset,Current Asset,CC-00907,GL-000001,USD,Debit,Balance Sheet,Yes,TX0,Active,2020-01-01,
GL-001908,121908,Inventory 1908,Asset,Current Asset,CC-00908,GL-000002,USD,Debit,Balance Sheet,Yes,TX14,Active,2020-01-01,
GL-001909,131909,Fixed Assets 1909,Asset,Non Current Asset,CC-00909,GL-000003,USD,Debit,Balance Sheet,Yes,TX5,Active,2020-01-01,
GL-001910,201910,Accounts Payable 1910,Liability,Current Liability,CC-00910,GL-000004,USD,Credit,Balance Sheet,Yes,EXEMPT,Active,2020-01-01,
GL-001911,301911,Equity 1911,Equity,Equity,CC-00911,GL-000005,USD,Credit,Balance Sheet,Yes,TX5,Active,2020-01-01,
GL-001912,401912,Sales Revenue 1912,Revenue,Operating Revenue,CC-00912,GL-000006,USD,Credit,Income Statement,Yes,EXEMPT,Active,2020-01-01,
GL-001913,501913,Cost of Goods Sold 1913,Expense,COGS,CC-00913,GL-000007,USD,Debit,Income Statement,Yes,EXEMPT,Active,2020-01-01,
GL-001914,511914,Production Cost 1914,Expense,Manufacturing,CC-00914,GL-000008,USD,Debit,Income Statement,Yes,EXEMPT,Active,2020-01-01,
GL-001915,521915,Maintenance Expense 1915,Expense,Maintenance,CC-00915,GL-000009,USD,Debit,Income Statement,Yes,TX5,Active,2020-01-01,
GL-001916,531916,Utilities Expense 1916,Expense,Utilities,CC-00916,GL-000010,USD,Debit,Income Statement,Yes,TX14,Active,2020-01-01,
GL-001917,541917,Quality Expense 1917,Expense,Quality,CC-00917,GL-000011,USD,Debit,Income Statement,Yes,TX14,Active,2020-01-01,
GL-001918,551918,Warehouse Expense 1918,Expense,Warehouse,CC-00918,GL-000012,USD,Debit,Income Statement,Yes,TX14,Active,2020-01-01,
GL-001919,561919,Sales Expense 1919,Expense,Sales,CC-00919,GL-000013,USD,Debit,Income Statement,Yes,TX0,Active,2020-01-01,
GL-001920,571920,Administrative Expense 1920,Expense,Administration,CC-00920,GL-000014,USD,Debit,Income Statement,Yes,TX5,Active,2020-01-01,
GL-001921,101921,Cash 1921,Asset,Current Asset,CC-00921,GL-000015,USD,Debit,Balance Sheet,Yes,TX0,Active,2020-01-01,
GL-001922,111922,Accounts Receivable 1922,Asset,Current Asset,CC-00922,GL-000001,USD,Debit,Balance Sheet,Yes,EXEMPT,Active,2020-01-01,
GL-001923,121923,Inventory 1923,Asset,Current Asset,CC-00923,GL-000002,USD,Debit,Balance Sheet,Yes,TX14,Active,2020-01-01,
GL-001924,131924,Fixed Assets 1924,Asset,Non Current Asset,CC-00924,GL-000003,USD,Debit,Balance Sheet,Yes,TX0,Active,2020-01-01,
GL-001925,201925,Accounts Payable 1925,Liability,Current Liability,CC-00925,GL-000004,USD,Credit,Balance Sheet,Yes,TX0,Active,2020-01-01,
GL-001926,301926,Equity 1926,Equity,Equity,CC-00926,GL-000005,USD,Credit,Balance Sheet,Yes,TX14,Active,2020-01-01,
GL-001927,401927,Sales Revenue 1927,Revenue,Operating Revenue,CC-00927,GL-000006,USD,Credit,Income Statement,Yes,TX0,Active,2020-01-01,
GL-001928,501928,Cost of Goods Sold 1928,Expense,COGS,CC-00928,GL-000007,USD,Debit,Income Statement,Yes,TX5,Active,2020-01-01,
GL-001929,511929,Production Cost 1929,Expense,Manufacturing,CC-00929,GL-000008,USD,Debit,Income Statement,Yes,EXEMPT,Active,2020-01-01,
GL-001930,521930,Maintenance Expense 1930,Expense,Maintenance,CC-00930,GL-000009,USD,Debit,Income Statement,Yes,EXEMPT,Active,2020-01-01,
GL-001931,531931,Utilities Expense 1931,Expense,Utilities,CC-00931,GL-000010,USD,Debit,Income Statement,Yes,TX5,Active,2020-01-01,
GL-001932,541932,Quality Expense 1932,Expense,Quality,CC-00932,GL-000011,USD,Debit,Income Statement,Yes,TX0,Active,2020-01-01,
GL-001933,551933,Warehouse Expense 1933,Expense,Warehouse,CC-00933,GL-000012,USD,Debit,Income Statement,Yes,TX14,Active,2020-01-01,
GL-001934,561934,Sales Expense 1934,Expense,Sales,CC-00934,GL-000013,USD,Debit,Income Statement,Yes,TX14,Active,2020-01-01,
GL-001935,571935,Administrative Expense 1935,Expense,Administration,CC-00935,GL-000014,USD,Debit,Income Statement,Yes,TX0,Active,2020-01-01,
GL-001936,101936,Cash 1936,Asset,Current Asset,CC-00936,GL-000015,USD,Debit,Balance Sheet,Yes,TX14,Active,2020-01-01,
GL-001937,111937,Accounts Receivable 1937,Asset,Current Asset,CC-00937,GL-000001,USD,Debit,Balance Sheet,Yes,TX0,Active,2020-01-01,
GL-001938,121938,Inventory 1938,Asset,Current Asset,CC-00938,GL-000002,USD,Debit,Balance Sheet,Yes,TX5,Active,2020-01-01,
GL-001939,131939,Fixed Assets 1939,Asset,Non Current Asset,CC-00939,GL-000003,USD,Debit,Balance Sheet,Yes,TX5,Active,2020-01-01,
GL-001940,201940,Accounts Payable 1940,Liability,Current Liability,CC-00940,GL-000004,USD,Credit,Balance Sheet,Yes,TX5,Active,2020-01-01,
GL-001941,301941,Equity 1941,Equity,Equity,CC-00941,GL-000005,USD,Credit,Balance Sheet,Yes,TX5,Active,2020-01-01,
GL-001942,401942,Sales Revenue 1942,Revenue,Operating Revenue,CC-00942,GL-000006,USD,Credit,Income Statement,Yes,TX0,Active,2020-01-01,
GL-001943,501943,Cost of Goods Sold 1943,Expense,COGS,CC-00943,GL-000007,USD,Debit,Income Statement,Yes,TX0,Active,2020-01-01,
GL-001944,511944,Production Cost 1944,Expense,Manufacturing,CC-00944,GL-000008,USD,Debit,Income Statement,Yes,EXEMPT,Active,2020-01-01,
GL-001945,521945,Maintenance Expense 1945,Expense,Maintenance,CC-00945,GL-000009,USD,Debit,Income Statement,Yes,TX5,Active,2020-01-01,
GL-001946,531946,Utilities Expense 1946,Expense,Utilities,CC-00946,GL-000010,USD,Debit,Income Statement,Yes,TX5,Active,2020-01-01,
GL-001947,541947,Quality Expense 1947,Expense,Quality,CC-00947,GL-000011,USD,Debit,Income Statement,Yes,TX14,Active,2020-01-01,
GL-001948,551948,Warehouse Expense 1948,Expense,Warehouse,CC-00948,GL-000012,USD,Debit,Income Statement,Yes,TX0,Active,2020-01-01,
GL-001949,561949,Sales Expense 1949,Expense,Sales,CC-00949,GL-000013,USD,Debit,Income Statement,Yes,TX14,Active,2020-01-01,
GL-001950,571950,Administrative Expense 1950,Expense,Administration,CC-00950,GL-000014,USD,Debit,Income Statement,Yes,TX14,Active,2020-01-01,
GL-001951,101951,Cash 1951,Asset,Current Asset,CC-00951,GL-000015,USD,Debit,Balance Sheet,Yes,EXEMPT,Active,2020-01-01,
GL-001952,111952,Accounts Receivable 1952,Asset,Current Asset,CC-00952,GL-000001,USD,Debit,Balance Sheet,Yes,EXEMPT,Active,2020-01-01,
GL-001953,121953,Inventory 1953,Asset,Current Asset,CC-00953,GL-000002,USD,Debit,Balance Sheet,Yes,TX14,Active,2020-01-01,
GL-001954,131954,Fixed Assets 1954,Asset,Non Current Asset,CC-00954,GL-000003,USD,Debit,Balance Sheet,Yes,TX5,Active,2020-01-01,
GL-001955,201955,Accounts Payable 1955,Liability,Current Liability,CC-00955,GL-000004,USD,Credit,Balance Sheet,Yes,TX14,Active,2020-01-01,
GL-001956,301956,Equity 1956,Equity,Equity,CC-00956,GL-000005,USD,Credit,Balance Sheet,Yes,EXEMPT,Active,2020-01-01,
GL-001957,401957,Sales Revenue 1957,Revenue,Operating Revenue,CC-00957,GL-000006,USD,Credit,Income Statement,Yes,EXEMPT,Active,2020-01-01,
GL-001958,501958,Cost of Goods Sold 1958,Expense,COGS,CC-00958,GL-000007,USD,Debit,Income Statement,Yes,EXEMPT,Active,2020-01-01,
GL-001959,511959,Production Cost 1959,Expense,Manufacturing,CC-00959,GL-000008,USD,Debit,Income Statement,Yes,TX0,Active,2020-01-01,
GL-001960,521960,Maintenance Expense 1960,Expense,Maintenance,CC-00960,GL-000009,USD,Debit,Income Statement,Yes,TX5,Active,2020-01-01,
GL-001961,531961,Utilities Expense 1961,Expense,Utilities,CC-00961,GL-000010,USD,Debit,Income Statement,Yes,TX0,Active,2020-01-01,
GL-001962,541962,Quality Expense 1962,Expense,Quality,CC-00962,GL-000011,USD,Debit,Income Statement,Yes,EXEMPT,Active,2020-01-01,
GL-001963,551963,Warehouse Expense 1963,Expense,Warehouse,CC-00963,GL-000012,USD,Debit,Income Statement,Yes,TX5,Active,2020-01-01,
GL-001964,561964,Sales Expense 1964,Expense,Sales,CC-00964,GL-000013,USD,Debit,Income Statement,Yes,TX0,Active,2020-01-01,
GL-001965,571965,Administrative Expense 1965,Expense,Administration,CC-00965,GL-000014,USD,Debit,Income Statement,Yes,TX0,Active,2020-01-01,
GL-001966,101966,Cash 1966,Asset,Current Asset,CC-00966,GL-000015,USD,Debit,Balance Sheet,Yes,EXEMPT,Active,2020-01-01,
GL-001967,111967,Accounts Receivable 1967,Asset,Current Asset,CC-00967,GL-000001,USD,Debit,Balance Sheet,Yes,TX5,Active,2020-01-01,
GL-001968,121968,Inventory 1968,Asset,Current Asset,CC-00968,GL-000002,USD,Debit,Balance Sheet,Yes,EXEMPT,Active,2020-01-01,
GL-001969,131969,Fixed Assets 1969,Asset,Non Current Asset,CC-00969,GL-000003,USD,Debit,Balance Sheet,Yes,TX0,Active,2020-01-01,
GL-001970,201970,Accounts Payable 1970,Liability,Current Liability,CC-00970,GL-000004,USD,Credit,Balance Sheet,Yes,EXEMPT,Active,2020-01-01,
GL-001971,301971,Equity 1971,Equity,Equity,CC-00971,GL-000005,USD,Credit,Balance Sheet,Yes,EXEMPT,Active,2020-01-01,
GL-001972,401972,Sales Revenue 1972,Revenue,Operating Revenue,CC-00972,GL-000006,USD,Credit,Income Statement,Yes,TX5,Active,2020-01-01,
GL-001973,501973,Cost of Goods Sold 1973,Expense,COGS,CC-00973,GL-000007,USD,Debit,Income Statement,Yes,TX14,Active,2020-01-01,
GL-001974,511974,Production Cost 1974,Expense,Manufacturing,CC-00974,GL-000008,USD,Debit,Income Statement,Yes,TX5,Active,2020-01-01,
GL-001975,521975,Maintenance Expense 1975,Expense,Maintenance,CC-00975,GL-000009,USD,Debit,Income Statement,Yes,TX0,Active,2020-01-01,
GL-001976,531976,Utilities Expense 1976,Expense,Utilities,CC-00976,GL-000010,USD,Debit,Income Statement,Yes,TX5,Active,2020-01-01,
GL-001977,541977,Quality Expense 1977,Expense,Quality,CC-00977,GL-000011,USD,Debit,Income Statement,Yes,EXEMPT,Active,2020-01-01,
GL-001978,551978,Warehouse Expense 1978,Expense,Warehouse,CC-00978,GL-000012,USD,Debit,Income Statement,Yes,EXEMPT,Active,2020-01-01,
GL-001979,561979,Sales Expense 1979,Expense,Sales,CC-00979,GL-000013,USD,Debit,Income Statement,Yes,TX14,Active,2020-01-01,
GL-001980,571980,Administrative Expense 1980,Expense,Administration,CC-00980,GL-000014,USD,Debit,Income Statement,Yes,TX5,Active,2020-01-01,
GL-001981,101981,Cash 1981,Asset,Current Asset,CC-00981,GL-000015,USD,Debit,Balance Sheet,Yes,TX0,Active,2020-01-01,
GL-001982,111982,Accounts Receivable 1982,Asset,Current Asset,CC-00982,GL-000001,USD,Debit,Balance Sheet,Yes,EXEMPT,Active,2020-01-01,
GL-001983,121983,Inventory 1983,Asset,Current Asset,CC-00983,GL-000002,USD,Debit,Balance Sheet,Yes,TX14,Active,2020-01-01,
GL-001984,131984,Fixed Assets 1984,Asset,Non Current Asset,CC-00984,GL-000003,USD,Debit,Balance Sheet,Yes,EXEMPT,Active,2020-01-01,
GL-001985,201985,Accounts Payable 1985,Liability,Current Liability,CC-00985,GL-000004,USD,Credit,Balance Sheet,Yes,TX0,Active,2020-01-01,
GL-001986,301986,Equity 1986,Equity,Equity,CC-00986,GL-000005,USD,Credit,Balance Sheet,Yes,TX0,Active,2020-01-01,
GL-001987,401987,Sales Revenue 1987,Revenue,Operating Revenue,CC-00987,GL-000006,USD,Credit,Income Statement,Yes,TX14,Active,2020-01-01,
GL-001988,501988,Cost of Goods Sold 1988,Expense,COGS,CC-00988,GL-000007,USD,Debit,Income Statement,Yes,TX0,Active,2020-01-01,
GL-001989,511989,Production Cost 1989,Expense,Manufacturing,CC-00989,GL-000008,USD,Debit,Income Statement,Yes,TX14,Active,2020-01-01,
GL-001990,521990,Maintenance Expense 1990,Expense,Maintenance,CC-00990,GL-000009,USD,Debit,Income Statement,Yes,TX14,Active,2020-01-01,
GL-001991,531991,Utilities Expense 1991,Expense,Utilities,CC-00991,GL-000010,USD,Debit,Income Statement,Yes,TX5,Active,2020-01-01,
GL-001992,541992,Quality Expense 1992,Expense,Quality,CC-00992,GL-000011,USD,Debit,Income Statement,Yes,TX14,Active,2020-01-01,
GL-001993,551993,Warehouse Expense 1993,Expense,Warehouse,CC-00993,GL-000012,USD,Debit,Income Statement,Yes,EXEMPT,Active,2020-01-01,
GL-001994,561994,Sales Expense 1994,Expense,Sales,CC-00994,GL-000013,USD,Debit,Income Statement,Yes,EXEMPT,Active,2020-01-01,
GL-001995,571995,Administrative Expense 1995,Expense,Administration,CC-00995,GL-000014,USD,Debit,Income Statement,Yes,TX0,Active,2020-01-01,
GL-001996,101996,Cash 1996,Asset,Current Asset,CC-00996,GL-000015,USD,Debit,Balance Sheet,Yes,EXEMPT,Active,2020-01-01,
GL-001997,111997,Accounts Receivable 1997,Asset,Current Asset,CC-00997,GL-000001,USD,Debit,Balance Sheet,Yes,TX14,Active,2020-01-01,
GL-001998,121998,Inventory 1998,Asset,Current Asset,CC-00998,GL-000002,USD,Debit,Balance Sheet,Yes,TX0,Active,2020-01-01,
GL-001999,131999,Fixed Assets 1999,Asset,Non Current Asset,CC-00999,GL-000003,USD,Debit,Balance Sheet,Yes,EXEMPT,Active,2020-01-01,
GL-002000,202000,Accounts Payable 2000,Liability,Current Liability,CC-01000,GL-000004,USD,Credit,Balance Sheet,Yes,TX0,Active,2020-01-01,
GL-002001,302001,Equity 2001,Equity,Equity,CC-00001,GL-000005,USD,Credit,Balance Sheet,Yes,TX14,Active,2020-01-01,
GL-002002,402002,Sales Revenue 2002,Revenue,Operating Revenue,CC-00002,GL-000006,USD,Credit,Income Statement,Yes,TX0,Active,2020-01-01,
GL-002003,502003,Cost of Goods Sold 2003,Expense,COGS,CC-00003,GL-000007,USD,Debit,Income Statement,Yes,TX5,Active,2020-01-01,
GL-002004,512004,Production Cost 2004,Expense,Manufacturing,CC-00004,GL-000008,USD,Debit,Income Statement,Yes,EXEMPT,Active,2020-01-01,
GL-002005,522005,Maintenance Expense 2005,Expense,Maintenance,CC-00005,GL-000009,USD,Debit,Income Statement,Yes,TX0,Active,2020-01-01,
GL-002006,532006,Utilities Expense 2006,Expense,Utilities,CC-00006,GL-000010,USD,Debit,Income Statement,Yes,TX14,Active,2020-01-01,
GL-002007,542007,Quality Expense 2007,Expense,Quality,CC-00007,GL-000011,USD,Debit,Income Statement,Yes,TX0,Active,2020-01-01,
GL-002008,552008,Warehouse Expense 2008,Expense,Warehouse,CC-00008,GL-000012,USD,Debit,Income Statement,Yes,TX14,Active,2020-01-01,
GL-002009,562009,Sales Expense 2009,Expense,Sales,CC-00009,GL-000013,USD,Debit,Income Statement,Yes,TX0,Active,2020-01-01,
GL-002010,572010,Administrative Expense 2010,Expense,Administration,CC-00010,GL-000014,USD,Debit,Income Statement,Yes,EXEMPT,Active,2020-01-01,
GL-002011,102011,Cash 2011,Asset,Current Asset,CC-00011,GL-000015,USD,Debit,Balance Sheet,Yes,EXEMPT,Active,2020-01-01,
GL-002012,112012,Accounts Receivable 2012,Asset,Current Asset,CC-00012,GL-000001,USD,Debit,Balance Sheet,Yes,EXEMPT,Active,2020-01-01,
GL-002013,122013,Inventory 2013,Asset,Current Asset,CC-00013,GL-000002,USD,Debit,Balance Sheet,Yes,TX14,Active,2020-01-01,
GL-002014,132014,Fixed Assets 2014,Asset,Non Current Asset,CC-00014,GL-000003,USD,Debit,Balance Sheet,Yes,TX14,Active,2020-01-01,
GL-002015,202015,Accounts Payable 2015,Liability,Current Liability,CC-00015,GL-000004,USD,Credit,Balance Sheet,Yes,TX0,Active,2020-01-01,
GL-002016,302016,Equity 2016,Equity,Equity,CC-00016,GL-000005,USD,Credit,Balance Sheet,Yes,EXEMPT,Active,2020-01-01,
GL-002017,402017,Sales Revenue 2017,Revenue,Operating Revenue,CC-00017,GL-000006,USD,Credit,Income Statement,Yes,TX5,Active,2020-01-01,
GL-002018,502018,Cost of Goods Sold 2018,Expense,COGS,CC-00018,GL-000007,USD,Debit,Income Statement,Yes,EXEMPT,Active,2020-01-01,
GL-002019,512019,Production Cost 2019,Expense,Manufacturing,CC-00019,GL-000008,USD,Debit,Income Statement,Yes,TX5,Active,2020-01-01,
GL-002020,522020,Maintenance Expense 2020,Expense,Maintenance,CC-00020,GL-000009,USD,Debit,Income Statement,Yes,TX0,Active,2020-01-01,
GL-002021,532021,Utilities Expense 2021,Expense,Utilities,CC-00021,GL-000010,USD,Debit,Income Statement,Yes,TX14,Active,2020-01-01,
GL-002022,542022,Quality Expense 2022,Expense,Quality,CC-00022,GL-000011,USD,Debit,Income Statement,Yes,EXEMPT,Active,2020-01-01,
GL-002023,552023,Warehouse Expense 2023,Expense,Warehouse,CC-00023,GL-000012,USD,Debit,Income Statement,Yes,TX14,Active,2020-01-01,
GL-002024,562024,Sales Expense 2024,Expense,Sales,CC-00024,GL-000013,USD,Debit,Income Statement,Yes,TX5,Active,2020-01-01,
GL-002025,572025,Administrative Expense 2025,Expense,Administration,CC-00025,GL-000014,USD,Debit,Income Statement,Yes,EXEMPT,Active,2020-01-01,
GL-002026,102026,Cash 2026,Asset,Current Asset,CC-00026,GL-000015,USD,Debit,Balance Sheet,Yes,TX5,Active,2020-01-01,
GL-002027,112027,Accounts Receivable 2027,Asset,Current Asset,CC-00027,GL-000001,USD,Debit,Balance Sheet,Yes,TX0,Active,2020-01-01,
GL-002028,122028,Inventory 2028,Asset,Current Asset,CC-00028,GL-000002,USD,Debit,Balance Sheet,Yes,EXEMPT,Active,2020-01-01,
GL-002029,132029,Fixed Assets 2029,Asset,Non Current Asset,CC-00029,GL-000003,USD,Debit,Balance Sheet,Yes,TX14,Active,2020-01-01,
GL-002030,202030,Accounts Payable 2030,Liability,Current Liability,CC-00030,GL-000004,USD,Credit,Balance Sheet,Yes,TX5,Active,2020-01-01,
GL-002031,302031,Equity 2031,Equity,Equity,CC-00031,GL-000005,USD,Credit,Balance Sheet,Yes,EXEMPT,Active,2020-01-01,
GL-002032,402032,Sales Revenue 2032,Revenue,Operating Revenue,CC-00032,GL-000006,USD,Credit,Income Statement,Yes,EXEMPT,Active,2020-01-01,
GL-002033,502033,Cost of Goods Sold 2033,Expense,COGS,CC-00033,GL-000007,USD,Debit,Income Statement,Yes,TX5,Active,2020-01-01,
GL-002034,512034,Production Cost 2034,Expense,Manufacturing,CC-00034,GL-000008,USD,Debit,Income Statement,Yes,TX5,Active,2020-01-01,
GL-002035,522035,Maintenance Expense 2035,Expense,Maintenance,CC-00035,GL-000009,USD,Debit,Income Statement,Yes,TX5,Active,2020-01-01,
GL-002036,532036,Utilities Expense 2036,Expense,Utilities,CC-00036,GL-000010,USD,Debit,Income Statement,Yes,TX0,Active,2020-01-01,
GL-002037,542037,Quality Expense 2037,Expense,Quality,CC-00037,GL-000011,USD,Debit,Income Statement,Yes,EXEMPT,Active,2020-01-01,
GL-002038,552038,Warehouse Expense 2038,Expense,Warehouse,CC-00038,GL-000012,USD,Debit,Income Statement,Yes,TX5,Active,2020-01-01,
GL-002039,562039,Sales Expense 2039,Expense,Sales,CC-00039,GL-000013,USD,Debit,Income Statement,Yes,TX5,Active,2020-01-01,
GL-002040,572040,Administrative Expense 2040,Expense,Administration,CC-00040,GL-000014,USD,Debit,Income Statement,Yes,EXEMPT,Active,2020-01-01,
GL-002041,102041,Cash 2041,Asset,Current Asset,CC-00041,GL-000015,USD,Debit,Balance Sheet,Yes,TX5,Active,2020-01-01,
GL-002042,112042,Accounts Receivable 2042,Asset,Current Asset,CC-00042,GL-000001,USD,Debit,Balance Sheet,Yes,EXEMPT,Active,2020-01-01,
GL-002043,122043,Inventory 2043,Asset,Current Asset,CC-00043,GL-000002,USD,Debit,Balance Sheet,Yes,EXEMPT,Active,2020-01-01,
GL-002044,132044,Fixed Assets 2044,Asset,Non Current Asset,CC-00044,GL-000003,USD,Debit,Balance Sheet,Yes,TX0,Active,2020-01-01,
GL-002045,202045,Accounts Payable 2045,Liability,Current Liability,CC-00045,GL-000004,USD,Credit,Balance Sheet,Yes,TX14,Active,2020-01-01,
GL-002046,302046,Equity 2046,Equity,Equity,CC-00046,GL-000005,USD,Credit,Balance Sheet,Yes,TX0,Active,2020-01-01,
GL-002047,402047,Sales Revenue 2047,Revenue,Operating Revenue,CC-00047,GL-000006,USD,Credit,Income Statement,Yes,TX14,Active,2020-01-01,
GL-002048,502048,Cost of Goods Sold 2048,Expense,COGS,CC-00048,GL-000007,USD,Debit,Income Statement,Yes,TX14,Active,2020-01-01,
GL-002049,512049,Production Cost 2049,Expense,Manufacturing,CC-00049,GL-000008,USD,Debit,Income Statement,Yes,TX5,Active,2020-01-01,
GL-002050,522050,Maintenance Expense 2050,Expense,Maintenance,CC-00050,GL-000009,USD,Debit,Income Statement,Yes,EXEMPT,Active,2020-01-01,
GL-002051,532051,Utilities Expense 2051,Expense,Utilities,CC-00051,GL-000010,USD,Debit,Income Statement,Yes,EXEMPT,Active,2020-01-01,
GL-002052,542052,Quality Expense 2052,Expense,Quality,CC-00052,GL-000011,USD,Debit,Income Statement,Yes,TX0,Active,2020-01-01,
GL-002053,552053,Warehouse Expense 2053,Expense,Warehouse,CC-00053,GL-000012,USD,Debit,Income Statement,Yes,EXEMPT,Active,2020-01-01,
GL-002054,562054,Sales Expense 2054,Expense,Sales,CC-00054,GL-000013,USD,Debit,Income Statement,Yes,TX5,Active,2020-01-01,
GL-002055,572055,Administrative Expense 2055,Expense,Administration,CC-00055,GL-000014,USD,Debit,Income Statement,Yes,TX0,Active,2020-01-01,
GL-002056,102056,Cash 2056,Asset,Current Asset,CC-00056,GL-000015,USD,Debit,Balance Sheet,Yes,TX14,Active,2020-01-01,
GL-002057,112057,Accounts Receivable 2057,Asset,Current Asset,CC-00057,GL-000001,USD,Debit,Balance Sheet,Yes,TX0,Active,2020-01-01,
GL-002058,122058,Inventory 2058,Asset,Current Asset,CC-00058,GL-000002,USD,Debit,Balance Sheet,Yes,EXEMPT,Active,2020-01-01,
GL-002059,132059,Fixed Assets 2059,Asset,Non Current Asset,CC-00059,GL-000003,USD,Debit,Balance Sheet,Yes,EXEMPT,Active,2020-01-01,
GL-002060,202060,Accounts Payable 2060,Liability,Current Liability,CC-00060,GL-000004,USD,Credit,Balance Sheet,Yes,EXEMPT,Active,2020-01-01,
GL-002061,302061,Equity 2061,Equity,Equity,CC-00061,GL-000005,USD,Credit,Balance Sheet,Yes,TX0,Active,2020-01-01,
GL-002062,402062,Sales Revenue 2062,Revenue,Operating Revenue,CC-00062,GL-000006,USD,Credit,Income Statement,Yes,TX5,Active,2020-01-01,
GL-002063,502063,Cost of Goods Sold 2063,Expense,COGS,CC-00063,GL-000007,USD,Debit,Income Statement,Yes,TX14,Active,2020-01-01,
GL-002064,512064,Production Cost 2064,Expense,Manufacturing,CC-00064,GL-000008,USD,Debit,Income Statement,Yes,TX14,Active,2020-01-01,
GL-002065,522065,Maintenance Expense 2065,Expense,Maintenance,CC-00065,GL-000009,USD,Debit,Income Statement,Yes,TX5,Active,2020-01-01,
GL-002066,532066,Utilities Expense 2066,Expense,Utilities,CC-00066,GL-000010,USD,Debit,Income Statement,Yes,TX5,Active,2020-01-01,
GL-002067,542067,Quality Expense 2067,Expense,Quality,CC-00067,GL-000011,USD,Debit,Income Statement,Yes,TX0,Active,2020-01-01,
GL-002068,552068,Warehouse Expense 2068,Expense,Warehouse,CC-00068,GL-000012,USD,Debit,Income Statement,Yes,EXEMPT,Active,2020-01-01,
GL-002069,562069,Sales Expense 2069,Expense,Sales,CC-00069,GL-000013,USD,Debit,Income Statement,Yes,TX14,Active,2020-01-01,
GL-002070,572070,Administrative Expense 2070,Expense,Administration,CC-00070,GL-000014,USD,Debit,Income Statement,Yes,TX5,Active,2020-01-01,
GL-002071,102071,Cash 2071,Asset,Current Asset,CC-00071,GL-000015,USD,Debit,Balance Sheet,Yes,TX5,Active,2020-01-01,
GL-002072,112072,Accounts Receivable 2072,Asset,Current Asset,CC-00072,GL-000001,USD,Debit,Balance Sheet,Yes,TX14,Active,2020-01-01,
GL-002073,122073,Inventory 2073,Asset,Current Asset,CC-00073,GL-000002,USD,Debit,Balance Sheet,Yes,EXEMPT,Active,2020-01-01,
GL-002074,132074,Fixed Assets 2074,Asset,Non Current Asset,CC-00074,GL-000003,USD,Debit,Balance Sheet,Yes,EXEMPT,Active,2020-01-01,
GL-002075,202075,Accounts Payable 2075,Liability,Current Liability,CC-00075,GL-000004,USD,Credit,Balance Sheet,Yes,TX14,Active,2020-01-01,
GL-002076,302076,Equity 2076,Equity,Equity,CC-00076,GL-000005,USD,Credit,Balance Sheet,Yes,EXEMPT,Active,2020-01-01,
GL-002077,402077,Sales Revenue 2077,Revenue,Operating Revenue,CC-00077,GL-000006,USD,Credit,Income Statement,Yes,EXEMPT,Active,2020-01-01,
GL-002078,502078,Cost of Goods Sold 2078,Expense,COGS,CC-00078,GL-000007,USD,Debit,Income Statement,Yes,EXEMPT,Active,2020-01-01,
GL-002079,512079,Production Cost 2079,Expense,Manufacturing,CC-00079,GL-000008,USD,Debit,Income Statement,Yes,EXEMPT,Active,2020-01-01,
GL-002080,522080,Maintenance Expense 2080,Expense,Maintenance,CC-00080,GL-000009,USD,Debit,Income Statement,Yes,TX0,Active,2020-01-01,
GL-002081,532081,Utilities Expense 2081,Expense,Utilities,CC-00081,GL-000010,USD,Debit,Income Statement,Yes,TX14,Active,2020-01-01,
GL-002082,542082,Quality Expense 2082,Expense,Quality,CC-00082,GL-000011,USD,Debit,Income Statement,Yes,TX14,Active,2020-01-01,
GL-002083,552083,Warehouse Expense 2083,Expense,Warehouse,CC-00083,GL-000012,USD,Debit,Income Statement,Yes,TX0,Active,2020-01-01,
GL-002084,562084,Sales Expense 2084,Expense,Sales,CC-00084,GL-000013,USD,Debit,Income Statement,Yes,TX5,Active,2020-01-01,
GL-002085,572085,Administrative Expense 2085,Expense,Administration,CC-00085,GL-000014,USD,Debit,Income Statement,Yes,TX0,Active,2020-01-01,
GL-002086,102086,Cash 2086,Asset,Current Asset,CC-00086,GL-000015,USD,Debit,Balance Sheet,Yes,TX14,Active,2020-01-01,
GL-002087,112087,Accounts Receivable 2087,Asset,Current Asset,CC-00087,GL-000001,USD,Debit,Balance Sheet,Yes,TX0,Active,2020-01-01,
GL-002088,122088,Inventory 2088,Asset,Current Asset,CC-00088,GL-000002,USD,Debit,Balance Sheet,Yes,TX14,Active,2020-01-01,
GL-002089,132089,Fixed Assets 2089,Asset,Non Current Asset,CC-00089,GL-000003,USD,Debit,Balance Sheet,Yes,TX5,Active,2020-01-01,
GL-002090,202090,Accounts Payable 2090,Liability,Current Liability,CC-00090,GL-000004,USD,Credit,Balance Sheet,Yes,TX5,Active,2020-01-01,
GL-002091,302091,Equity 2091,Equity,Equity,CC-00091,GL-000005,USD,Credit,Balance Sheet,Yes,TX0,Active,2020-01-01,
GL-002092,402092,Sales Revenue 2092,Revenue,Operating Revenue,CC-00092,GL-000006,USD,Credit,Income Statement,Yes,TX0,Active,2020-01-01,
GL-002093,502093,Cost of Goods Sold 2093,Expense,COGS,CC-00093,GL-000007,USD,Debit,Income Statement,Yes,TX14,Active,2020-01-01,
GL-002094,512094,Production Cost 2094,Expense,Manufacturing,CC-00094,GL-000008,USD,Debit,Income Statement,Yes,TX5,Active,2020-01-01,
GL-002095,522095,Maintenance Expense 2095,Expense,Maintenance,CC-00095,GL-000009,USD,Debit,Income Statement,Yes,TX5,Active,2020-01-01,
GL-002096,532096,Utilities Expense 2096,Expense,Utilities,CC-00096,GL-000010,USD,Debit,Income Statement,Yes,EXEMPT,Active,2020-01-01,
GL-002097,542097,Quality Expense 2097,Expense,Quality,CC-00097,GL-000011,USD,Debit,Income Statement,Yes,TX0,Active,2020-01-01,
GL-002098,552098,Warehouse Expense 2098,Expense,Warehouse,CC-00098,GL-000012,USD,Debit,Income Statement,Yes,TX5,Active,2020-01-01,
GL-002099,562099,Sales Expense 2099,Expense,Sales,CC-00099,GL-000013,USD,Debit,Income Statement,Yes,TX5,Active,2020-01-01,
GL-002100,572100,Administrative Expense 2100,Expense,Administration,CC-00100,GL-000014,USD,Debit,Income Statement,Yes,TX5,Active,2020-01-01,
GL-002101,102101,Cash 2101,Asset,Current Asset,CC-00101,GL-000015,USD,Debit,Balance Sheet,Yes,EXEMPT,Active,2020-01-01,
GL-002102,112102,Accounts Receivable 2102,Asset,Current Asset,CC-00102,GL-000001,USD,Debit,Balance Sheet,Yes,TX14,Active,2020-01-01,
GL-002103,122103,Inventory 2103,Asset,Current Asset,CC-00103,GL-000002,USD,Debit,Balance Sheet,Yes,TX0,Active,2020-01-01,
GL-002104,132104,Fixed Assets 2104,Asset,Non Current Asset,CC-00104,GL-000003,USD,Debit,Balance Sheet,Yes,TX0,Active,2020-01-01,
GL-002105,202105,Accounts Payable 2105,Liability,Current Liability,CC-00105,GL-000004,USD,Credit,Balance Sheet,Yes,EXEMPT,Active,2020-01-01,
GL-002106,302106,Equity 2106,Equity,Equity,CC-00106,GL-000005,USD,Credit,Balance Sheet,Yes,TX0,Active,2020-01-01,
GL-002107,402107,Sales Revenue 2107,Revenue,Operating Revenue,CC-00107,GL-000006,USD,Credit,Income Statement,Yes,TX14,Active,2020-01-01,
GL-002108,502108,Cost of Goods Sold 2108,Expense,COGS,CC-00108,GL-000007,USD,Debit,Income Statement,Yes,TX5,Active,2020-01-01,
GL-002109,512109,Production Cost 2109,Expense,Manufacturing,CC-00109,GL-000008,USD,Debit,Income Statement,Yes,TX5,Active,2020-01-01,
GL-002110,522110,Maintenance Expense 2110,Expense,Maintenance,CC-00110,GL-000009,USD,Debit,Income Statement,Yes,TX14,Active,2020-01-01,
GL-002111,532111,Utilities Expense 2111,Expense,Utilities,CC-00111,GL-000010,USD,Debit,Income Statement,Yes,EXEMPT,Active,2020-01-01,
GL-002112,542112,Quality Expense 2112,Expense,Quality,CC-00112,GL-000011,USD,Debit,Income Statement,Yes,EXEMPT,Active,2020-01-01,
GL-002113,552113,Warehouse Expense 2113,Expense,Warehouse,CC-00113,GL-000012,USD,Debit,Income Statement,Yes,TX14,Active,2020-01-01,
GL-002114,562114,Sales Expense 2114,Expense,Sales,CC-00114,GL-000013,USD,Debit,Income Statement,Yes,EXEMPT,Active,2020-01-01,
GL-002115,572115,Administrative Expense 2115,Expense,Administration,CC-00115,GL-000014,USD,Debit,Income Statement,Yes,EXEMPT,Active,2020-01-01,
GL-002116,102116,Cash 2116,Asset,Current Asset,CC-00116,GL-000015,USD,Debit,Balance Sheet,Yes,TX5,Active,2020-01-01,
GL-002117,112117,Accounts Receivable 2117,Asset,Current Asset,CC-00117,GL-000001,USD,Debit,Balance Sheet,Yes,EXEMPT,Active,2020-01-01,
GL-002118,122118,Inventory 2118,Asset,Current Asset,CC-00118,GL-000002,USD,Debit,Balance Sheet,Yes,TX5,Active,2020-01-01,
GL-002119,132119,Fixed Assets 2119,Asset,Non Current Asset,CC-00119,GL-000003,USD,Debit,Balance Sheet,Yes,TX5,Active,2020-01-01,
GL-002120,202120,Accounts Payable 2120,Liability,Current Liability,CC-00120,GL-000004,USD,Credit,Balance Sheet,Yes,TX0,Active,2020-01-01,
GL-002121,302121,Equity 2121,Equity,Equity,CC-00121,GL-000005,USD,Credit,Balance Sheet,Yes,TX5,Active,2020-01-01,
GL-002122,402122,Sales Revenue 2122,Revenue,Operating Revenue,CC-00122,GL-000006,USD,Credit,Income Statement,Yes,EXEMPT,Active,2020-01-01,
GL-002123,502123,Cost of Goods Sold 2123,Expense,COGS,CC-00123,GL-000007,USD,Debit,Income Statement,Yes,TX0,Active,2020-01-01,
GL-002124,512124,Production Cost 2124,Expense,Manufacturing,CC-00124,GL-000008,USD,Debit,Income Statement,Yes,TX14,Active,2020-01-01,
GL-002125,522125,Maintenance Expense 2125,Expense,Maintenance,CC-00125,GL-000009,USD,Debit,Income Statement,Yes,TX14,Active,2020-01-01,
GL-002126,532126,Utilities Expense 2126,Expense,Utilities,CC-00126,GL-000010,USD,Debit,Income Statement,Yes,EXEMPT,Active,2020-01-01,
GL-002127,542127,Quality Expense 2127,Expense,Quality,CC-00127,GL-000011,USD,Debit,Income Statement,Yes,TX14,Active,2020-01-01,
GL-002128,552128,Warehouse Expense 2128,Expense,Warehouse,CC-00128,GL-000012,USD,Debit,Income Statement,Yes,TX0,Active,2020-01-01,
GL-002129,562129,Sales Expense 2129,Expense,Sales,CC-00129,GL-000013,USD,Debit,Income Statement,Yes,TX5,Active,2020-01-01,
GL-002130,572130,Administrative Expense 2130,Expense,Administration,CC-00130,GL-000014,USD,Debit,Income Statement,Yes,TX0,Active,2020-01-01,
GL-002131,102131,Cash 2131,Asset,Current Asset,CC-00131,GL-000015,USD,Debit,Balance Sheet,Yes,TX5,Active,2020-01-01,
GL-002132,112132,Accounts Receivable 2132,Asset,Current Asset,CC-00132,GL-000001,USD,Debit,Balance Sheet,Yes,EXEMPT,Active,2020-01-01,
GL-002133,122133,Inventory 2133,Asset,Current Asset,CC-00133,GL-000002,USD,Debit,Balance Sheet,Yes,TX14,Active,2020-01-01,
GL-002134,132134,Fixed Assets 2134,Asset,Non Current Asset,CC-00134,GL-000003,USD,Debit,Balance Sheet,Yes,EXEMPT,Active,2020-01-01,
GL-002135,202135,Accounts Payable 2135,Liability,Current Liability,CC-00135,GL-000004,USD,Credit,Balance Sheet,Yes,TX5,Active,2020-01-01,
GL-002136,302136,Equity 2136,Equity,Equity,CC-00136,GL-000005,USD,Credit,Balance Sheet,Yes,TX14,Active,2020-01-01,
GL-002137,402137,Sales Revenue 2137,Revenue,Operating Revenue,CC-00137,GL-000006,USD,Credit,Income Statement,Yes,EXEMPT,Active,2020-01-01,
GL-002138,502138,Cost of Goods Sold 2138,Expense,COGS,CC-00138,GL-000007,USD,Debit,Income Statement,Yes,TX5,Active,2020-01-01,
GL-002139,512139,Production Cost 2139,Expense,Manufacturing,CC-00139,GL-000008,USD,Debit,Income Statement,Yes,TX0,Active,2020-01-01,
GL-002140,522140,Maintenance Expense 2140,Expense,Maintenance,CC-00140,GL-000009,USD,Debit,Income Statement,Yes,TX14,Active,2020-01-01,
GL-002141,532141,Utilities Expense 2141,Expense,Utilities,CC-00141,GL-000010,USD,Debit,Income Statement,Yes,TX5,Active,2020-01-01,
GL-002142,542142,Quality Expense 2142,Expense,Quality,CC-00142,GL-000011,USD,Debit,Income Statement,Yes,TX5,Active,2020-01-01,
GL-002143,552143,Warehouse Expense 2143,Expense,Warehouse,CC-00143,GL-000012,USD,Debit,Income Statement,Yes,TX14,Active,2020-01-01,
GL-002144,562144,Sales Expense 2144,Expense,Sales,CC-00144,GL-000013,USD,Debit,Income Statement,Yes,TX14,Active,2020-01-01,
GL-002145,572145,Administrative Expense 2145,Expense,Administration,CC-00145,GL-000014,USD,Debit,Income Statement,Yes,TX5,Active,2020-01-01,
GL-002146,102146,Cash 2146,Asset,Current Asset,CC-00146,GL-000015,USD,Debit,Balance Sheet,Yes,EXEMPT,Active,2020-01-01,
GL-002147,112147,Accounts Receivable 2147,Asset,Current Asset,CC-00147,GL-000001,USD,Debit,Balance Sheet,Yes,TX14,Active,2020-01-01,
GL-002148,122148,Inventory 2148,Asset,Current Asset,CC-00148,GL-000002,USD,Debit,Balance Sheet,Yes,TX0,Active,2020-01-01,
GL-002149,132149,Fixed Assets 2149,Asset,Non Current Asset,CC-00149,GL-000003,USD,Debit,Balance Sheet,Yes,TX14,Active,2020-01-01,
GL-002150,202150,Accounts Payable 2150,Liability,Current Liability,CC-00150,GL-000004,USD,Credit,Balance Sheet,Yes,EXEMPT,Active,2020-01-01,
GL-002151,302151,Equity 2151,Equity,Equity,CC-00151,GL-000005,USD,Credit,Balance Sheet,Yes,TX0,Active,2020-01-01,
GL-002152,402152,Sales Revenue 2152,Revenue,Operating Revenue,CC-00152,GL-000006,USD,Credit,Income Statement,Yes,TX14,Active,2020-01-01,
GL-002153,502153,Cost of Goods Sold 2153,Expense,COGS,CC-00153,GL-000007,USD,Debit,Income Statement,Yes,TX5,Active,2020-01-01,
GL-002154,512154,Production Cost 2154,Expense,Manufacturing,CC-00154,GL-000008,USD,Debit,Income Statement,Yes,TX0,Active,2020-01-01,
GL-002155,522155,Maintenance Expense 2155,Expense,Maintenance,CC-00155,GL-000009,USD,Debit,Income Statement,Yes,TX5,Active,2020-01-01,
GL-002156,532156,Utilities Expense 2156,Expense,Utilities,CC-00156,GL-000010,USD,Debit,Income Statement,Yes,TX5,Active,2020-01-01,
GL-002157,542157,Quality Expense 2157,Expense,Quality,CC-00157,GL-000011,USD,Debit,Income Statement,Yes,EXEMPT,Active,2020-01-01,
GL-002158,552158,Warehouse Expense 2158,Expense,Warehouse,CC-00158,GL-000012,USD,Debit,Income Statement,Yes,TX14,Active,2020-01-01,
GL-002159,562159,Sales Expense 2159,Expense,Sales,CC-00159,GL-000013,USD,Debit,Income Statement,Yes,TX14,Active,2020-01-01,
GL-002160,572160,Administrative Expense 2160,Expense,Administration,CC-00160,GL-000014,USD,Debit,Income Statement,Yes,TX0,Active,2020-01-01,
GL-002161,102161,Cash 2161,Asset,Current Asset,CC-00161,GL-000015,USD,Debit,Balance Sheet,Yes,TX14,Active,2020-01-01,
GL-002162,112162,Accounts Receivable 2162,Asset,Current Asset,CC-00162,GL-000001,USD,Debit,Balance Sheet,Yes,TX14,Active,2020-01-01,
GL-002163,122163,Inventory 2163,Asset,Current Asset,CC-00163,GL-000002,USD,Debit,Balance Sheet,Yes,TX14,Active,2020-01-01,
GL-002164,132164,Fixed Assets 2164,Asset,Non Current Asset,CC-00164,GL-000003,USD,Debit,Balance Sheet,Yes,TX0,Active,2020-01-01,
GL-002165,202165,Accounts Payable 2165,Liability,Current Liability,CC-00165,GL-000004,USD,Credit,Balance Sheet,Yes,TX0,Active,2020-01-01,
GL-002166,302166,Equity 2166,Equity,Equity,CC-00166,GL-000005,USD,Credit,Balance Sheet,Yes,EXEMPT,Active,2020-01-01,
GL-002167,402167,Sales Revenue 2167,Revenue,Operating Revenue,CC-00167,GL-000006,USD,Credit,Income Statement,Yes,TX14,Active,2020-01-01,
GL-002168,502168,Cost of Goods Sold 2168,Expense,COGS,CC-00168,GL-000007,USD,Debit,Income Statement,Yes,TX5,Active,2020-01-01,
GL-002169,512169,Production Cost 2169,Expense,Manufacturing,CC-00169,GL-000008,USD,Debit,Income Statement,Yes,TX14,Active,2020-01-01,
GL-002170,522170,Maintenance Expense 2170,Expense,Maintenance,CC-00170,GL-000009,USD,Debit,Income Statement,Yes,EXEMPT,Active,2020-01-01,
GL-002171,532171,Utilities Expense 2171,Expense,Utilities,CC-00171,GL-000010,USD,Debit,Income Statement,Yes,TX0,Active,2020-01-01,
GL-002172,542172,Quality Expense 2172,Expense,Quality,CC-00172,GL-000011,USD,Debit,Income Statement,Yes,TX5,Active,2020-01-01,
GL-002173,552173,Warehouse Expense 2173,Expense,Warehouse,CC-00173,GL-000012,USD,Debit,Income Statement,Yes,EXEMPT,Active,2020-01-01,
GL-002174,562174,Sales Expense 2174,Expense,Sales,CC-00174,GL-000013,USD,Debit,Income Statement,Yes,TX5,Active,2020-01-01,
GL-002175,572175,Administrative Expense 2175,Expense,Administration,CC-00175,GL-000014,USD,Debit,Income Statement,Yes,TX14,Active,2020-01-01,
GL-002176,102176,Cash 2176,Asset,Current Asset,CC-00176,GL-000015,USD,Debit,Balance Sheet,Yes,TX5,Active,2020-01-01,
GL-002177,112177,Accounts Receivable 2177,Asset,Current Asset,CC-00177,GL-000001,USD,Debit,Balance Sheet,Yes,TX0,Active,2020-01-01,
GL-002178,122178,Inventory 2178,Asset,Current Asset,CC-00178,GL-000002,USD,Debit,Balance Sheet,Yes,TX0,Active,2020-01-01,
GL-002179,132179,Fixed Assets 2179,Asset,Non Current Asset,CC-00179,GL-000003,USD,Debit,Balance Sheet,Yes,TX0,Active,2020-01-01,
GL-002180,202180,Accounts Payable 2180,Liability,Current Liability,CC-00180,GL-000004,USD,Credit,Balance Sheet,Yes,TX5,Active,2020-01-01,
GL-002181,302181,Equity 2181,Equity,Equity,CC-00181,GL-000005,USD,Credit,Balance Sheet,Yes,TX5,Active,2020-01-01,
GL-002182,402182,Sales Revenue 2182,Revenue,Operating Revenue,CC-00182,GL-000006,USD,Credit,Income Statement,Yes,TX0,Active,2020-01-01,
GL-002183,502183,Cost of Goods Sold 2183,Expense,COGS,CC-00183,GL-000007,USD,Debit,Income Statement,Yes,TX0,Active,2020-01-01,
GL-002184,512184,Production Cost 2184,Expense,Manufacturing,CC-00184,GL-000008,USD,Debit,Income Statement,Yes,TX14,Active,2020-01-01,
GL-002185,522185,Maintenance Expense 2185,Expense,Maintenance,CC-00185,GL-000009,USD,Debit,Income Statement,Yes,TX5,Active,2020-01-01,
GL-002186,532186,Utilities Expense 2186,Expense,Utilities,CC-00186,GL-000010,USD,Debit,Income Statement,Yes,TX14,Active,2020-01-01,
GL-002187,542187,Quality Expense 2187,Expense,Quality,CC-00187,GL-000011,USD,Debit,Income Statement,Yes,EXEMPT,Active,2020-01-01,
GL-002188,552188,Warehouse Expense 2188,Expense,Warehouse,CC-00188,GL-000012,USD,Debit,Income Statement,Yes,EXEMPT,Active,2020-01-01,
GL-002189,562189,Sales Expense 2189,Expense,Sales,CC-00189,GL-000013,USD,Debit,Income Statement,Yes,TX5,Active,2020-01-01,
GL-002190,572190,Administrative Expense 2190,Expense,Administration,CC-00190,GL-000014,USD,Debit,Income Statement,Yes,TX14,Active,2020-01-01,
GL-002191,102191,Cash 2191,Asset,Current Asset,CC-00191,GL-000015,USD,Debit,Balance Sheet,Yes,EXEMPT,Active,2020-01-01,
GL-002192,112192,Accounts Receivable 2192,Asset,Current Asset,CC-00192,GL-000001,USD,Debit,Balance Sheet,Yes,TX14,Active,2020-01-01,
GL-002193,122193,Inventory 2193,Asset,Current Asset,CC-00193,GL-000002,USD,Debit,Balance Sheet,Yes,TX14,Active,2020-01-01,
GL-002194,132194,Fixed Assets 2194,Asset,Non Current Asset,CC-00194,GL-000003,USD,Debit,Balance Sheet,Yes,TX0,Active,2020-01-01,
GL-002195,202195,Accounts Payable 2195,Liability,Current Liability,CC-00195,GL-000004,USD,Credit,Balance Sheet,Yes,TX14,Active,2020-01-01,
GL-002196,302196,Equity 2196,Equity,Equity,CC-00196,GL-000005,USD,Credit,Balance Sheet,Yes,TX0,Active,2020-01-01,
GL-002197,402197,Sales Revenue 2197,Revenue,Operating Revenue,CC-00197,GL-000006,USD,Credit,Income Statement,Yes,TX5,Active,2020-01-01,
GL-002198,502198,Cost of Goods Sold 2198,Expense,COGS,CC-00198,GL-000007,USD,Debit,Income Statement,Yes,TX5,Active,2020-01-01,
GL-002199,512199,Production Cost 2199,Expense,Manufacturing,CC-00199,GL-000008,USD,Debit,Income Statement,Yes,EXEMPT,Active,2020-01-01,
GL-002200,522200,Maintenance Expense 2200,Expense,Maintenance,CC-00200,GL-000009,USD,Debit,Income Statement,Yes,TX0,Active,2020-01-01,
GL-002201,532201,Utilities Expense 2201,Expense,Utilities,CC-00201,GL-000010,USD,Debit,Income Statement,Yes,TX0,Active,2020-01-01,
GL-002202,542202,Quality Expense 2202,Expense,Quality,CC-00202,GL-000011,USD,Debit,Income Statement,Yes,EXEMPT,Active,2020-01-01,
GL-002203,552203,Warehouse Expense 2203,Expense,Warehouse,CC-00203,GL-000012,USD,Debit,Income Statement,Yes,TX0,Active,2020-01-01,
GL-002204,562204,Sales Expense 2204,Expense,Sales,CC-00204,GL-000013,USD,Debit,Income Statement,Yes,TX0,Active,2020-01-01,
GL-002205,572205,Administrative Expense 2205,Expense,Administration,CC-00205,GL-000014,USD,Debit,Income Statement,Yes,TX0,Active,2020-01-01,
GL-002206,102206,Cash 2206,Asset,Current Asset,CC-00206,GL-000015,USD,Debit,Balance Sheet,Yes,EXEMPT,Active,2020-01-01,
GL-002207,112207,Accounts Receivable 2207,Asset,Current Asset,CC-00207,GL-000001,USD,Debit,Balance Sheet,Yes,TX5,Active,2020-01-01,
GL-002208,122208,Inventory 2208,Asset,Current Asset,CC-00208,GL-000002,USD,Debit,Balance Sheet,Yes,TX5,Active,2020-01-01,
GL-002209,132209,Fixed Assets 2209,Asset,Non Current Asset,CC-00209,GL-000003,USD,Debit,Balance Sheet,Yes,EXEMPT,Active,2020-01-01,
GL-002210,202210,Accounts Payable 2210,Liability,Current Liability,CC-00210,GL-000004,USD,Credit,Balance Sheet,Yes,TX0,Active,2020-01-01,
GL-002211,302211,Equity 2211,Equity,Equity,CC-00211,GL-000005,USD,Credit,Balance Sheet,Yes,TX14,Active,2020-01-01,
GL-002212,402212,Sales Revenue 2212,Revenue,Operating Revenue,CC-00212,GL-000006,USD,Credit,Income Statement,Yes,EXEMPT,Active,2020-01-01,
GL-002213,502213,Cost of Goods Sold 2213,Expense,COGS,CC-00213,GL-000007,USD,Debit,Income Statement,Yes,TX0,Active,2020-01-01,
GL-002214,512214,Production Cost 2214,Expense,Manufacturing,CC-00214,GL-000008,USD,Debit,Income Statement,Yes,TX14,Active,2020-01-01,
GL-002215,522215,Maintenance Expense 2215,Expense,Maintenance,CC-00215,GL-000009,USD,Debit,Income Statement,Yes,EXEMPT,Active,2020-01-01,
GL-002216,532216,Utilities Expense 2216,Expense,Utilities,CC-00216,GL-000010,USD,Debit,Income Statement,Yes,TX5,Active,2020-01-01,
GL-002217,542217,Quality Expense 2217,Expense,Quality,CC-00217,GL-000011,USD,Debit,Income Statement,Yes,TX0,Active,2020-01-01,
GL-002218,552218,Warehouse Expense 2218,Expense,Warehouse,CC-00218,GL-000012,USD,Debit,Income Statement,Yes,EXEMPT,Active,2020-01-01,
GL-002219,562219,Sales Expense 2219,Expense,Sales,CC-00219,GL-000013,USD,Debit,Income Statement,Yes,EXEMPT,Active,2020-01-01,
GL-002220,572220,Administrative Expense 2220,Expense,Administration,CC-00220,GL-000014,USD,Debit,Income Statement,Yes,TX5,Active,2020-01-01,
GL-002221,102221,Cash 2221,Asset,Current Asset,CC-00221,GL-000015,USD,Debit,Balance Sheet,Yes,TX5,Active,2020-01-01,
GL-002222,112222,Accounts Receivable 2222,Asset,Current Asset,CC-00222,GL-000001,USD,Debit,Balance Sheet,Yes,TX14,Active,2020-01-01,
GL-002223,122223,Inventory 2223,Asset,Current Asset,CC-00223,GL-000002,USD,Debit,Balance Sheet,Yes,TX5,Active,2020-01-01,
GL-002224,132224,Fixed Assets 2224,Asset,Non Current Asset,CC-00224,GL-000003,USD,Debit,Balance Sheet,Yes,TX14,Active,2020-01-01,
GL-002225,202225,Accounts Payable 2225,Liability,Current Liability,CC-00225,GL-000004,USD,Credit,Balance Sheet,Yes,TX0,Active,2020-01-01,
GL-002226,302226,Equity 2226,Equity,Equity,CC-00226,GL-000005,USD,Credit,Balance Sheet,Yes,TX14,Active,2020-01-01,
GL-002227,402227,Sales Revenue 2227,Revenue,Operating Revenue,CC-00227,GL-000006,USD,Credit,Income Statement,Yes,EXEMPT,Active,2020-01-01,
GL-002228,502228,Cost of Goods Sold 2228,Expense,COGS,CC-00228,GL-000007,USD,Debit,Income Statement,Yes,TX14,Active,2020-01-01,
GL-002229,512229,Production Cost 2229,Expense,Manufacturing,CC-00229,GL-000008,USD,Debit,Income Statement,Yes,TX14,Active,2020-01-01,
GL-002230,522230,Maintenance Expense 2230,Expense,Maintenance,CC-00230,GL-000009,USD,Debit,Income Statement,Yes,TX0,Active,2020-01-01,
GL-002231,532231,Utilities Expense 2231,Expense,Utilities,CC-00231,GL-000010,USD,Debit,Income Statement,Yes,EXEMPT,Active,2020-01-01,
GL-002232,542232,Quality Expense 2232,Expense,Quality,CC-00232,GL-000011,USD,Debit,Income Statement,Yes,TX0,Active,2020-01-01,
GL-002233,552233,Warehouse Expense 2233,Expense,Warehouse,CC-00233,GL-000012,USD,Debit,Income Statement,Yes,EXEMPT,Active,2020-01-01,
GL-002234,562234,Sales Expense 2234,Expense,Sales,CC-00234,GL-000013,USD,Debit,Income Statement,Yes,TX0,Active,2020-01-01,
GL-002235,572235,Administrative Expense 2235,Expense,Administration,CC-00235,GL-000014,USD,Debit,Income Statement,Yes,TX14,Active,2020-01-01,
GL-002236,102236,Cash 2236,Asset,Current Asset,CC-00236,GL-000015,USD,Debit,Balance Sheet,Yes,EXEMPT,Active,2020-01-01,
GL-002237,112237,Accounts Receivable 2237,Asset,Current Asset,CC-00237,GL-000001,USD,Debit,Balance Sheet,Yes,TX5,Active,2020-01-01,
GL-002238,122238,Inventory 2238,Asset,Current Asset,CC-00238,GL-000002,USD,Debit,Balance Sheet,Yes,TX0,Active,2020-01-01,
GL-002239,132239,Fixed Assets 2239,Asset,Non Current Asset,CC-00239,GL-000003,USD,Debit,Balance Sheet,Yes,TX0,Active,2020-01-01,
GL-002240,202240,Accounts Payable 2240,Liability,Current Liability,CC-00240,GL-000004,USD,Credit,Balance Sheet,Yes,TX0,Active,2020-01-01,
GL-002241,302241,Equity 2241,Equity,Equity,CC-00241,GL-000005,USD,Credit,Balance Sheet,Yes,TX0,Active,2020-01-01,
GL-002242,402242,Sales Revenue 2242,Revenue,Operating Revenue,CC-00242,GL-000006,USD,Credit,Income Statement,Yes,EXEMPT,Active,2020-01-01,
GL-002243,502243,Cost of Goods Sold 2243,Expense,COGS,CC-00243,GL-000007,USD,Debit,Income Statement,Yes,EXEMPT,Active,2020-01-01,
GL-002244,512244,Production Cost 2244,Expense,Manufacturing,CC-00244,GL-000008,USD,Debit,Income Statement,Yes,TX0,Active,2020-01-01,
GL-002245,522245,Maintenance Expense 2245,Expense,Maintenance,CC-00245,GL-000009,USD,Debit,Income Statement,Yes,TX14,Active,2020-01-01,
GL-002246,532246,Utilities Expense 2246,Expense,Utilities,CC-00246,GL-000010,USD,Debit,Income Statement,Yes,TX14,Active,2020-01-01,
GL-002247,542247,Quality Expense 2247,Expense,Quality,CC-00247,GL-000011,USD,Debit,Income Statement,Yes,TX0,Active,2020-01-01,
GL-002248,552248,Warehouse Expense 2248,Expense,Warehouse,CC-00248,GL-000012,USD,Debit,Income Statement,Yes,TX5,Active,2020-01-01,
GL-002249,562249,Sales Expense 2249,Expense,Sales,CC-00249,GL-000013,USD,Debit,Income Statement,Yes,TX0,Active,2020-01-01,
GL-002250,572250,Administrative Expense 2250,Expense,Administration,CC-00250,GL-000014,USD,Debit,Income Statement,Yes,EXEMPT,Active,2020-01-01,
GL-002251,102251,Cash 2251,Asset,Current Asset,CC-00251,GL-000015,USD,Debit,Balance Sheet,Yes,EXEMPT,Active,2020-01-01,
GL-002252,112252,Accounts Receivable 2252,Asset,Current Asset,CC-00252,GL-000001,USD,Debit,Balance Sheet,Yes,EXEMPT,Active,2020-01-01,
GL-002253,122253,Inventory 2253,Asset,Current Asset,CC-00253,GL-000002,USD,Debit,Balance Sheet,Yes,TX0,Active,2020-01-01,
GL-002254,132254,Fixed Assets 2254,Asset,Non Current Asset,CC-00254,GL-000003,USD,Debit,Balance Sheet,Yes,TX14,Active,2020-01-01,
GL-002255,202255,Accounts Payable 2255,Liability,Current Liability,CC-00255,GL-000004,USD,Credit,Balance Sheet,Yes,EXEMPT,Active,2020-01-01,
GL-002256,302256,Equity 2256,Equity,Equity,CC-00256,GL-000005,USD,Credit,Balance Sheet,Yes,TX14,Active,2020-01-01,
GL-002257,402257,Sales Revenue 2257,Revenue,Operating Revenue,CC-00257,GL-000006,USD,Credit,Income Statement,Yes,TX14,Active,2020-01-01,
GL-002258,502258,Cost of Goods Sold 2258,Expense,COGS,CC-00258,GL-000007,USD,Debit,Income Statement,Yes,TX0,Active,2020-01-01,
GL-002259,512259,Production Cost 2259,Expense,Manufacturing,CC-00259,GL-000008,USD,Debit,Income Statement,Yes,TX5,Active,2020-01-01,
GL-002260,522260,Maintenance Expense 2260,Expense,Maintenance,CC-00260,GL-000009,USD,Debit,Income Statement,Yes,TX5,Active,2020-01-01,
GL-002261,532261,Utilities Expense 2261,Expense,Utilities,CC-00261,GL-000010,USD,Debit,Income Statement,Yes,TX5,Active,2020-01-01,
GL-002262,542262,Quality Expense 2262,Expense,Quality,CC-00262,GL-000011,USD,Debit,Income Statement,Yes,TX5,Active,2020-01-01,
GL-002263,552263,Warehouse Expense 2263,Expense,Warehouse,CC-00263,GL-000012,USD,Debit,Income Statement,Yes,TX5,Active,2020-01-01,
GL-002264,562264,Sales Expense 2264,Expense,Sales,CC-00264,GL-000013,USD,Debit,Income Statement,Yes,TX0,Active,2020-01-01,
GL-002265,572265,Administrative Expense 2265,Expense,Administration,CC-00265,GL-000014,USD,Debit,Income Statement,Yes,TX14,Active,2020-01-01,
GL-002266,102266,Cash 2266,Asset,Current Asset,CC-00266,GL-000015,USD,Debit,Balance Sheet,Yes,TX14,Active,2020-01-01,
GL-002267,112267,Accounts Receivable 2267,Asset,Current Asset,CC-00267,GL-000001,USD,Debit,Balance Sheet,Yes,TX5,Active,2020-01-01,
GL-002268,122268,Inventory 2268,Asset,Current Asset,CC-00268,GL-000002,USD,Debit,Balance Sheet,Yes,EXEMPT,Active,2020-01-01,
GL-002269,132269,Fixed Assets 2269,Asset,Non Current Asset,CC-00269,GL-000003,USD,Debit,Balance Sheet,Yes,TX5,Active,2020-01-01,
GL-002270,202270,Accounts Payable 2270,Liability,Current Liability,CC-00270,GL-000004,USD,Credit,Balance Sheet,Yes,TX5,Active,2020-01-01,
GL-002271,302271,Equity 2271,Equity,Equity,CC-00271,GL-000005,USD,Credit,Balance Sheet,Yes,TX5,Active,2020-01-01,
GL-002272,402272,Sales Revenue 2272,Revenue,Operating Revenue,CC-00272,GL-000006,USD,Credit,Income Statement,Yes,TX14,Active,2020-01-01,
GL-002273,502273,Cost of Goods Sold 2273,Expense,COGS,CC-00273,GL-000007,USD,Debit,Income Statement,Yes,TX0,Active,2020-01-01,
GL-002274,512274,Production Cost 2274,Expense,Manufacturing,CC-00274,GL-000008,USD,Debit,Income Statement,Yes,EXEMPT,Active,2020-01-01,
GL-002275,522275,Maintenance Expense 2275,Expense,Maintenance,CC-00275,GL-000009,USD,Debit,Income Statement,Yes,EXEMPT,Active,2020-01-01,
GL-002276,532276,Utilities Expense 2276,Expense,Utilities,CC-00276,GL-000010,USD,Debit,Income Statement,Yes,TX14,Active,2020-01-01,
GL-002277,542277,Quality Expense 2277,Expense,Quality,CC-00277,GL-000011,USD,Debit,Income Statement,Yes,TX5,Active,2020-01-01,
GL-002278,552278,Warehouse Expense 2278,Expense,Warehouse,CC-00278,GL-000012,USD,Debit,Income Statement,Yes,TX14,Active,2020-01-01,
GL-002279,562279,Sales Expense 2279,Expense,Sales,CC-00279,GL-000013,USD,Debit,Income Statement,Yes,TX0,Active,2020-01-01,
GL-002280,572280,Administrative Expense 2280,Expense,Administration,CC-00280,GL-000014,USD,Debit,Income Statement,Yes,TX14,Active,2020-01-01,
GL-002281,102281,Cash 2281,Asset,Current Asset,CC-00281,GL-000015,USD,Debit,Balance Sheet,Yes,TX0,Active,2020-01-01,
GL-002282,112282,Accounts Receivable 2282,Asset,Current Asset,CC-00282,GL-000001,USD,Debit,Balance Sheet,Yes,TX5,Active,2020-01-01,
GL-002283,122283,Inventory 2283,Asset,Current Asset,CC-00283,GL-000002,USD,Debit,Balance Sheet,Yes,TX14,Active,2020-01-01,
GL-002284,132284,Fixed Assets 2284,Asset,Non Current Asset,CC-00284,GL-000003,USD,Debit,Balance Sheet,Yes,TX0,Active,2020-01-01,
GL-002285,202285,Accounts Payable 2285,Liability,Current Liability,CC-00285,GL-000004,USD,Credit,Balance Sheet,Yes,TX0,Active,2020-01-01,
GL-002286,302286,Equity 2286,Equity,Equity,CC-00286,GL-000005,USD,Credit,Balance Sheet,Yes,TX14,Active,2020-01-01,
GL-002287,402287,Sales Revenue 2287,Revenue,Operating Revenue,CC-00287,GL-000006,USD,Credit,Income Statement,Yes,EXEMPT,Active,2020-01-01,
GL-002288,502288,Cost of Goods Sold 2288,Expense,COGS,CC-00288,GL-000007,USD,Debit,Income Statement,Yes,TX5,Active,2020-01-01,
GL-002289,512289,Production Cost 2289,Expense,Manufacturing,CC-00289,GL-000008,USD,Debit,Income Statement,Yes,TX0,Active,2020-01-01,
GL-002290,522290,Maintenance Expense 2290,Expense,Maintenance,CC-00290,GL-000009,USD,Debit,Income Statement,Yes,TX5,Active,2020-01-01,
GL-002291,532291,Utilities Expense 2291,Expense,Utilities,CC-00291,GL-000010,USD,Debit,Income Statement,Yes,TX0,Active,2020-01-01,
GL-002292,542292,Quality Expense 2292,Expense,Quality,CC-00292,GL-000011,USD,Debit,Income Statement,Yes,TX14,Active,2020-01-01,
GL-002293,552293,Warehouse Expense 2293,Expense,Warehouse,CC-00293,GL-000012,USD,Debit,Income Statement,Yes,EXEMPT,Active,2020-01-01,
GL-002294,562294,Sales Expense 2294,Expense,Sales,CC-00294,GL-000013,USD,Debit,Income Statement,Yes,EXEMPT,Active,2020-01-01,
GL-002295,572295,Administrative Expense 2295,Expense,Administration,CC-00295,GL-000014,USD,Debit,Income Statement,Yes,TX14,Active,2020-01-01,
GL-002296,102296,Cash 2296,Asset,Current Asset,CC-00296,GL-000015,USD,Debit,Balance Sheet,Yes,TX5,Active,2020-01-01,
GL-002297,112297,Accounts Receivable 2297,Asset,Current Asset,CC-00297,GL-000001,USD,Debit,Balance Sheet,Yes,TX14,Active,2020-01-01,
GL-002298,122298,Inventory 2298,Asset,Current Asset,CC-00298,GL-000002,USD,Debit,Balance Sheet,Yes,EXEMPT,Active,2020-01-01,
GL-002299,132299,Fixed Assets 2299,Asset,Non Current Asset,CC-00299,GL-000003,USD,Debit,Balance Sheet,Yes,TX5,Active,2020-01-01,
GL-002300,202300,Accounts Payable 2300,Liability,Current Liability,CC-00300,GL-000004,USD,Credit,Balance Sheet,Yes,TX0,Active,2020-01-01,
GL-002301,302301,Equity 2301,Equity,Equity,CC-00301,GL-000005,USD,Credit,Balance Sheet,Yes,TX14,Active,2020-01-01,
GL-002302,402302,Sales Revenue 2302,Revenue,Operating Revenue,CC-00302,GL-000006,USD,Credit,Income Statement,Yes,TX14,Active,2020-01-01,
GL-002303,502303,Cost of Goods Sold 2303,Expense,COGS,CC-00303,GL-000007,USD,Debit,Income Statement,Yes,TX14,Active,2020-01-01,
GL-002304,512304,Production Cost 2304,Expense,Manufacturing,CC-00304,GL-000008,USD,Debit,Income Statement,Yes,TX14,Active,2020-01-01,
GL-002305,522305,Maintenance Expense 2305,Expense,Maintenance,CC-00305,GL-000009,USD,Debit,Income Statement,Yes,TX14,Active,2020-01-01,
GL-002306,532306,Utilities Expense 2306,Expense,Utilities,CC-00306,GL-000010,USD,Debit,Income Statement,Yes,TX14,Active,2020-01-01,
GL-002307,542307,Quality Expense 2307,Expense,Quality,CC-00307,GL-000011,USD,Debit,Income Statement,Yes,EXEMPT,Active,2020-01-01,
GL-002308,552308,Warehouse Expense 2308,Expense,Warehouse,CC-00308,GL-000012,USD,Debit,Income Statement,Yes,TX0,Active,2020-01-01,
GL-002309,562309,Sales Expense 2309,Expense,Sales,CC-00309,GL-000013,USD,Debit,Income Statement,Yes,EXEMPT,Active,2020-01-01,
GL-002310,572310,Administrative Expense 2310,Expense,Administration,CC-00310,GL-000014,USD,Debit,Income Statement,Yes,TX0,Active,2020-01-01,
GL-002311,102311,Cash 2311,Asset,Current Asset,CC-00311,GL-000015,USD,Debit,Balance Sheet,Yes,TX5,Active,2020-01-01,
GL-002312,112312,Accounts Receivable 2312,Asset,Current Asset,CC-00312,GL-000001,USD,Debit,Balance Sheet,Yes,TX0,Active,2020-01-01,
GL-002313,122313,Inventory 2313,Asset,Current Asset,CC-00313,GL-000002,USD,Debit,Balance Sheet,Yes,TX14,Active,2020-01-01,
GL-002314,132314,Fixed Assets 2314,Asset,Non Current Asset,CC-00314,GL-000003,USD,Debit,Balance Sheet,Yes,TX0,Active,2020-01-01,
GL-002315,202315,Accounts Payable 2315,Liability,Current Liability,CC-00315,GL-000004,USD,Credit,Balance Sheet,Yes,TX5,Active,2020-01-01,
GL-002316,302316,Equity 2316,Equity,Equity,CC-00316,GL-000005,USD,Credit,Balance Sheet,Yes,EXEMPT,Active,2020-01-01,
GL-002317,402317,Sales Revenue 2317,Revenue,Operating Revenue,CC-00317,GL-000006,USD,Credit,Income Statement,Yes,TX5,Active,2020-01-01,
GL-002318,502318,Cost of Goods Sold 2318,Expense,COGS,CC-00318,GL-000007,USD,Debit,Income Statement,Yes,TX5,Active,2020-01-01,
GL-002319,512319,Production Cost 2319,Expense,Manufacturing,CC-00319,GL-000008,USD,Debit,Income Statement,Yes,TX14,Active,2020-01-01,
GL-002320,522320,Maintenance Expense 2320,Expense,Maintenance,CC-00320,GL-000009,USD,Debit,Income Statement,Yes,TX0,Active,2020-01-01,
GL-002321,532321,Utilities Expense 2321,Expense,Utilities,CC-00321,GL-000010,USD,Debit,Income Statement,Yes,TX0,Active,2020-01-01,
GL-002322,542322,Quality Expense 2322,Expense,Quality,CC-00322,GL-000011,USD,Debit,Income Statement,Yes,EXEMPT,Active,2020-01-01,
GL-002323,552323,Warehouse Expense 2323,Expense,Warehouse,CC-00323,GL-000012,USD,Debit,Income Statement,Yes,EXEMPT,Active,2020-01-01,
GL-002324,562324,Sales Expense 2324,Expense,Sales,CC-00324,GL-000013,USD,Debit,Income Statement,Yes,TX14,Active,2020-01-01,
GL-002325,572325,Administrative Expense 2325,Expense,Administration,CC-00325,GL-000014,USD,Debit,Income Statement,Yes,TX5,Active,2020-01-01,
GL-002326,102326,Cash 2326,Asset,Current Asset,CC-00326,GL-000015,USD,Debit,Balance Sheet,Yes,TX5,Active,2020-01-01,
GL-002327,112327,Accounts Receivable 2327,Asset,Current Asset,CC-00327,GL-000001,USD,Debit,Balance Sheet,Yes,TX5,Active,2020-01-01,
GL-002328,122328,Inventory 2328,Asset,Current Asset,CC-00328,GL-000002,USD,Debit,Balance Sheet,Yes,EXEMPT,Active,2020-01-01,
GL-002329,132329,Fixed Assets 2329,Asset,Non Current Asset,CC-00329,GL-000003,USD,Debit,Balance Sheet,Yes,TX14,Active,2020-01-01,
GL-002330,202330,Accounts Payable 2330,Liability,Current Liability,CC-00330,GL-000004,USD,Credit,Balance Sheet,Yes,EXEMPT,Active,2020-01-01,
GL-002331,302331,Equity 2331,Equity,Equity,CC-00331,GL-000005,USD,Credit,Balance Sheet,Yes,TX14,Active,2020-01-01,
GL-002332,402332,Sales Revenue 2332,Revenue,Operating Revenue,CC-00332,GL-000006,USD,Credit,Income Statement,Yes,TX14,Active,2020-01-01,
GL-002333,502333,Cost of Goods Sold 2333,Expense,COGS,CC-00333,GL-000007,USD,Debit,Income Statement,Yes,TX0,Active,2020-01-01,
GL-002334,512334,Production Cost 2334,Expense,Manufacturing,CC-00334,GL-000008,USD,Debit,Income Statement,Yes,TX14,Active,2020-01-01,
GL-002335,522335,Maintenance Expense 2335,Expense,Maintenance,CC-00335,GL-000009,USD,Debit,Income Statement,Yes,TX14,Active,2020-01-01,
GL-002336,532336,Utilities Expense 2336,Expense,Utilities,CC-00336,GL-000010,USD,Debit,Income Statement,Yes,TX0,Active,2020-01-01,
GL-002337,542337,Quality Expense 2337,Expense,Quality,CC-00337,GL-000011,USD,Debit,Income Statement,Yes,TX0,Active,2020-01-01,
GL-002338,552338,Warehouse Expense 2338,Expense,Warehouse,CC-00338,GL-000012,USD,Debit,Income Statement,Yes,TX0,Active,2020-01-01,
GL-002339,562339,Sales Expense 2339,Expense,Sales,CC-00339,GL-000013,USD,Debit,Income Statement,Yes,TX0,Active,2020-01-01,
GL-002340,572340,Administrative Expense 2340,Expense,Administration,CC-00340,GL-000014,USD,Debit,Income Statement,Yes,TX0,Active,2020-01-01,
GL-002341,102341,Cash 2341,Asset,Current Asset,CC-00341,GL-000015,USD,Debit,Balance Sheet,Yes,TX14,Active,2020-01-01,
GL-002342,112342,Accounts Receivable 2342,Asset,Current Asset,CC-00342,GL-000001,USD,Debit,Balance Sheet,Yes,EXEMPT,Active,2020-01-01,
GL-002343,122343,Inventory 2343,Asset,Current Asset,CC-00343,GL-000002,USD,Debit,Balance Sheet,Yes,TX14,Active,2020-01-01,
GL-002344,132344,Fixed Assets 2344,Asset,Non Current Asset,CC-00344,GL-000003,USD,Debit,Balance Sheet,Yes,TX0,Active,2020-01-01,
GL-002345,202345,Accounts Payable 2345,Liability,Current Liability,CC-00345,GL-000004,USD,Credit,Balance Sheet,Yes,TX5,Active,2020-01-01,
GL-002346,302346,Equity 2346,Equity,Equity,CC-00346,GL-000005,USD,Credit,Balance Sheet,Yes,TX0,Active,2020-01-01,
GL-002347,402347,Sales Revenue 2347,Revenue,Operating Revenue,CC-00347,GL-000006,USD,Credit,Income Statement,Yes,TX5,Active,2020-01-01,
GL-002348,502348,Cost of Goods Sold 2348,Expense,COGS,CC-00348,GL-000007,USD,Debit,Income Statement,Yes,EXEMPT,Active,2020-01-01,
GL-002349,512349,Production Cost 2349,Expense,Manufacturing,CC-00349,GL-000008,USD,Debit,Income Statement,Yes,TX14,Active,2020-01-01,
GL-002350,522350,Maintenance Expense 2350,Expense,Maintenance,CC-00350,GL-000009,USD,Debit,Income Statement,Yes,TX14,Active,2020-01-01,
GL-002351,532351,Utilities Expense 2351,Expense,Utilities,CC-00351,GL-000010,USD,Debit,Income Statement,Yes,TX5,Active,2020-01-01,
GL-002352,542352,Quality Expense 2352,Expense,Quality,CC-00352,GL-000011,USD,Debit,Income Statement,Yes,TX5,Active,2020-01-01,
GL-002353,552353,Warehouse Expense 2353,Expense,Warehouse,CC-00353,GL-000012,USD,Debit,Income Statement,Yes,EXEMPT,Active,2020-01-01,
GL-002354,562354,Sales Expense 2354,Expense,Sales,CC-00354,GL-000013,USD,Debit,Income Statement,Yes,EXEMPT,Active,2020-01-01,
GL-002355,572355,Administrative Expense 2355,Expense,Administration,CC-00355,GL-000014,USD,Debit,Income Statement,Yes,TX5,Active,2020-01-01,
GL-002356,102356,Cash 2356,Asset,Current Asset,CC-00356,GL-000015,USD,Debit,Balance Sheet,Yes,TX14,Active,2020-01-01,
GL-002357,112357,Accounts Receivable 2357,Asset,Current Asset,CC-00357,GL-000001,USD,Debit,Balance Sheet,Yes,TX5,Active,2020-01-01,
GL-002358,122358,Inventory 2358,Asset,Current Asset,CC-00358,GL-000002,USD,Debit,Balance Sheet,Yes,TX14,Active,2020-01-01,
GL-002359,132359,Fixed Assets 2359,Asset,Non Current Asset,CC-00359,GL-000003,USD,Debit,Balance Sheet,Yes,TX14,Active,2020-01-01,
GL-002360,202360,Accounts Payable 2360,Liability,Current Liability,CC-00360,GL-000004,USD,Credit,Balance Sheet,Yes,TX14,Active,2020-01-01,
GL-002361,302361,Equity 2361,Equity,Equity,CC-00361,GL-000005,USD,Credit,Balance Sheet,Yes,TX5,Active,2020-01-01,
GL-002362,402362,Sales Revenue 2362,Revenue,Operating Revenue,CC-00362,GL-000006,USD,Credit,Income Statement,Yes,TX5,Active,2020-01-01,
GL-002363,502363,Cost of Goods Sold 2363,Expense,COGS,CC-00363,GL-000007,USD,Debit,Income Statement,Yes,EXEMPT,Active,2020-01-01,
GL-002364,512364,Production Cost 2364,Expense,Manufacturing,CC-00364,GL-000008,USD,Debit,Income Statement,Yes,TX14,Active,2020-01-01,
GL-002365,522365,Maintenance Expense 2365,Expense,Maintenance,CC-00365,GL-000009,USD,Debit,Income Statement,Yes,TX0,Active,2020-01-01,
GL-002366,532366,Utilities Expense 2366,Expense,Utilities,CC-00366,GL-000010,USD,Debit,Income Statement,Yes,TX0,Active,2020-01-01,
GL-002367,542367,Quality Expense 2367,Expense,Quality,CC-00367,GL-000011,USD,Debit,Income Statement,Yes,TX5,Active,2020-01-01,
GL-002368,552368,Warehouse Expense 2368,Expense,Warehouse,CC-00368,GL-000012,USD,Debit,Income Statement,Yes,TX0,Active,2020-01-01,
GL-002369,562369,Sales Expense 2369,Expense,Sales,CC-00369,GL-000013,USD,Debit,Income Statement,Yes,EXEMPT,Active,2020-01-01,
GL-002370,572370,Administrative Expense 2370,Expense,Administration,CC-00370,GL-000014,USD,Debit,Income Statement,Yes,EXEMPT,Active,2020-01-01,
GL-002371,102371,Cash 2371,Asset,Current Asset,CC-00371,GL-000015,USD,Debit,Balance Sheet,Yes,EXEMPT,Active,2020-01-01,
GL-002372,112372,Accounts Receivable 2372,Asset,Current Asset,CC-00372,GL-000001,USD,Debit,Balance Sheet,Yes,EXEMPT,Active,2020-01-01,
GL-002373,122373,Inventory 2373,Asset,Current Asset,CC-00373,GL-000002,USD,Debit,Balance Sheet,Yes,TX14,Active,2020-01-01,
GL-002374,132374,Fixed Assets 2374,Asset,Non Current Asset,CC-00374,GL-000003,USD,Debit,Balance Sheet,Yes,TX5,Active,2020-01-01,
GL-002375,202375,Accounts Payable 2375,Liability,Current Liability,CC-00375,GL-000004,USD,Credit,Balance Sheet,Yes,TX14,Active,2020-01-01,
GL-002376,302376,Equity 2376,Equity,Equity,CC-00376,GL-000005,USD,Credit,Balance Sheet,Yes,TX14,Active,2020-01-01,
GL-002377,402377,Sales Revenue 2377,Revenue,Operating Revenue,CC-00377,GL-000006,USD,Credit,Income Statement,Yes,TX5,Active,2020-01-01,
GL-002378,502378,Cost of Goods Sold 2378,Expense,COGS,CC-00378,GL-000007,USD,Debit,Income Statement,Yes,EXEMPT,Active,2020-01-01,
GL-002379,512379,Production Cost 2379,Expense,Manufacturing,CC-00379,GL-000008,USD,Debit,Income Statement,Yes,TX0,Active,2020-01-01,
GL-002380,522380,Maintenance Expense 2380,Expense,Maintenance,CC-00380,GL-000009,USD,Debit,Income Statement,Yes,TX5,Active,2020-01-01,
GL-002381,532381,Utilities Expense 2381,Expense,Utilities,CC-00381,GL-000010,USD,Debit,Income Statement,Yes,EXEMPT,Active,2020-01-01,
GL-002382,542382,Quality Expense 2382,Expense,Quality,CC-00382,GL-000011,USD,Debit,Income Statement,Yes,TX14,Active,2020-01-01,
GL-002383,552383,Warehouse Expense 2383,Expense,Warehouse,CC-00383,GL-000012,USD,Debit,Income Statement,Yes,TX5,Active,2020-01-01,
GL-002384,562384,Sales Expense 2384,Expense,Sales,CC-00384,GL-000013,USD,Debit,Income Statement,Yes,TX14,Active,2020-01-01,
GL-002385,572385,Administrative Expense 2385,Expense,Administration,CC-00385,GL-000014,USD,Debit,Income Statement,Yes,TX5,Active,2020-01-01,
GL-002386,102386,Cash 2386,Asset,Current Asset,CC-00386,GL-000015,USD,Debit,Balance Sheet,Yes,TX14,Active,2020-01-01,
GL-002387,112387,Accounts Receivable 2387,Asset,Current Asset,CC-00387,GL-000001,USD,Debit,Balance Sheet,Yes,TX5,Active,2020-01-01,
GL-002388,122388,Inventory 2388,Asset,Current Asset,CC-00388,GL-000002,USD,Debit,Balance Sheet,Yes,TX0,Active,2020-01-01,
GL-002389,132389,Fixed Assets 2389,Asset,Non Current Asset,CC-00389,GL-000003,USD,Debit,Balance Sheet,Yes,TX0,Active,2020-01-01,
GL-002390,202390,Accounts Payable 2390,Liability,Current Liability,CC-00390,GL-000004,USD,Credit,Balance Sheet,Yes,TX14,Active,2020-01-01,
GL-002391,302391,Equity 2391,Equity,Equity,CC-00391,GL-000005,USD,Credit,Balance Sheet,Yes,TX5,Active,2020-01-01,
GL-002392,402392,Sales Revenue 2392,Revenue,Operating Revenue,CC-00392,GL-000006,USD,Credit,Income Statement,Yes,EXEMPT,Active,2020-01-01,
GL-002393,502393,Cost of Goods Sold 2393,Expense,COGS,CC-00393,GL-000007,USD,Debit,Income Statement,Yes,TX14,Active,2020-01-01,
GL-002394,512394,Production Cost 2394,Expense,Manufacturing,CC-00394,GL-000008,USD,Debit,Income Statement,Yes,EXEMPT,Active,2020-01-01,
GL-002395,522395,Maintenance Expense 2395,Expense,Maintenance,CC-00395,GL-000009,USD,Debit,Income Statement,Yes,TX5,Active,2020-01-01,
GL-002396,532396,Utilities Expense 2396,Expense,Utilities,CC-00396,GL-000010,USD,Debit,Income Statement,Yes,EXEMPT,Active,2020-01-01,
GL-002397,542397,Quality Expense 2397,Expense,Quality,CC-00397,GL-000011,USD,Debit,Income Statement,Yes,EXEMPT,Active,2020-01-01,
GL-002398,552398,Warehouse Expense 2398,Expense,Warehouse,CC-00398,GL-000012,USD,Debit,Income Statement,Yes,TX5,Active,2020-01-01,
GL-002399,562399,Sales Expense 2399,Expense,Sales,CC-00399,GL-000013,USD,Debit,Income Statement,Yes,TX0,Active,2020-01-01,
GL-002400,572400,Administrative Expense 2400,Expense,Administration,CC-00400,GL-000014,USD,Debit,Income Statement,Yes,TX14,Active,2020-01-01,
GL-002401,102401,Cash 2401,Asset,Current Asset,CC-00401,GL-000015,USD,Debit,Balance Sheet,Yes,TX0,Active,2020-01-01,
GL-002402,112402,Accounts Receivable 2402,Asset,Current Asset,CC-00402,GL-000001,USD,Debit,Balance Sheet,Yes,TX0,Active,2020-01-01,
GL-002403,122403,Inventory 2403,Asset,Current Asset,CC-00403,GL-000002,USD,Debit,Balance Sheet,Yes,TX0,Active,2020-01-01,
GL-002404,132404,Fixed Assets 2404,Asset,Non Current Asset,CC-00404,GL-000003,USD,Debit,Balance Sheet,Yes,EXEMPT,Active,2020-01-01,
GL-002405,202405,Accounts Payable 2405,Liability,Current Liability,CC-00405,GL-000004,USD,Credit,Balance Sheet,Yes,TX14,Active,2020-01-01,
GL-002406,302406,Equity 2406,Equity,Equity,CC-00406,GL-000005,USD,Credit,Balance Sheet,Yes,TX5,Active,2020-01-01,
GL-002407,402407,Sales Revenue 2407,Revenue,Operating Revenue,CC-00407,GL-000006,USD,Credit,Income Statement,Yes,TX5,Active,2020-01-01,
GL-002408,502408,Cost of Goods Sold 2408,Expense,COGS,CC-00408,GL-000007,USD,Debit,Income Statement,Yes,TX5,Active,2020-01-01,
GL-002409,512409,Production Cost 2409,Expense,Manufacturing,CC-00409,GL-000008,USD,Debit,Income Statement,Yes,TX0,Active,2020-01-01,
GL-002410,522410,Maintenance Expense 2410,Expense,Maintenance,CC-00410,GL-000009,USD,Debit,Income Statement,Yes,EXEMPT,Active,2020-01-01,
GL-002411,532411,Utilities Expense 2411,Expense,Utilities,CC-00411,GL-000010,USD,Debit,Income Statement,Yes,TX14,Active,2020-01-01,
GL-002412,542412,Quality Expense 2412,Expense,Quality,CC-00412,GL-000011,USD,Debit,Income Statement,Yes,EXEMPT,Active,2020-01-01,
GL-002413,552413,Warehouse Expense 2413,Expense,Warehouse,CC-00413,GL-000012,USD,Debit,Income Statement,Yes,TX5,Active,2020-01-01,
GL-002414,562414,Sales Expense 2414,Expense,Sales,CC-00414,GL-000013,USD,Debit,Income Statement,Yes,TX5,Active,2020-01-01,
GL-002415,572415,Administrative Expense 2415,Expense,Administration,CC-00415,GL-000014,USD,Debit,Income Statement,Yes,TX0,Active,2020-01-01,
GL-002416,102416,Cash 2416,Asset,Current Asset,CC-00416,GL-000015,USD,Debit,Balance Sheet,Yes,EXEMPT,Active,2020-01-01,
GL-002417,112417,Accounts Receivable 2417,Asset,Current Asset,CC-00417,GL-000001,USD,Debit,Balance Sheet,Yes,TX5,Active,2020-01-01,
GL-002418,122418,Inventory 2418,Asset,Current Asset,CC-00418,GL-000002,USD,Debit,Balance Sheet,Yes,TX0,Active,2020-01-01,
GL-002419,132419,Fixed Assets 2419,Asset,Non Current Asset,CC-00419,GL-000003,USD,Debit,Balance Sheet,Yes,TX0,Active,2020-01-01,
GL-002420,202420,Accounts Payable 2420,Liability,Current Liability,CC-00420,GL-000004,USD,Credit,Balance Sheet,Yes,TX5,Active,2020-01-01,
GL-002421,302421,Equity 2421,Equity,Equity,CC-00421,GL-000005,USD,Credit,Balance Sheet,Yes,TX0,Active,2020-01-01,
GL-002422,402422,Sales Revenue 2422,Revenue,Operating Revenue,CC-00422,GL-000006,USD,Credit,Income Statement,Yes,EXEMPT,Active,2020-01-01,
GL-002423,502423,Cost of Goods Sold 2423,Expense,COGS,CC-00423,GL-000007,USD,Debit,Income Statement,Yes,EXEMPT,Active,2020-01-01,
GL-002424,512424,Production Cost 2424,Expense,Manufacturing,CC-00424,GL-000008,USD,Debit,Income Statement,Yes,TX14,Active,2020-01-01,
GL-002425,522425,Maintenance Expense 2425,Expense,Maintenance,CC-00425,GL-000009,USD,Debit,Income Statement,Yes,TX14,Active,2020-01-01,
GL-002426,532426,Utilities Expense 2426,Expense,Utilities,CC-00426,GL-000010,USD,Debit,Income Statement,Yes,EXEMPT,Active,2020-01-01,
GL-002427,542427,Quality Expense 2427,Expense,Quality,CC-00427,GL-000011,USD,Debit,Income Statement,Yes,EXEMPT,Active,2020-01-01,
GL-002428,552428,Warehouse Expense 2428,Expense,Warehouse,CC-00428,GL-000012,USD,Debit,Income Statement,Yes,TX0,Active,2020-01-01,
GL-002429,562429,Sales Expense 2429,Expense,Sales,CC-00429,GL-000013,USD,Debit,Income Statement,Yes,TX14,Active,2020-01-01,
GL-002430,572430,Administrative Expense 2430,Expense,Administration,CC-00430,GL-000014,USD,Debit,Income Statement,Yes,EXEMPT,Active,2020-01-01,
GL-002431,102431,Cash 2431,Asset,Current Asset,CC-00431,GL-000015,USD,Debit,Balance Sheet,Yes,EXEMPT,Active,2020-01-01,
GL-002432,112432,Accounts Receivable 2432,Asset,Current Asset,CC-00432,GL-000001,USD,Debit,Balance Sheet,Yes,EXEMPT,Active,2020-01-01,
GL-002433,122433,Inventory 2433,Asset,Current Asset,CC-00433,GL-000002,USD,Debit,Balance Sheet,Yes,TX5,Active,2020-01-01,
GL-002434,132434,Fixed Assets 2434,Asset,Non Current Asset,CC-00434,GL-000003,USD,Debit,Balance Sheet,Yes,TX14,Active,2020-01-01,
GL-002435,202435,Accounts Payable 2435,Liability,Current Liability,CC-00435,GL-000004,USD,Credit,Balance Sheet,Yes,EXEMPT,Active,2020-01-01,
GL-002436,302436,Equity 2436,Equity,Equity,CC-00436,GL-000005,USD,Credit,Balance Sheet,Yes,TX0,Active,2020-01-01,
GL-002437,402437,Sales Revenue 2437,Revenue,Operating Revenue,CC-00437,GL-000006,USD,Credit,Income Statement,Yes,TX14,Active,2020-01-01,
GL-002438,502438,Cost of Goods Sold 2438,Expense,COGS,CC-00438,GL-000007,USD,Debit,Income Statement,Yes,EXEMPT,Active,2020-01-01,
GL-002439,512439,Production Cost 2439,Expense,Manufacturing,CC-00439,GL-000008,USD,Debit,Income Statement,Yes,TX14,Active,2020-01-01,
GL-002440,522440,Maintenance Expense 2440,Expense,Maintenance,CC-00440,GL-000009,USD,Debit,Income Statement,Yes,EXEMPT,Active,2020-01-01,
GL-002441,532441,Utilities Expense 2441,Expense,Utilities,CC-00441,GL-000010,USD,Debit,Income Statement,Yes,TX0,Active,2020-01-01,
GL-002442,542442,Quality Expense 2442,Expense,Quality,CC-00442,GL-000011,USD,Debit,Income Statement,Yes,TX5,Active,2020-01-01,
GL-002443,552443,Warehouse Expense 2443,Expense,Warehouse,CC-00443,GL-000012,USD,Debit,Income Statement,Yes,TX14,Active,2020-01-01,
GL-002444,562444,Sales Expense 2444,Expense,Sales,CC-00444,GL-000013,USD,Debit,Income Statement,Yes,TX5,Active,2020-01-01,
GL-002445,572445,Administrative Expense 2445,Expense,Administration,CC-00445,GL-000014,USD,Debit,Income Statement,Yes,TX0,Active,2020-01-01,
GL-002446,102446,Cash 2446,Asset,Current Asset,CC-00446,GL-000015,USD,Debit,Balance Sheet,Yes,TX5,Active,2020-01-01,
GL-002447,112447,Accounts Receivable 2447,Asset,Current Asset,CC-00447,GL-000001,USD,Debit,Balance Sheet,Yes,TX0,Active,2020-01-01,
GL-002448,122448,Inventory 2448,Asset,Current Asset,CC-00448,GL-000002,USD,Debit,Balance Sheet,Yes,EXEMPT,Active,2020-01-01,
GL-002449,132449,Fixed Assets 2449,Asset,Non Current Asset,CC-00449,GL-000003,USD,Debit,Balance Sheet,Yes,TX14,Active,2020-01-01,
GL-002450,202450,Accounts Payable 2450,Liability,Current Liability,CC-00450,GL-000004,USD,Credit,Balance Sheet,Yes,TX5,Active,2020-01-01,
GL-002451,302451,Equity 2451,Equity,Equity,CC-00451,GL-000005,USD,Credit,Balance Sheet,Yes,TX5,Active,2020-01-01,
GL-002452,402452,Sales Revenue 2452,Revenue,Operating Revenue,CC-00452,GL-000006,USD,Credit,Income Statement,Yes,EXEMPT,Active,2020-01-01,
GL-002453,502453,Cost of Goods Sold 2453,Expense,COGS,CC-00453,GL-000007,USD,Debit,Income Statement,Yes,TX14,Active,2020-01-01,
GL-002454,512454,Production Cost 2454,Expense,Manufacturing,CC-00454,GL-000008,USD,Debit,Income Statement,Yes,TX0,Active,2020-01-01,
GL-002455,522455,Maintenance Expense 2455,Expense,Maintenance,CC-00455,GL-000009,USD,Debit,Income Statement,Yes,EXEMPT,Active,2020-01-01,
GL-002456,532456,Utilities Expense 2456,Expense,Utilities,CC-00456,GL-000010,USD,Debit,Income Statement,Yes,TX0,Active,2020-01-01,
GL-002457,542457,Quality Expense 2457,Expense,Quality,CC-00457,GL-000011,USD,Debit,Income Statement,Yes,TX14,Active,2020-01-01,
GL-002458,552458,Warehouse Expense 2458,Expense,Warehouse,CC-00458,GL-000012,USD,Debit,Income Statement,Yes,TX0,Active,2020-01-01,
GL-002459,562459,Sales Expense 2459,Expense,Sales,CC-00459,GL-000013,USD,Debit,Income Statement,Yes,TX14,Active,2020-01-01,
GL-002460,572460,Administrative Expense 2460,Expense,Administration,CC-00460,GL-000014,USD,Debit,Income Statement,Yes,EXEMPT,Active,2020-01-01,
GL-002461,102461,Cash 2461,Asset,Current Asset,CC-00461,GL-000015,USD,Debit,Balance Sheet,Yes,TX0,Active,2020-01-01,
GL-002462,112462,Accounts Receivable 2462,Asset,Current Asset,CC-00462,GL-000001,USD,Debit,Balance Sheet,Yes,TX0,Active,2020-01-01,
GL-002463,122463,Inventory 2463,Asset,Current Asset,CC-00463,GL-000002,USD,Debit,Balance Sheet,Yes,TX14,Active,2020-01-01,
GL-002464,132464,Fixed Assets 2464,Asset,Non Current Asset,CC-00464,GL-000003,USD,Debit,Balance Sheet,Yes,TX5,Active,2020-01-01,
GL-002465,202465,Accounts Payable 2465,Liability,Current Liability,CC-00465,GL-000004,USD,Credit,Balance Sheet,Yes,TX14,Active,2020-01-01,
GL-002466,302466,Equity 2466,Equity,Equity,CC-00466,GL-000005,USD,Credit,Balance Sheet,Yes,TX14,Active,2020-01-01,
GL-002467,402467,Sales Revenue 2467,Revenue,Operating Revenue,CC-00467,GL-000006,USD,Credit,Income Statement,Yes,TX0,Active,2020-01-01,
GL-002468,502468,Cost of Goods Sold 2468,Expense,COGS,CC-00468,GL-000007,USD,Debit,Income Statement,Yes,EXEMPT,Active,2020-01-01,
GL-002469,512469,Production Cost 2469,Expense,Manufacturing,CC-00469,GL-000008,USD,Debit,Income Statement,Yes,TX0,Active,2020-01-01,
GL-002470,522470,Maintenance Expense 2470,Expense,Maintenance,CC-00470,GL-000009,USD,Debit,Income Statement,Yes,TX0,Active,2020-01-01,
GL-002471,532471,Utilities Expense 2471,Expense,Utilities,CC-00471,GL-000010,USD,Debit,Income Statement,Yes,TX0,Active,2020-01-01,
GL-002472,542472,Quality Expense 2472,Expense,Quality,CC-00472,GL-000011,USD,Debit,Income Statement,Yes,TX5,Active,2020-01-01,
GL-002473,552473,Warehouse Expense 2473,Expense,Warehouse,CC-00473,GL-000012,USD,Debit,Income Statement,Yes,TX5,Active,2020-01-01,
GL-002474,562474,Sales Expense 2474,Expense,Sales,CC-00474,GL-000013,USD,Debit,Income Statement,Yes,TX0,Active,2020-01-01,
GL-002475,572475,Administrative Expense 2475,Expense,Administration,CC-00475,GL-000014,USD,Debit,Income Statement,Yes,TX5,Active,2020-01-01,
GL-002476,102476,Cash 2476,Asset,Current Asset,CC-00476,GL-000015,USD,Debit,Balance Sheet,Yes,TX14,Active,2020-01-01,
GL-002477,112477,Accounts Receivable 2477,Asset,Current Asset,CC-00477,GL-000001,USD,Debit,Balance Sheet,Yes,TX5,Active,2020-01-01,
GL-002478,122478,Inventory 2478,Asset,Current Asset,CC-00478,GL-000002,USD,Debit,Balance Sheet,Yes,TX5,Active,2020-01-01,
GL-002479,132479,Fixed Assets 2479,Asset,Non Current Asset,CC-00479,GL-000003,USD,Debit,Balance Sheet,Yes,TX14,Active,2020-01-01,
GL-002480,202480,Accounts Payable 2480,Liability,Current Liability,CC-00480,GL-000004,USD,Credit,Balance Sheet,Yes,EXEMPT,Active,2020-01-01,
GL-002481,302481,Equity 2481,Equity,Equity,CC-00481,GL-000005,USD,Credit,Balance Sheet,Yes,TX0,Active,2020-01-01,
GL-002482,402482,Sales Revenue 2482,Revenue,Operating Revenue,CC-00482,GL-000006,USD,Credit,Income Statement,Yes,TX5,Active,2020-01-01,
GL-002483,502483,Cost of Goods Sold 2483,Expense,COGS,CC-00483,GL-000007,USD,Debit,Income Statement,Yes,TX5,Active,2020-01-01,
GL-002484,512484,Production Cost 2484,Expense,Manufacturing,CC-00484,GL-000008,USD,Debit,Income Statement,Yes,TX5,Active,2020-01-01,
GL-002485,522485,Maintenance Expense 2485,Expense,Maintenance,CC-00485,GL-000009,USD,Debit,Income Statement,Yes,TX0,Active,2020-01-01,
GL-002486,532486,Utilities Expense 2486,Expense,Utilities,CC-00486,GL-000010,USD,Debit,Income Statement,Yes,TX14,Active,2020-01-01,
GL-002487,542487,Quality Expense 2487,Expense,Quality,CC-00487,GL-000011,USD,Debit,Income Statement,Yes,TX5,Active,2020-01-01,
GL-002488,552488,Warehouse Expense 2488,Expense,Warehouse,CC-00488,GL-000012,USD,Debit,Income Statement,Yes,TX5,Active,2020-01-01,
GL-002489,562489,Sales Expense 2489,Expense,Sales,CC-00489,GL-000013,USD,Debit,Income Statement,Yes,EXEMPT,Active,2020-01-01,
GL-002490,572490,Administrative Expense 2490,Expense,Administration,CC-00490,GL-000014,USD,Debit,Income Statement,Yes,TX5,Active,2020-01-01,
GL-002491,102491,Cash 2491,Asset,Current Asset,CC-00491,GL-000015,USD,Debit,Balance Sheet,Yes,TX14,Active,2020-01-01,
GL-002492,112492,Accounts Receivable 2492,Asset,Current Asset,CC-00492,GL-000001,USD,Debit,Balance Sheet,Yes,EXEMPT,Active,2020-01-01,
GL-002493,122493,Inventory 2493,Asset,Current Asset,CC-00493,GL-000002,USD,Debit,Balance Sheet,Yes,EXEMPT,Active,2020-01-01,
GL-002494,132494,Fixed Assets 2494,Asset,Non Current Asset,CC-00494,GL-000003,USD,Debit,Balance Sheet,Yes,TX14,Active,2020-01-01,
GL-002495,202495,Accounts Payable 2495,Liability,Current Liability,CC-00495,GL-000004,USD,Credit,Balance Sheet,Yes,TX0,Active,2020-01-01,
GL-002496,302496,Equity 2496,Equity,Equity,CC-00496,GL-000005,USD,Credit,Balance Sheet,Yes,EXEMPT,Active,2020-01-01,
GL-002497,402497,Sales Revenue 2497,Revenue,Operating Revenue,CC-00497,GL-000006,USD,Credit,Income Statement,Yes,TX14,Active,2020-01-01,
GL-002498,502498,Cost of Goods Sold 2498,Expense,COGS,CC-00498,GL-000007,USD,Debit,Income Statement,Yes,TX5,Active,2020-01-01,
GL-002499,512499,Production Cost 2499,Expense,Manufacturing,CC-00499,GL-000008,USD,Debit,Income Statement,Yes,TX14,Active,2020-01-01,
GL-002500,522500,Maintenance Expense 2500,Expense,Maintenance,CC-00500,GL-000009,USD,Debit,Income Statement,Yes,TX5,Active,2020-01-01,
GL-002501,532501,Utilities Expense 2501,Expense,Utilities,CC-00501,GL-000010,USD,Debit,Income Statement,Yes,TX14,Active,2020-01-01,
GL-002502,542502,Quality Expense 2502,Expense,Quality,CC-00502,GL-000011,USD,Debit,Income Statement,Yes,TX0,Active,2020-01-01,
GL-002503,552503,Warehouse Expense 2503,Expense,Warehouse,CC-00503,GL-000012,USD,Debit,Income Statement,Yes,EXEMPT,Active,2020-01-01,
GL-002504,562504,Sales Expense 2504,Expense,Sales,CC-00504,GL-000013,USD,Debit,Income Statement,Yes,TX14,Active,2020-01-01,
GL-002505,572505,Administrative Expense 2505,Expense,Administration,CC-00505,GL-000014,USD,Debit,Income Statement,Yes,TX0,Active,2020-01-01,
GL-002506,102506,Cash 2506,Asset,Current Asset,CC-00506,GL-000015,USD,Debit,Balance Sheet,Yes,TX14,Active,2020-01-01,
GL-002507,112507,Accounts Receivable 2507,Asset,Current Asset,CC-00507,GL-000001,USD,Debit,Balance Sheet,Yes,TX0,Active,2020-01-01,
GL-002508,122508,Inventory 2508,Asset,Current Asset,CC-00508,GL-000002,USD,Debit,Balance Sheet,Yes,TX5,Active,2020-01-01,
GL-002509,132509,Fixed Assets 2509,Asset,Non Current Asset,CC-00509,GL-000003,USD,Debit,Balance Sheet,Yes,TX14,Active,2020-01-01,
GL-002510,202510,Accounts Payable 2510,Liability,Current Liability,CC-00510,GL-000004,USD,Credit,Balance Sheet,Yes,EXEMPT,Active,2020-01-01,
GL-002511,302511,Equity 2511,Equity,Equity,CC-00511,GL-000005,USD,Credit,Balance Sheet,Yes,TX0,Active,2020-01-01,
GL-002512,402512,Sales Revenue 2512,Revenue,Operating Revenue,CC-00512,GL-000006,USD,Credit,Income Statement,Yes,EXEMPT,Active,2020-01-01,
GL-002513,502513,Cost of Goods Sold 2513,Expense,COGS,CC-00513,GL-000007,USD,Debit,Income Statement,Yes,TX0,Active,2020-01-01,
GL-002514,512514,Production Cost 2514,Expense,Manufacturing,CC-00514,GL-000008,USD,Debit,Income Statement,Yes,TX14,Active,2020-01-01,
GL-002515,522515,Maintenance Expense 2515,Expense,Maintenance,CC-00515,GL-000009,USD,Debit,Income Statement,Yes,TX0,Active,2020-01-01,
GL-002516,532516,Utilities Expense 2516,Expense,Utilities,CC-00516,GL-000010,USD,Debit,Income Statement,Yes,TX5,Active,2020-01-01,
GL-002517,542517,Quality Expense 2517,Expense,Quality,CC-00517,GL-000011,USD,Debit,Income Statement,Yes,EXEMPT,Active,2020-01-01,
GL-002518,552518,Warehouse Expense 2518,Expense,Warehouse,CC-00518,GL-000012,USD,Debit,Income Statement,Yes,TX5,Active,2020-01-01,
GL-002519,562519,Sales Expense 2519,Expense,Sales,CC-00519,GL-000013,USD,Debit,Income Statement,Yes,EXEMPT,Active,2020-01-01,
GL-002520,572520,Administrative Expense 2520,Expense,Administration,CC-00520,GL-000014,USD,Debit,Income Statement,Yes,TX0,Active,2020-01-01,
GL-002521,102521,Cash 2521,Asset,Current Asset,CC-00521,GL-000015,USD,Debit,Balance Sheet,Yes,TX0,Active,2020-01-01,
GL-002522,112522,Accounts Receivable 2522,Asset,Current Asset,CC-00522,GL-000001,USD,Debit,Balance Sheet,Yes,EXEMPT,Active,2020-01-01,
GL-002523,122523,Inventory 2523,Asset,Current Asset,CC-00523,GL-000002,USD,Debit,Balance Sheet,Yes,TX5,Active,2020-01-01,
GL-002524,132524,Fixed Assets 2524,Asset,Non Current Asset,CC-00524,GL-000003,USD,Debit,Balance Sheet,Yes,TX0,Active,2020-01-01,
GL-002525,202525,Accounts Payable 2525,Liability,Current Liability,CC-00525,GL-000004,USD,Credit,Balance Sheet,Yes,EXEMPT,Active,2020-01-01,
GL-002526,302526,Equity 2526,Equity,Equity,CC-00526,GL-000005,USD,Credit,Balance Sheet,Yes,TX0,Active,2020-01-01,
GL-002527,402527,Sales Revenue 2527,Revenue,Operating Revenue,CC-00527,GL-000006,USD,Credit,Income Statement,Yes,TX14,Active,2020-01-01,
GL-002528,502528,Cost of Goods Sold 2528,Expense,COGS,CC-00528,GL-000007,USD,Debit,Income Statement,Yes,TX0,Active,2020-01-01,
GL-002529,512529,Production Cost 2529,Expense,Manufacturing,CC-00529,GL-000008,USD,Debit,Income Statement,Yes,TX0,Active,2020-01-01,
GL-002530,522530,Maintenance Expense 2530,Expense,Maintenance,CC-00530,GL-000009,USD,Debit,Income Statement,Yes,TX5,Active,2020-01-01,
GL-002531,532531,Utilities Expense 2531,Expense,Utilities,CC-00531,GL-000010,USD,Debit,Income Statement,Yes,EXEMPT,Active,2020-01-01,
GL-002532,542532,Quality Expense 2532,Expense,Quality,CC-00532,GL-000011,USD,Debit,Income Statement,Yes,TX5,Active,2020-01-01,
GL-002533,552533,Warehouse Expense 2533,Expense,Warehouse,CC-00533,GL-000012,USD,Debit,Income Statement,Yes,EXEMPT,Active,2020-01-01,
GL-002534,562534,Sales Expense 2534,Expense,Sales,CC-00534,GL-000013,USD,Debit,Income Statement,Yes,EXEMPT,Active,2020-01-01,
GL-002535,572535,Administrative Expense 2535,Expense,Administration,CC-00535,GL-000014,USD,Debit,Income Statement,Yes,TX0,Active,2020-01-01,
GL-002536,102536,Cash 2536,Asset,Current Asset,CC-00536,GL-000015,USD,Debit,Balance Sheet,Yes,EXEMPT,Active,2020-01-01,
GL-002537,112537,Accounts Receivable 2537,Asset,Current Asset,CC-00537,GL-000001,USD,Debit,Balance Sheet,Yes,TX14,Active,2020-01-01,
GL-002538,122538,Inventory 2538,Asset,Current Asset,CC-00538,GL-000002,USD,Debit,Balance Sheet,Yes,TX0,Active,2020-01-01,
GL-002539,132539,Fixed Assets 2539,Asset,Non Current Asset,CC-00539,GL-000003,USD,Debit,Balance Sheet,Yes,TX14,Active,2020-01-01,
GL-002540,202540,Accounts Payable 2540,Liability,Current Liability,CC-00540,GL-000004,USD,Credit,Balance Sheet,Yes,EXEMPT,Active,2020-01-01,
GL-002541,302541,Equity 2541,Equity,Equity,CC-00541,GL-000005,USD,Credit,Balance Sheet,Yes,EXEMPT,Active,2020-01-01,
GL-002542,402542,Sales Revenue 2542,Revenue,Operating Revenue,CC-00542,GL-000006,USD,Credit,Income Statement,Yes,EXEMPT,Active,2020-01-01,
GL-002543,502543,Cost of Goods Sold 2543,Expense,COGS,CC-00543,GL-000007,USD,Debit,Income Statement,Yes,EXEMPT,Active,2020-01-01,
GL-002544,512544,Production Cost 2544,Expense,Manufacturing,CC-00544,GL-000008,USD,Debit,Income Statement,Yes,TX5,Active,2020-01-01,
GL-002545,522545,Maintenance Expense 2545,Expense,Maintenance,CC-00545,GL-000009,USD,Debit,Income Statement,Yes,TX14,Active,2020-01-01,
GL-002546,532546,Utilities Expense 2546,Expense,Utilities,CC-00546,GL-000010,USD,Debit,Income Statement,Yes,TX14,Active,2020-01-01,
GL-002547,542547,Quality Expense 2547,Expense,Quality,CC-00547,GL-000011,USD,Debit,Income Statement,Yes,TX14,Active,2020-01-01,
GL-002548,552548,Warehouse Expense 2548,Expense,Warehouse,CC-00548,GL-000012,USD,Debit,Income Statement,Yes,TX5,Active,2020-01-01,
GL-002549,562549,Sales Expense 2549,Expense,Sales,CC-00549,GL-000013,USD,Debit,Income Statement,Yes,TX0,Active,2020-01-01,
GL-002550,572550,Administrative Expense 2550,Expense,Administration,CC-00550,GL-000014,USD,Debit,Income Statement,Yes,TX5,Active,2020-01-01,
GL-002551,102551,Cash 2551,Asset,Current Asset,CC-00551,GL-000015,USD,Debit,Balance Sheet,Yes,TX5,Active,2020-01-01,
GL-002552,112552,Accounts Receivable 2552,Asset,Current Asset,CC-00552,GL-000001,USD,Debit,Balance Sheet,Yes,TX5,Active,2020-01-01,
GL-002553,122553,Inventory 2553,Asset,Current Asset,CC-00553,GL-000002,USD,Debit,Balance Sheet,Yes,TX14,Active,2020-01-01,
GL-002554,132554,Fixed Assets 2554,Asset,Non Current Asset,CC-00554,GL-000003,USD,Debit,Balance Sheet,Yes,TX5,Active,2020-01-01,
GL-002555,202555,Accounts Payable 2555,Liability,Current Liability,CC-00555,GL-000004,USD,Credit,Balance Sheet,Yes,TX14,Active,2020-01-01,
GL-002556,302556,Equity 2556,Equity,Equity,CC-00556,GL-000005,USD,Credit,Balance Sheet,Yes,TX5,Active,2020-01-01,
GL-002557,402557,Sales Revenue 2557,Revenue,Operating Revenue,CC-00557,GL-000006,USD,Credit,Income Statement,Yes,TX14,Active,2020-01-01,
GL-002558,502558,Cost of Goods Sold 2558,Expense,COGS,CC-00558,GL-000007,USD,Debit,Income Statement,Yes,TX14,Active,2020-01-01,
GL-002559,512559,Production Cost 2559,Expense,Manufacturing,CC-00559,GL-000008,USD,Debit,Income Statement,Yes,EXEMPT,Active,2020-01-01,
GL-002560,522560,Maintenance Expense 2560,Expense,Maintenance,CC-00560,GL-000009,USD,Debit,Income Statement,Yes,TX0,Active,2020-01-01,
GL-002561,532561,Utilities Expense 2561,Expense,Utilities,CC-00561,GL-000010,USD,Debit,Income Statement,Yes,TX5,Active,2020-01-01,
GL-002562,542562,Quality Expense 2562,Expense,Quality,CC-00562,GL-000011,USD,Debit,Income Statement,Yes,TX14,Active,2020-01-01,
GL-002563,552563,Warehouse Expense 2563,Expense,Warehouse,CC-00563,GL-000012,USD,Debit,Income Statement,Yes,TX5,Active,2020-01-01,
GL-002564,562564,Sales Expense 2564,Expense,Sales,CC-00564,GL-000013,USD,Debit,Income Statement,Yes,TX5,Active,2020-01-01,
GL-002565,572565,Administrative Expense 2565,Expense,Administration,CC-00565,GL-000014,USD,Debit,Income Statement,Yes,TX0,Active,2020-01-01,
GL-002566,102566,Cash 2566,Asset,Current Asset,CC-00566,GL-000015,USD,Debit,Balance Sheet,Yes,TX5,Active,2020-01-01,
GL-002567,112567,Accounts Receivable 2567,Asset,Current Asset,CC-00567,GL-000001,USD,Debit,Balance Sheet,Yes,EXEMPT,Active,2020-01-01,
GL-002568,122568,Inventory 2568,Asset,Current Asset,CC-00568,GL-000002,USD,Debit,Balance Sheet,Yes,TX14,Active,2020-01-01,
GL-002569,132569,Fixed Assets 2569,Asset,Non Current Asset,CC-00569,GL-000003,USD,Debit,Balance Sheet,Yes,TX0,Active,2020-01-01,
GL-002570,202570,Accounts Payable 2570,Liability,Current Liability,CC-00570,GL-000004,USD,Credit,Balance Sheet,Yes,TX14,Active,2020-01-01,
GL-002571,302571,Equity 2571,Equity,Equity,CC-00571,GL-000005,USD,Credit,Balance Sheet,Yes,TX14,Active,2020-01-01,
GL-002572,402572,Sales Revenue 2572,Revenue,Operating Revenue,CC-00572,GL-000006,USD,Credit,Income Statement,Yes,TX5,Active,2020-01-01,
GL-002573,502573,Cost of Goods Sold 2573,Expense,COGS,CC-00573,GL-000007,USD,Debit,Income Statement,Yes,TX0,Active,2020-01-01,
GL-002574,512574,Production Cost 2574,Expense,Manufacturing,CC-00574,GL-000008,USD,Debit,Income Statement,Yes,EXEMPT,Active,2020-01-01,
GL-002575,522575,Maintenance Expense 2575,Expense,Maintenance,CC-00575,GL-000009,USD,Debit,Income Statement,Yes,TX14,Active,2020-01-01,
GL-002576,532576,Utilities Expense 2576,Expense,Utilities,CC-00576,GL-000010,USD,Debit,Income Statement,Yes,TX0,Active,2020-01-01,
GL-002577,542577,Quality Expense 2577,Expense,Quality,CC-00577,GL-000011,USD,Debit,Income Statement,Yes,TX14,Active,2020-01-01,
GL-002578,552578,Warehouse Expense 2578,Expense,Warehouse,CC-00578,GL-000012,USD,Debit,Income Statement,Yes,EXEMPT,Active,2020-01-01,
GL-002579,562579,Sales Expense 2579,Expense,Sales,CC-00579,GL-000013,USD,Debit,Income Statement,Yes,TX0,Active,2020-01-01,
GL-002580,572580,Administrative Expense 2580,Expense,Administration,CC-00580,GL-000014,USD,Debit,Income Statement,Yes,TX5,Active,2020-01-01,
GL-002581,102581,Cash 2581,Asset,Current Asset,CC-00581,GL-000015,USD,Debit,Balance Sheet,Yes,TX5,Active,2020-01-01,
GL-002582,112582,Accounts Receivable 2582,Asset,Current Asset,CC-00582,GL-000001,USD,Debit,Balance Sheet,Yes,TX0,Active,2020-01-01,
GL-002583,122583,Inventory 2583,Asset,Current Asset,CC-00583,GL-000002,USD,Debit,Balance Sheet,Yes,TX14,Active,2020-01-01,
GL-002584,132584,Fixed Assets 2584,Asset,Non Current Asset,CC-00584,GL-000003,USD,Debit,Balance Sheet,Yes,TX14,Active,2020-01-01,
GL-002585,202585,Accounts Payable 2585,Liability,Current Liability,CC-00585,GL-000004,USD,Credit,Balance Sheet,Yes,EXEMPT,Active,2020-01-01,
GL-002586,302586,Equity 2586,Equity,Equity,CC-00586,GL-000005,USD,Credit,Balance Sheet,Yes,TX0,Active,2020-01-01,
GL-002587,402587,Sales Revenue 2587,Revenue,Operating Revenue,CC-00587,GL-000006,USD,Credit,Income Statement,Yes,EXEMPT,Active,2020-01-01,
GL-002588,502588,Cost of Goods Sold 2588,Expense,COGS,CC-00588,GL-000007,USD,Debit,Income Statement,Yes,EXEMPT,Active,2020-01-01,
GL-002589,512589,Production Cost 2589,Expense,Manufacturing,CC-00589,GL-000008,USD,Debit,Income Statement,Yes,TX5,Active,2020-01-01,
GL-002590,522590,Maintenance Expense 2590,Expense,Maintenance,CC-00590,GL-000009,USD,Debit,Income Statement,Yes,TX0,Active,2020-01-01,
GL-002591,532591,Utilities Expense 2591,Expense,Utilities,CC-00591,GL-000010,USD,Debit,Income Statement,Yes,TX0,Active,2020-01-01,
GL-002592,542592,Quality Expense 2592,Expense,Quality,CC-00592,GL-000011,USD,Debit,Income Statement,Yes,TX14,Active,2020-01-01,
GL-002593,552593,Warehouse Expense 2593,Expense,Warehouse,CC-00593,GL-000012,USD,Debit,Income Statement,Yes,TX0,Active,2020-01-01,
GL-002594,562594,Sales Expense 2594,Expense,Sales,CC-00594,GL-000013,USD,Debit,Income Statement,Yes,TX0,Active,2020-01-01,
GL-002595,572595,Administrative Expense 2595,Expense,Administration,CC-00595,GL-000014,USD,Debit,Income Statement,Yes,TX14,Active,2020-01-01,
GL-002596,102596,Cash 2596,Asset,Current Asset,CC-00596,GL-000015,USD,Debit,Balance Sheet,Yes,TX5,Active,2020-01-01,
GL-002597,112597,Accounts Receivable 2597,Asset,Current Asset,CC-00597,GL-000001,USD,Debit,Balance Sheet,Yes,EXEMPT,Active,2020-01-01,
GL-002598,122598,Inventory 2598,Asset,Current Asset,CC-00598,GL-000002,USD,Debit,Balance Sheet,Yes,TX14,Active,2020-01-01,
GL-002599,132599,Fixed Assets 2599,Asset,Non Current Asset,CC-00599,GL-000003,USD,Debit,Balance Sheet,Yes,TX0,Active,2020-01-01,
GL-002600,202600,Accounts Payable 2600,Liability,Current Liability,CC-00600,GL-000004,USD,Credit,Balance Sheet,Yes,TX14,Active,2020-01-01,
GL-002601,302601,Equity 2601,Equity,Equity,CC-00601,GL-000005,USD,Credit,Balance Sheet,Yes,EXEMPT,Active,2020-01-01,
GL-002602,402602,Sales Revenue 2602,Revenue,Operating Revenue,CC-00602,GL-000006,USD,Credit,Income Statement,Yes,TX0,Active,2020-01-01,
GL-002603,502603,Cost of Goods Sold 2603,Expense,COGS,CC-00603,GL-000007,USD,Debit,Income Statement,Yes,TX0,Active,2020-01-01,
GL-002604,512604,Production Cost 2604,Expense,Manufacturing,CC-00604,GL-000008,USD,Debit,Income Statement,Yes,TX5,Active,2020-01-01,
GL-002605,522605,Maintenance Expense 2605,Expense,Maintenance,CC-00605,GL-000009,USD,Debit,Income Statement,Yes,TX0,Active,2020-01-01,
GL-002606,532606,Utilities Expense 2606,Expense,Utilities,CC-00606,GL-000010,USD,Debit,Income Statement,Yes,TX14,Active,2020-01-01,
GL-002607,542607,Quality Expense 2607,Expense,Quality,CC-00607,GL-000011,USD,Debit,Income Statement,Yes,EXEMPT,Active,2020-01-01,
GL-002608,552608,Warehouse Expense 2608,Expense,Warehouse,CC-00608,GL-000012,USD,Debit,Income Statement,Yes,TX0,Active,2020-01-01,
GL-002609,562609,Sales Expense 2609,Expense,Sales,CC-00609,GL-000013,USD,Debit,Income Statement,Yes,TX0,Active,2020-01-01,
GL-002610,572610,Administrative Expense 2610,Expense,Administration,CC-00610,GL-000014,USD,Debit,Income Statement,Yes,TX14,Active,2020-01-01,
GL-002611,102611,Cash 2611,Asset,Current Asset,CC-00611,GL-000015,USD,Debit,Balance Sheet,Yes,TX0,Active,2020-01-01,
GL-002612,112612,Accounts Receivable 2612,Asset,Current Asset,CC-00612,GL-000001,USD,Debit,Balance Sheet,Yes,EXEMPT,Active,2020-01-01,
GL-002613,122613,Inventory 2613,Asset,Current Asset,CC-00613,GL-000002,USD,Debit,Balance Sheet,Yes,TX0,Active,2020-01-01,
GL-002614,132614,Fixed Assets 2614,Asset,Non Current Asset,CC-00614,GL-000003,USD,Debit,Balance Sheet,Yes,TX0,Active,2020-01-01,
GL-002615,202615,Accounts Payable 2615,Liability,Current Liability,CC-00615,GL-000004,USD,Credit,Balance Sheet,Yes,TX5,Active,2020-01-01,
GL-002616,302616,Equity 2616,Equity,Equity,CC-00616,GL-000005,USD,Credit,Balance Sheet,Yes,TX0,Active,2020-01-01,
GL-002617,402617,Sales Revenue 2617,Revenue,Operating Revenue,CC-00617,GL-000006,USD,Credit,Income Statement,Yes,TX0,Active,2020-01-01,
GL-002618,502618,Cost of Goods Sold 2618,Expense,COGS,CC-00618,GL-000007,USD,Debit,Income Statement,Yes,TX0,Active,2020-01-01,
GL-002619,512619,Production Cost 2619,Expense,Manufacturing,CC-00619,GL-000008,USD,Debit,Income Statement,Yes,TX5,Active,2020-01-01,
GL-002620,522620,Maintenance Expense 2620,Expense,Maintenance,CC-00620,GL-000009,USD,Debit,Income Statement,Yes,TX14,Active,2020-01-01,
GL-002621,532621,Utilities Expense 2621,Expense,Utilities,CC-00621,GL-000010,USD,Debit,Income Statement,Yes,TX14,Active,2020-01-01,
GL-002622,542622,Quality Expense 2622,Expense,Quality,CC-00622,GL-000011,USD,Debit,Income Statement,Yes,TX14,Active,2020-01-01,
GL-002623,552623,Warehouse Expense 2623,Expense,Warehouse,CC-00623,GL-000012,USD,Debit,Income Statement,Yes,EXEMPT,Active,2020-01-01,
GL-002624,562624,Sales Expense 2624,Expense,Sales,CC-00624,GL-000013,USD,Debit,Income Statement,Yes,TX0,Active,2020-01-01,
GL-002625,572625,Administrative Expense 2625,Expense,Administration,CC-00625,GL-000014,USD,Debit,Income Statement,Yes,TX5,Active,2020-01-01,
GL-002626,102626,Cash 2626,Asset,Current Asset,CC-00626,GL-000015,USD,Debit,Balance Sheet,Yes,TX0,Active,2020-01-01,
GL-002627,112627,Accounts Receivable 2627,Asset,Current Asset,CC-00627,GL-000001,USD,Debit,Balance Sheet,Yes,EXEMPT,Active,2020-01-01,
GL-002628,122628,Inventory 2628,Asset,Current Asset,CC-00628,GL-000002,USD,Debit,Balance Sheet,Yes,TX5,Active,2020-01-01,
GL-002629,132629,Fixed Assets 2629,Asset,Non Current Asset,CC-00629,GL-000003,USD,Debit,Balance Sheet,Yes,EXEMPT,Active,2020-01-01,
GL-002630,202630,Accounts Payable 2630,Liability,Current Liability,CC-00630,GL-000004,USD,Credit,Balance Sheet,Yes,TX5,Active,2020-01-01,
GL-002631,302631,Equity 2631,Equity,Equity,CC-00631,GL-000005,USD,Credit,Balance Sheet,Yes,TX14,Active,2020-01-01,
GL-002632,402632,Sales Revenue 2632,Revenue,Operating Revenue,CC-00632,GL-000006,USD,Credit,Income Statement,Yes,TX14,Active,2020-01-01,
GL-002633,502633,Cost of Goods Sold 2633,Expense,COGS,CC-00633,GL-000007,USD,Debit,Income Statement,Yes,TX14,Active,2020-01-01,
GL-002634,512634,Production Cost 2634,Expense,Manufacturing,CC-00634,GL-000008,USD,Debit,Income Statement,Yes,TX14,Active,2020-01-01,
GL-002635,522635,Maintenance Expense 2635,Expense,Maintenance,CC-00635,GL-000009,USD,Debit,Income Statement,Yes,TX0,Active,2020-01-01,
GL-002636,532636,Utilities Expense 2636,Expense,Utilities,CC-00636,GL-000010,USD,Debit,Income Statement,Yes,TX0,Active,2020-01-01,
GL-002637,542637,Quality Expense 2637,Expense,Quality,CC-00637,GL-000011,USD,Debit,Income Statement,Yes,TX14,Active,2020-01-01,
GL-002638,552638,Warehouse Expense 2638,Expense,Warehouse,CC-00638,GL-000012,USD,Debit,Income Statement,Yes,TX0,Active,2020-01-01,
GL-002639,562639,Sales Expense 2639,Expense,Sales,CC-00639,GL-000013,USD,Debit,Income Statement,Yes,TX0,Active,2020-01-01,
GL-002640,572640,Administrative Expense 2640,Expense,Administration,CC-00640,GL-000014,USD,Debit,Income Statement,Yes,EXEMPT,Active,2020-01-01,
GL-002641,102641,Cash 2641,Asset,Current Asset,CC-00641,GL-000015,USD,Debit,Balance Sheet,Yes,TX0,Active,2020-01-01,
GL-002642,112642,Accounts Receivable 2642,Asset,Current Asset,CC-00642,GL-000001,USD,Debit,Balance Sheet,Yes,TX5,Active,2020-01-01,
GL-002643,122643,Inventory 2643,Asset,Current Asset,CC-00643,GL-000002,USD,Debit,Balance Sheet,Yes,TX14,Active,2020-01-01,
GL-002644,132644,Fixed Assets 2644,Asset,Non Current Asset,CC-00644,GL-000003,USD,Debit,Balance Sheet,Yes,TX14,Active,2020-01-01,
GL-002645,202645,Accounts Payable 2645,Liability,Current Liability,CC-00645,GL-000004,USD,Credit,Balance Sheet,Yes,TX14,Active,2020-01-01,
GL-002646,302646,Equity 2646,Equity,Equity,CC-00646,GL-000005,USD,Credit,Balance Sheet,Yes,TX14,Active,2020-01-01,
GL-002647,402647,Sales Revenue 2647,Revenue,Operating Revenue,CC-00647,GL-000006,USD,Credit,Income Statement,Yes,TX14,Active,2020-01-01,
GL-002648,502648,Cost of Goods Sold 2648,Expense,COGS,CC-00648,GL-000007,USD,Debit,Income Statement,Yes,EXEMPT,Active,2020-01-01,
GL-002649,512649,Production Cost 2649,Expense,Manufacturing,CC-00649,GL-000008,USD,Debit,Income Statement,Yes,TX14,Active,2020-01-01,
GL-002650,522650,Maintenance Expense 2650,Expense,Maintenance,CC-00650,GL-000009,USD,Debit,Income Statement,Yes,TX14,Active,2020-01-01,
GL-002651,532651,Utilities Expense 2651,Expense,Utilities,CC-00651,GL-000010,USD,Debit,Income Statement,Yes,TX14,Active,2020-01-01,
GL-002652,542652,Quality Expense 2652,Expense,Quality,CC-00652,GL-000011,USD,Debit,Income Statement,Yes,TX14,Active,2020-01-01,
GL-002653,552653,Warehouse Expense 2653,Expense,Warehouse,CC-00653,GL-000012,USD,Debit,Income Statement,Yes,TX14,Active,2020-01-01,
GL-002654,562654,Sales Expense 2654,Expense,Sales,CC-00654,GL-000013,USD,Debit,Income Statement,Yes,EXEMPT,Active,2020-01-01,
GL-002655,572655,Administrative Expense 2655,Expense,Administration,CC-00655,GL-000014,USD,Debit,Income Statement,Yes,TX5,Active,2020-01-01,
GL-002656,102656,Cash 2656,Asset,Current Asset,CC-00656,GL-000015,USD,Debit,Balance Sheet,Yes,TX0,Active,2020-01-01,
GL-002657,112657,Accounts Receivable 2657,Asset,Current Asset,CC-00657,GL-000001,USD,Debit,Balance Sheet,Yes,TX5,Active,2020-01-01,
GL-002658,122658,Inventory 2658,Asset,Current Asset,CC-00658,GL-000002,USD,Debit,Balance Sheet,Yes,EXEMPT,Active,2020-01-01,
GL-002659,132659,Fixed Assets 2659,Asset,Non Current Asset,CC-00659,GL-000003,USD,Debit,Balance Sheet,Yes,TX14,Active,2020-01-01,
GL-002660,202660,Accounts Payable 2660,Liability,Current Liability,CC-00660,GL-000004,USD,Credit,Balance Sheet,Yes,TX14,Active,2020-01-01,
GL-002661,302661,Equity 2661,Equity,Equity,CC-00661,GL-000005,USD,Credit,Balance Sheet,Yes,EXEMPT,Active,2020-01-01,
GL-002662,402662,Sales Revenue 2662,Revenue,Operating Revenue,CC-00662,GL-000006,USD,Credit,Income Statement,Yes,EXEMPT,Active,2020-01-01,
GL-002663,502663,Cost of Goods Sold 2663,Expense,COGS,CC-00663,GL-000007,USD,Debit,Income Statement,Yes,EXEMPT,Active,2020-01-01,
GL-002664,512664,Production Cost 2664,Expense,Manufacturing,CC-00664,GL-000008,USD,Debit,Income Statement,Yes,TX5,Active,2020-01-01,
GL-002665,522665,Maintenance Expense 2665,Expense,Maintenance,CC-00665,GL-000009,USD,Debit,Income Statement,Yes,EXEMPT,Active,2020-01-01,
GL-002666,532666,Utilities Expense 2666,Expense,Utilities,CC-00666,GL-000010,USD,Debit,Income Statement,Yes,TX14,Active,2020-01-01,
GL-002667,542667,Quality Expense 2667,Expense,Quality,CC-00667,GL-000011,USD,Debit,Income Statement,Yes,EXEMPT,Active,2020-01-01,
GL-002668,552668,Warehouse Expense 2668,Expense,Warehouse,CC-00668,GL-000012,USD,Debit,Income Statement,Yes,TX14,Active,2020-01-01,
GL-002669,562669,Sales Expense 2669,Expense,Sales,CC-00669,GL-000013,USD,Debit,Income Statement,Yes,TX14,Active,2020-01-01,
GL-002670,572670,Administrative Expense 2670,Expense,Administration,CC-00670,GL-000014,USD,Debit,Income Statement,Yes,TX14,Active,2020-01-01,
GL-002671,102671,Cash 2671,Asset,Current Asset,CC-00671,GL-000015,USD,Debit,Balance Sheet,Yes,EXEMPT,Active,2020-01-01,
GL-002672,112672,Accounts Receivable 2672,Asset,Current Asset,CC-00672,GL-000001,USD,Debit,Balance Sheet,Yes,TX14,Active,2020-01-01,
GL-002673,122673,Inventory 2673,Asset,Current Asset,CC-00673,GL-000002,USD,Debit,Balance Sheet,Yes,EXEMPT,Active,2020-01-01,
GL-002674,132674,Fixed Assets 2674,Asset,Non Current Asset,CC-00674,GL-000003,USD,Debit,Balance Sheet,Yes,TX5,Active,2020-01-01,
GL-002675,202675,Accounts Payable 2675,Liability,Current Liability,CC-00675,GL-000004,USD,Credit,Balance Sheet,Yes,TX14,Active,2020-01-01,
GL-002676,302676,Equity 2676,Equity,Equity,CC-00676,GL-000005,USD,Credit,Balance Sheet,Yes,TX5,Active,2020-01-01,
GL-002677,402677,Sales Revenue 2677,Revenue,Operating Revenue,CC-00677,GL-000006,USD,Credit,Income Statement,Yes,TX0,Active,2020-01-01,
GL-002678,502678,Cost of Goods Sold 2678,Expense,COGS,CC-00678,GL-000007,USD,Debit,Income Statement,Yes,EXEMPT,Active,2020-01-01,
GL-002679,512679,Production Cost 2679,Expense,Manufacturing,CC-00679,GL-000008,USD,Debit,Income Statement,Yes,TX0,Active,2020-01-01,
GL-002680,522680,Maintenance Expense 2680,Expense,Maintenance,CC-00680,GL-000009,USD,Debit,Income Statement,Yes,TX14,Active,2020-01-01,
GL-002681,532681,Utilities Expense 2681,Expense,Utilities,CC-00681,GL-000010,USD,Debit,Income Statement,Yes,TX14,Active,2020-01-01,
GL-002682,542682,Quality Expense 2682,Expense,Quality,CC-00682,GL-000011,USD,Debit,Income Statement,Yes,TX5,Active,2020-01-01,
GL-002683,552683,Warehouse Expense 2683,Expense,Warehouse,CC-00683,GL-000012,USD,Debit,Income Statement,Yes,EXEMPT,Active,2020-01-01,
GL-002684,562684,Sales Expense 2684,Expense,Sales,CC-00684,GL-000013,USD,Debit,Income Statement,Yes,TX14,Active,2020-01-01,
GL-002685,572685,Administrative Expense 2685,Expense,Administration,CC-00685,GL-000014,USD,Debit,Income Statement,Yes,TX14,Active,2020-01-01,
GL-002686,102686,Cash 2686,Asset,Current Asset,CC-00686,GL-000015,USD,Debit,Balance Sheet,Yes,TX0,Active,2020-01-01,
GL-002687,112687,Accounts Receivable 2687,Asset,Current Asset,CC-00687,GL-000001,USD,Debit,Balance Sheet,Yes,TX5,Active,2020-01-01,
GL-002688,122688,Inventory 2688,Asset,Current Asset,CC-00688,GL-000002,USD,Debit,Balance Sheet,Yes,EXEMPT,Active,2020-01-01,
GL-002689,132689,Fixed Assets 2689,Asset,Non Current Asset,CC-00689,GL-000003,USD,Debit,Balance Sheet,Yes,TX14,Active,2020-01-01,
GL-002690,202690,Accounts Payable 2690,Liability,Current Liability,CC-00690,GL-000004,USD,Credit,Balance Sheet,Yes,TX14,Active,2020-01-01,
GL-002691,302691,Equity 2691,Equity,Equity,CC-00691,GL-000005,USD,Credit,Balance Sheet,Yes,EXEMPT,Active,2020-01-01,
GL-002692,402692,Sales Revenue 2692,Revenue,Operating Revenue,CC-00692,GL-000006,USD,Credit,Income Statement,Yes,TX5,Active,2020-01-01,
GL-002693,502693,Cost of Goods Sold 2693,Expense,COGS,CC-00693,GL-000007,USD,Debit,Income Statement,Yes,TX0,Active,2020-01-01,
GL-002694,512694,Production Cost 2694,Expense,Manufacturing,CC-00694,GL-000008,USD,Debit,Income Statement,Yes,TX5,Active,2020-01-01,
GL-002695,522695,Maintenance Expense 2695,Expense,Maintenance,CC-00695,GL-000009,USD,Debit,Income Statement,Yes,EXEMPT,Active,2020-01-01,
GL-002696,532696,Utilities Expense 2696,Expense,Utilities,CC-00696,GL-000010,USD,Debit,Income Statement,Yes,TX5,Active,2020-01-01,
GL-002697,542697,Quality Expense 2697,Expense,Quality,CC-00697,GL-000011,USD,Debit,Income Statement,Yes,TX14,Active,2020-01-01,
GL-002698,552698,Warehouse Expense 2698,Expense,Warehouse,CC-00698,GL-000012,USD,Debit,Income Statement,Yes,TX5,Active,2020-01-01,
GL-002699,562699,Sales Expense 2699,Expense,Sales,CC-00699,GL-000013,USD,Debit,Income Statement,Yes,TX0,Active,2020-01-01,
GL-002700,572700,Administrative Expense 2700,Expense,Administration,CC-00700,GL-000014,USD,Debit,Income Statement,Yes,EXEMPT,Active,2020-01-01,
GL-002701,102701,Cash 2701,Asset,Current Asset,CC-00701,GL-000015,USD,Debit,Balance Sheet,Yes,EXEMPT,Active,2020-01-01,
GL-002702,112702,Accounts Receivable 2702,Asset,Current Asset,CC-00702,GL-000001,USD,Debit,Balance Sheet,Yes,TX14,Active,2020-01-01,
GL-002703,122703,Inventory 2703,Asset,Current Asset,CC-00703,GL-000002,USD,Debit,Balance Sheet,Yes,TX0,Active,2020-01-01,
GL-002704,132704,Fixed Assets 2704,Asset,Non Current Asset,CC-00704,GL-000003,USD,Debit,Balance Sheet,Yes,TX14,Active,2020-01-01,
GL-002705,202705,Accounts Payable 2705,Liability,Current Liability,CC-00705,GL-000004,USD,Credit,Balance Sheet,Yes,TX5,Active,2020-01-01,
GL-002706,302706,Equity 2706,Equity,Equity,CC-00706,GL-000005,USD,Credit,Balance Sheet,Yes,EXEMPT,Active,2020-01-01,
GL-002707,402707,Sales Revenue 2707,Revenue,Operating Revenue,CC-00707,GL-000006,USD,Credit,Income Statement,Yes,EXEMPT,Active,2020-01-01,
GL-002708,502708,Cost of Goods Sold 2708,Expense,COGS,CC-00708,GL-000007,USD,Debit,Income Statement,Yes,TX14,Active,2020-01-01,
GL-002709,512709,Production Cost 2709,Expense,Manufacturing,CC-00709,GL-000008,USD,Debit,Income Statement,Yes,EXEMPT,Active,2020-01-01,
GL-002710,522710,Maintenance Expense 2710,Expense,Maintenance,CC-00710,GL-000009,USD,Debit,Income Statement,Yes,TX5,Active,2020-01-01,
GL-002711,532711,Utilities Expense 2711,Expense,Utilities,CC-00711,GL-000010,USD,Debit,Income Statement,Yes,TX5,Active,2020-01-01,
GL-002712,542712,Quality Expense 2712,Expense,Quality,CC-00712,GL-000011,USD,Debit,Income Statement,Yes,EXEMPT,Active,2020-01-01,
GL-002713,552713,Warehouse Expense 2713,Expense,Warehouse,CC-00713,GL-000012,USD,Debit,Income Statement,Yes,EXEMPT,Active,2020-01-01,
GL-002714,562714,Sales Expense 2714,Expense,Sales,CC-00714,GL-000013,USD,Debit,Income Statement,Yes,TX14,Active,2020-01-01,
GL-002715,572715,Administrative Expense 2715,Expense,Administration,CC-00715,GL-000014,USD,Debit,Income Statement,Yes,TX14,Active,2020-01-01,
GL-002716,102716,Cash 2716,Asset,Current Asset,CC-00716,GL-000015,USD,Debit,Balance Sheet,Yes,TX5,Active,2020-01-01,
GL-002717,112717,Accounts Receivable 2717,Asset,Current Asset,CC-00717,GL-000001,USD,Debit,Balance Sheet,Yes,TX14,Active,2020-01-01,
GL-002718,122718,Inventory 2718,Asset,Current Asset,CC-00718,GL-000002,USD,Debit,Balance Sheet,Yes,TX5,Active,2020-01-01,
GL-002719,132719,Fixed Assets 2719,Asset,Non Current Asset,CC-00719,GL-000003,USD,Debit,Balance Sheet,Yes,TX0,Active,2020-01-01,
GL-002720,202720,Accounts Payable 2720,Liability,Current Liability,CC-00720,GL-000004,USD,Credit,Balance Sheet,Yes,TX5,Active,2020-01-01,
GL-002721,302721,Equity 2721,Equity,Equity,CC-00721,GL-000005,USD,Credit,Balance Sheet,Yes,TX0,Active,2020-01-01,
GL-002722,402722,Sales Revenue 2722,Revenue,Operating Revenue,CC-00722,GL-000006,USD,Credit,Income Statement,Yes,TX5,Active,2020-01-01,
GL-002723,502723,Cost of Goods Sold 2723,Expense,COGS,CC-00723,GL-000007,USD,Debit,Income Statement,Yes,TX5,Active,2020-01-01,
GL-002724,512724,Production Cost 2724,Expense,Manufacturing,CC-00724,GL-000008,USD,Debit,Income Statement,Yes,TX14,Active,2020-01-01,
GL-002725,522725,Maintenance Expense 2725,Expense,Maintenance,CC-00725,GL-000009,USD,Debit,Income Statement,Yes,TX14,Active,2020-01-01,
GL-002726,532726,Utilities Expense 2726,Expense,Utilities,CC-00726,GL-000010,USD,Debit,Income Statement,Yes,TX14,Active,2020-01-01,
GL-002727,542727,Quality Expense 2727,Expense,Quality,CC-00727,GL-000011,USD,Debit,Income Statement,Yes,TX0,Active,2020-01-01,
GL-002728,552728,Warehouse Expense 2728,Expense,Warehouse,CC-00728,GL-000012,USD,Debit,Income Statement,Yes,TX5,Active,2020-01-01,
GL-002729,562729,Sales Expense 2729,Expense,Sales,CC-00729,GL-000013,USD,Debit,Income Statement,Yes,TX14,Active,2020-01-01,
GL-002730,572730,Administrative Expense 2730,Expense,Administration,CC-00730,GL-000014,USD,Debit,Income Statement,Yes,TX0,Active,2020-01-01,
GL-002731,102731,Cash 2731,Asset,Current Asset,CC-00731,GL-000015,USD,Debit,Balance Sheet,Yes,TX14,Active,2020-01-01,
GL-002732,112732,Accounts Receivable 2732,Asset,Current Asset,CC-00732,GL-000001,USD,Debit,Balance Sheet,Yes,EXEMPT,Active,2020-01-01,
GL-002733,122733,Inventory 2733,Asset,Current Asset,CC-00733,GL-000002,USD,Debit,Balance Sheet,Yes,TX0,Active,2020-01-01,
GL-002734,132734,Fixed Assets 2734,Asset,Non Current Asset,CC-00734,GL-000003,USD,Debit,Balance Sheet,Yes,TX5,Active,2020-01-01,
GL-002735,202735,Accounts Payable 2735,Liability,Current Liability,CC-00735,GL-000004,USD,Credit,Balance Sheet,Yes,TX5,Active,2020-01-01,
GL-002736,302736,Equity 2736,Equity,Equity,CC-00736,GL-000005,USD,Credit,Balance Sheet,Yes,EXEMPT,Active,2020-01-01,
GL-002737,402737,Sales Revenue 2737,Revenue,Operating Revenue,CC-00737,GL-000006,USD,Credit,Income Statement,Yes,TX5,Active,2020-01-01,
GL-002738,502738,Cost of Goods Sold 2738,Expense,COGS,CC-00738,GL-000007,USD,Debit,Income Statement,Yes,EXEMPT,Active,2020-01-01,
GL-002739,512739,Production Cost 2739,Expense,Manufacturing,CC-00739,GL-000008,USD,Debit,Income Statement,Yes,TX5,Active,2020-01-01,
GL-002740,522740,Maintenance Expense 2740,Expense,Maintenance,CC-00740,GL-000009,USD,Debit,Income Statement,Yes,TX5,Active,2020-01-01,
GL-002741,532741,Utilities Expense 2741,Expense,Utilities,CC-00741,GL-000010,USD,Debit,Income Statement,Yes,TX14,Active,2020-01-01,
GL-002742,542742,Quality Expense 2742,Expense,Quality,CC-00742,GL-000011,USD,Debit,Income Statement,Yes,TX14,Active,2020-01-01,
GL-002743,552743,Warehouse Expense 2743,Expense,Warehouse,CC-00743,GL-000012,USD,Debit,Income Statement,Yes,TX0,Active,2020-01-01,
GL-002744,562744,Sales Expense 2744,Expense,Sales,CC-00744,GL-000013,USD,Debit,Income Statement,Yes,TX0,Active,2020-01-01,
GL-002745,572745,Administrative Expense 2745,Expense,Administration,CC-00745,GL-000014,USD,Debit,Income Statement,Yes,TX0,Active,2020-01-01,
GL-002746,102746,Cash 2746,Asset,Current Asset,CC-00746,GL-000015,USD,Debit,Balance Sheet,Yes,EXEMPT,Active,2020-01-01,
GL-002747,112747,Accounts Receivable 2747,Asset,Current Asset,CC-00747,GL-000001,USD,Debit,Balance Sheet,Yes,TX14,Active,2020-01-01,
GL-002748,122748,Inventory 2748,Asset,Current Asset,CC-00748,GL-000002,USD,Debit,Balance Sheet,Yes,TX0,Active,2020-01-01,
GL-002749,132749,Fixed Assets 2749,Asset,Non Current Asset,CC-00749,GL-000003,USD,Debit,Balance Sheet,Yes,TX0,Active,2020-01-01,
GL-002750,202750,Accounts Payable 2750,Liability,Current Liability,CC-00750,GL-000004,USD,Credit,Balance Sheet,Yes,TX5,Active,2020-01-01,
GL-002751,302751,Equity 2751,Equity,Equity,CC-00751,GL-000005,USD,Credit,Balance Sheet,Yes,TX5,Active,2020-01-01,
GL-002752,402752,Sales Revenue 2752,Revenue,Operating Revenue,CC-00752,GL-000006,USD,Credit,Income Statement,Yes,TX0,Active,2020-01-01,
GL-002753,502753,Cost of Goods Sold 2753,Expense,COGS,CC-00753,GL-000007,USD,Debit,Income Statement,Yes,TX0,Active,2020-01-01,
GL-002754,512754,Production Cost 2754,Expense,Manufacturing,CC-00754,GL-000008,USD,Debit,Income Statement,Yes,EXEMPT,Active,2020-01-01,
GL-002755,522755,Maintenance Expense 2755,Expense,Maintenance,CC-00755,GL-000009,USD,Debit,Income Statement,Yes,TX14,Active,2020-01-01,
GL-002756,532756,Utilities Expense 2756,Expense,Utilities,CC-00756,GL-000010,USD,Debit,Income Statement,Yes,EXEMPT,Active,2020-01-01,
GL-002757,542757,Quality Expense 2757,Expense,Quality,CC-00757,GL-000011,USD,Debit,Income Statement,Yes,TX5,Active,2020-01-01,
GL-002758,552758,Warehouse Expense 2758,Expense,Warehouse,CC-00758,GL-000012,USD,Debit,Income Statement,Yes,TX14,Active,2020-01-01,
GL-002759,562759,Sales Expense 2759,Expense,Sales,CC-00759,GL-000013,USD,Debit,Income Statement,Yes,TX5,Active,2020-01-01,
GL-002760,572760,Administrative Expense 2760,Expense,Administration,CC-00760,GL-000014,USD,Debit,Income Statement,Yes,EXEMPT,Active,2020-01-01,
GL-002761,102761,Cash 2761,Asset,Current Asset,CC-00761,GL-000015,USD,Debit,Balance Sheet,Yes,TX14,Active,2020-01-01,
GL-002762,112762,Accounts Receivable 2762,Asset,Current Asset,CC-00762,GL-000001,USD,Debit,Balance Sheet,Yes,TX14,Active,2020-01-01,
GL-002763,122763,Inventory 2763,Asset,Current Asset,CC-00763,GL-000002,USD,Debit,Balance Sheet,Yes,TX5,Active,2020-01-01,
GL-002764,132764,Fixed Assets 2764,Asset,Non Current Asset,CC-00764,GL-000003,USD,Debit,Balance Sheet,Yes,TX0,Active,2020-01-01,
GL-002765,202765,Accounts Payable 2765,Liability,Current Liability,CC-00765,GL-000004,USD,Credit,Balance Sheet,Yes,EXEMPT,Active,2020-01-01,
GL-002766,302766,Equity 2766,Equity,Equity,CC-00766,GL-000005,USD,Credit,Balance Sheet,Yes,TX14,Active,2020-01-01,
GL-002767,402767,Sales Revenue 2767,Revenue,Operating Revenue,CC-00767,GL-000006,USD,Credit,Income Statement,Yes,TX5,Active,2020-01-01,
GL-002768,502768,Cost of Goods Sold 2768,Expense,COGS,CC-00768,GL-000007,USD,Debit,Income Statement,Yes,TX14,Active,2020-01-01,
GL-002769,512769,Production Cost 2769,Expense,Manufacturing,CC-00769,GL-000008,USD,Debit,Income Statement,Yes,EXEMPT,Active,2020-01-01,
GL-002770,522770,Maintenance Expense 2770,Expense,Maintenance,CC-00770,GL-000009,USD,Debit,Income Statement,Yes,TX0,Active,2020-01-01,
GL-002771,532771,Utilities Expense 2771,Expense,Utilities,CC-00771,GL-000010,USD,Debit,Income Statement,Yes,TX14,Active,2020-01-01,
GL-002772,542772,Quality Expense 2772,Expense,Quality,CC-00772,GL-000011,USD,Debit,Income Statement,Yes,TX5,Active,2020-01-01,
GL-002773,552773,Warehouse Expense 2773,Expense,Warehouse,CC-00773,GL-000012,USD,Debit,Income Statement,Yes,TX5,Active,2020-01-01,
GL-002774,562774,Sales Expense 2774,Expense,Sales,CC-00774,GL-000013,USD,Debit,Income Statement,Yes,TX0,Active,2020-01-01,
GL-002775,572775,Administrative Expense 2775,Expense,Administration,CC-00775,GL-000014,USD,Debit,Income Statement,Yes,TX0,Active,2020-01-01,
GL-002776,102776,Cash 2776,Asset,Current Asset,CC-00776,GL-000015,USD,Debit,Balance Sheet,Yes,EXEMPT,Active,2020-01-01,
GL-002777,112777,Accounts Receivable 2777,Asset,Current Asset,CC-00777,GL-000001,USD,Debit,Balance Sheet,Yes,TX14,Active,2020-01-01,
GL-002778,122778,Inventory 2778,Asset,Current Asset,CC-00778,GL-000002,USD,Debit,Balance Sheet,Yes,EXEMPT,Active,2020-01-01,
GL-002779,132779,Fixed Assets 2779,Asset,Non Current Asset,CC-00779,GL-000003,USD,Debit,Balance Sheet,Yes,EXEMPT,Active,2020-01-01,
GL-002780,202780,Accounts Payable 2780,Liability,Current Liability,CC-00780,GL-000004,USD,Credit,Balance Sheet,Yes,TX14,Active,2020-01-01,
GL-002781,302781,Equity 2781,Equity,Equity,CC-00781,GL-000005,USD,Credit,Balance Sheet,Yes,TX0,Active,2020-01-01,
GL-002782,402782,Sales Revenue 2782,Revenue,Operating Revenue,CC-00782,GL-000006,USD,Credit,Income Statement,Yes,TX14,Active,2020-01-01,
GL-002783,502783,Cost of Goods Sold 2783,Expense,COGS,CC-00783,GL-000007,USD,Debit,Income Statement,Yes,TX14,Active,2020-01-01,
GL-002784,512784,Production Cost 2784,Expense,Manufacturing,CC-00784,GL-000008,USD,Debit,Income Statement,Yes,TX5,Active,2020-01-01,
GL-002785,522785,Maintenance Expense 2785,Expense,Maintenance,CC-00785,GL-000009,USD,Debit,Income Statement,Yes,TX0,Active,2020-01-01,
GL-002786,532786,Utilities Expense 2786,Expense,Utilities,CC-00786,GL-000010,USD,Debit,Income Statement,Yes,EXEMPT,Active,2020-01-01,
GL-002787,542787,Quality Expense 2787,Expense,Quality,CC-00787,GL-000011,USD,Debit,Income Statement,Yes,TX5,Active,2020-01-01,
GL-002788,552788,Warehouse Expense 2788,Expense,Warehouse,CC-00788,GL-000012,USD,Debit,Income Statement,Yes,TX5,Active,2020-01-01,
GL-002789,562789,Sales Expense 2789,Expense,Sales,CC-00789,GL-000013,USD,Debit,Income Statement,Yes,TX14,Active,2020-01-01,
GL-002790,572790,Administrative Expense 2790,Expense,Administration,CC-00790,GL-000014,USD,Debit,Income Statement,Yes,TX14,Active,2020-01-01,
GL-002791,102791,Cash 2791,Asset,Current Asset,CC-00791,GL-000015,USD,Debit,Balance Sheet,Yes,TX0,Active,2020-01-01,
GL-002792,112792,Accounts Receivable 2792,Asset,Current Asset,CC-00792,GL-000001,USD,Debit,Balance Sheet,Yes,TX5,Active,2020-01-01,
GL-002793,122793,Inventory 2793,Asset,Current Asset,CC-00793,GL-000002,USD,Debit,Balance Sheet,Yes,EXEMPT,Active,2020-01-01,
GL-002794,132794,Fixed Assets 2794,Asset,Non Current Asset,CC-00794,GL-000003,USD,Debit,Balance Sheet,Yes,TX0,Active,2020-01-01,
GL-002795,202795,Accounts Payable 2795,Liability,Current Liability,CC-00795,GL-000004,USD,Credit,Balance Sheet,Yes,TX14,Active,2020-01-01,
GL-002796,302796,Equity 2796,Equity,Equity,CC-00796,GL-000005,USD,Credit,Balance Sheet,Yes,TX14,Active,2020-01-01,
GL-002797,402797,Sales Revenue 2797,Revenue,Operating Revenue,CC-00797,GL-000006,USD,Credit,Income Statement,Yes,TX0,Active,2020-01-01,
GL-002798,502798,Cost of Goods Sold 2798,Expense,COGS,CC-00798,GL-000007,USD,Debit,Income Statement,Yes,TX0,Active,2020-01-01,
GL-002799,512799,Production Cost 2799,Expense,Manufacturing,CC-00799,GL-000008,USD,Debit,Income Statement,Yes,TX0,Active,2020-01-01,
GL-002800,522800,Maintenance Expense 2800,Expense,Maintenance,CC-00800,GL-000009,USD,Debit,Income Statement,Yes,TX0,Active,2020-01-01,
GL-002801,532801,Utilities Expense 2801,Expense,Utilities,CC-00801,GL-000010,USD,Debit,Income Statement,Yes,TX14,Active,2020-01-01,
GL-002802,542802,Quality Expense 2802,Expense,Quality,CC-00802,GL-000011,USD,Debit,Income Statement,Yes,EXEMPT,Active,2020-01-01,
GL-002803,552803,Warehouse Expense 2803,Expense,Warehouse,CC-00803,GL-000012,USD,Debit,Income Statement,Yes,TX14,Active,2020-01-01,
GL-002804,562804,Sales Expense 2804,Expense,Sales,CC-00804,GL-000013,USD,Debit,Income Statement,Yes,TX14,Active,2020-01-01,
GL-002805,572805,Administrative Expense 2805,Expense,Administration,CC-00805,GL-000014,USD,Debit,Income Statement,Yes,TX0,Active,2020-01-01,
GL-002806,102806,Cash 2806,Asset,Current Asset,CC-00806,GL-000015,USD,Debit,Balance Sheet,Yes,TX0,Active,2020-01-01,
GL-002807,112807,Accounts Receivable 2807,Asset,Current Asset,CC-00807,GL-000001,USD,Debit,Balance Sheet,Yes,TX5,Active,2020-01-01,
GL-002808,122808,Inventory 2808,Asset,Current Asset,CC-00808,GL-000002,USD,Debit,Balance Sheet,Yes,TX14,Active,2020-01-01,
GL-002809,132809,Fixed Assets 2809,Asset,Non Current Asset,CC-00809,GL-000003,USD,Debit,Balance Sheet,Yes,EXEMPT,Active,2020-01-01,
GL-002810,202810,Accounts Payable 2810,Liability,Current Liability,CC-00810,GL-000004,USD,Credit,Balance Sheet,Yes,TX5,Active,2020-01-01,
GL-002811,302811,Equity 2811,Equity,Equity,CC-00811,GL-000005,USD,Credit,Balance Sheet,Yes,TX0,Active,2020-01-01,
GL-002812,402812,Sales Revenue 2812,Revenue,Operating Revenue,CC-00812,GL-000006,USD,Credit,Income Statement,Yes,EXEMPT,Active,2020-01-01,
GL-002813,502813,Cost of Goods Sold 2813,Expense,COGS,CC-00813,GL-000007,USD,Debit,Income Statement,Yes,TX14,Active,2020-01-01,
GL-002814,512814,Production Cost 2814,Expense,Manufacturing,CC-00814,GL-000008,USD,Debit,Income Statement,Yes,EXEMPT,Active,2020-01-01,
GL-002815,522815,Maintenance Expense 2815,Expense,Maintenance,CC-00815,GL-000009,USD,Debit,Income Statement,Yes,TX0,Active,2020-01-01,
GL-002816,532816,Utilities Expense 2816,Expense,Utilities,CC-00816,GL-000010,USD,Debit,Income Statement,Yes,TX5,Active,2020-01-01,
GL-002817,542817,Quality Expense 2817,Expense,Quality,CC-00817,GL-000011,USD,Debit,Income Statement,Yes,TX5,Active,2020-01-01,
GL-002818,552818,Warehouse Expense 2818,Expense,Warehouse,CC-00818,GL-000012,USD,Debit,Income Statement,Yes,TX5,Active,2020-01-01,
GL-002819,562819,Sales Expense 2819,Expense,Sales,CC-00819,GL-000013,USD,Debit,Income Statement,Yes,EXEMPT,Active,2020-01-01,
GL-002820,572820,Administrative Expense 2820,Expense,Administration,CC-00820,GL-000014,USD,Debit,Income Statement,Yes,TX14,Active,2020-01-01,
GL-002821,102821,Cash 2821,Asset,Current Asset,CC-00821,GL-000015,USD,Debit,Balance Sheet,Yes,EXEMPT,Active,2020-01-01,
GL-002822,112822,Accounts Receivable 2822,Asset,Current Asset,CC-00822,GL-000001,USD,Debit,Balance Sheet,Yes,TX5,Active,2020-01-01,
GL-002823,122823,Inventory 2823,Asset,Current Asset,CC-00823,GL-000002,USD,Debit,Balance Sheet,Yes,TX0,Active,2020-01-01,
GL-002824,132824,Fixed Assets 2824,Asset,Non Current Asset,CC-00824,GL-000003,USD,Debit,Balance Sheet,Yes,EXEMPT,Active,2020-01-01,
GL-002825,202825,Accounts Payable 2825,Liability,Current Liability,CC-00825,GL-000004,USD,Credit,Balance Sheet,Yes,TX0,Active,2020-01-01,
GL-002826,302826,Equity 2826,Equity,Equity,CC-00826,GL-000005,USD,Credit,Balance Sheet,Yes,TX5,Active,2020-01-01,
GL-002827,402827,Sales Revenue 2827,Revenue,Operating Revenue,CC-00827,GL-000006,USD,Credit,Income Statement,Yes,TX14,Active,2020-01-01,
GL-002828,502828,Cost of Goods Sold 2828,Expense,COGS,CC-00828,GL-000007,USD,Debit,Income Statement,Yes,TX0,Active,2020-01-01,
GL-002829,512829,Production Cost 2829,Expense,Manufacturing,CC-00829,GL-000008,USD,Debit,Income Statement,Yes,TX14,Active,2020-01-01,
GL-002830,522830,Maintenance Expense 2830,Expense,Maintenance,CC-00830,GL-000009,USD,Debit,Income Statement,Yes,EXEMPT,Active,2020-01-01,
GL-002831,532831,Utilities Expense 2831,Expense,Utilities,CC-00831,GL-000010,USD,Debit,Income Statement,Yes,TX5,Active,2020-01-01,
GL-002832,542832,Quality Expense 2832,Expense,Quality,CC-00832,GL-000011,USD,Debit,Income Statement,Yes,TX0,Active,2020-01-01,
GL-002833,552833,Warehouse Expense 2833,Expense,Warehouse,CC-00833,GL-000012,USD,Debit,Income Statement,Yes,TX0,Active,2020-01-01,
GL-002834,562834,Sales Expense 2834,Expense,Sales,CC-00834,GL-000013,USD,Debit,Income Statement,Yes,TX14,Active,2020-01-01,
GL-002835,572835,Administrative Expense 2835,Expense,Administration,CC-00835,GL-000014,USD,Debit,Income Statement,Yes,TX0,Active,2020-01-01,
GL-002836,102836,Cash 2836,Asset,Current Asset,CC-00836,GL-000015,USD,Debit,Balance Sheet,Yes,TX5,Active,2020-01-01,
GL-002837,112837,Accounts Receivable 2837,Asset,Current Asset,CC-00837,GL-000001,USD,Debit,Balance Sheet,Yes,TX14,Active,2020-01-01,
GL-002838,122838,Inventory 2838,Asset,Current Asset,CC-00838,GL-000002,USD,Debit,Balance Sheet,Yes,EXEMPT,Active,2020-01-01,
GL-002839,132839,Fixed Assets 2839,Asset,Non Current Asset,CC-00839,GL-000003,USD,Debit,Balance Sheet,Yes,TX0,Active,2020-01-01,
GL-002840,202840,Accounts Payable 2840,Liability,Current Liability,CC-00840,GL-000004,USD,Credit,Balance Sheet,Yes,TX0,Active,2020-01-01,
GL-002841,302841,Equity 2841,Equity,Equity,CC-00841,GL-000005,USD,Credit,Balance Sheet,Yes,TX5,Active,2020-01-01,
GL-002842,402842,Sales Revenue 2842,Revenue,Operating Revenue,CC-00842,GL-000006,USD,Credit,Income Statement,Yes,TX5,Active,2020-01-01,
GL-002843,502843,Cost of Goods Sold 2843,Expense,COGS,CC-00843,GL-000007,USD,Debit,Income Statement,Yes,TX14,Active,2020-01-01,
GL-002844,512844,Production Cost 2844,Expense,Manufacturing,CC-00844,GL-000008,USD,Debit,Income Statement,Yes,TX14,Active,2020-01-01,
GL-002845,522845,Maintenance Expense 2845,Expense,Maintenance,CC-00845,GL-000009,USD,Debit,Income Statement,Yes,TX5,Active,2020-01-01,
GL-002846,532846,Utilities Expense 2846,Expense,Utilities,CC-00846,GL-000010,USD,Debit,Income Statement,Yes,TX14,Active,2020-01-01,
GL-002847,542847,Quality Expense 2847,Expense,Quality,CC-00847,GL-000011,USD,Debit,Income Statement,Yes,EXEMPT,Active,2020-01-01,
GL-002848,552848,Warehouse Expense 2848,Expense,Warehouse,CC-00848,GL-000012,USD,Debit,Income Statement,Yes,TX14,Active,2020-01-01,
GL-002849,562849,Sales Expense 2849,Expense,Sales,CC-00849,GL-000013,USD,Debit,Income Statement,Yes,TX0,Active,2020-01-01,
GL-002850,572850,Administrative Expense 2850,Expense,Administration,CC-00850,GL-000014,USD,Debit,Income Statement,Yes,TX0,Active,2020-01-01,
GL-002851,102851,Cash 2851,Asset,Current Asset,CC-00851,GL-000015,USD,Debit,Balance Sheet,Yes,TX0,Active,2020-01-01,
GL-002852,112852,Accounts Receivable 2852,Asset,Current Asset,CC-00852,GL-000001,USD,Debit,Balance Sheet,Yes,EXEMPT,Active,2020-01-01,
GL-002853,122853,Inventory 2853,Asset,Current Asset,CC-00853,GL-000002,USD,Debit,Balance Sheet,Yes,EXEMPT,Active,2020-01-01,
GL-002854,132854,Fixed Assets 2854,Asset,Non Current Asset,CC-00854,GL-000003,USD,Debit,Balance Sheet,Yes,TX0,Active,2020-01-01,
GL-002855,202855,Accounts Payable 2855,Liability,Current Liability,CC-00855,GL-000004,USD,Credit,Balance Sheet,Yes,TX5,Active,2020-01-01,
GL-002856,302856,Equity 2856,Equity,Equity,CC-00856,GL-000005,USD,Credit,Balance Sheet,Yes,TX5,Active,2020-01-01,
GL-002857,402857,Sales Revenue 2857,Revenue,Operating Revenue,CC-00857,GL-000006,USD,Credit,Income Statement,Yes,EXEMPT,Active,2020-01-01,
GL-002858,502858,Cost of Goods Sold 2858,Expense,COGS,CC-00858,GL-000007,USD,Debit,Income Statement,Yes,TX5,Active,2020-01-01,
GL-002859,512859,Production Cost 2859,Expense,Manufacturing,CC-00859,GL-000008,USD,Debit,Income Statement,Yes,TX0,Active,2020-01-01,
GL-002860,522860,Maintenance Expense 2860,Expense,Maintenance,CC-00860,GL-000009,USD,Debit,Income Statement,Yes,TX0,Active,2020-01-01,
GL-002861,532861,Utilities Expense 2861,Expense,Utilities,CC-00861,GL-000010,USD,Debit,Income Statement,Yes,TX14,Active,2020-01-01,
GL-002862,542862,Quality Expense 2862,Expense,Quality,CC-00862,GL-000011,USD,Debit,Income Statement,Yes,TX0,Active,2020-01-01,
GL-002863,552863,Warehouse Expense 2863,Expense,Warehouse,CC-00863,GL-000012,USD,Debit,Income Statement,Yes,TX14,Active,2020-01-01,
GL-002864,562864,Sales Expense 2864,Expense,Sales,CC-00864,GL-000013,USD,Debit,Income Statement,Yes,TX5,Active,2020-01-01,
GL-002865,572865,Administrative Expense 2865,Expense,Administration,CC-00865,GL-000014,USD,Debit,Income Statement,Yes,TX0,Active,2020-01-01,
GL-002866,102866,Cash 2866,Asset,Current Asset,CC-00866,GL-000015,USD,Debit,Balance Sheet,Yes,TX5,Active,2020-01-01,
GL-002867,112867,Accounts Receivable 2867,Asset,Current Asset,CC-00867,GL-000001,USD,Debit,Balance Sheet,Yes,EXEMPT,Active,2020-01-01,
GL-002868,122868,Inventory 2868,Asset,Current Asset,CC-00868,GL-000002,USD,Debit,Balance Sheet,Yes,TX0,Active,2020-01-01,
GL-002869,132869,Fixed Assets 2869,Asset,Non Current Asset,CC-00869,GL-000003,USD,Debit,Balance Sheet,Yes,TX0,Active,2020-01-01,
GL-002870,202870,Accounts Payable 2870,Liability,Current Liability,CC-00870,GL-000004,USD,Credit,Balance Sheet,Yes,TX14,Active,2020-01-01,
GL-002871,302871,Equity 2871,Equity,Equity,CC-00871,GL-000005,USD,Credit,Balance Sheet,Yes,EXEMPT,Active,2020-01-01,
GL-002872,402872,Sales Revenue 2872,Revenue,Operating Revenue,CC-00872,GL-000006,USD,Credit,Income Statement,Yes,TX0,Active,2020-01-01,
GL-002873,502873,Cost of Goods Sold 2873,Expense,COGS,CC-00873,GL-000007,USD,Debit,Income Statement,Yes,TX14,Active,2020-01-01,
GL-002874,512874,Production Cost 2874,Expense,Manufacturing,CC-00874,GL-000008,USD,Debit,Income Statement,Yes,TX14,Active,2020-01-01,
GL-002875,522875,Maintenance Expense 2875,Expense,Maintenance,CC-00875,GL-000009,USD,Debit,Income Statement,Yes,TX0,Active,2020-01-01,
GL-002876,532876,Utilities Expense 2876,Expense,Utilities,CC-00876,GL-000010,USD,Debit,Income Statement,Yes,TX14,Active,2020-01-01,
GL-002877,542877,Quality Expense 2877,Expense,Quality,CC-00877,GL-000011,USD,Debit,Income Statement,Yes,TX5,Active,2020-01-01,
GL-002878,552878,Warehouse Expense 2878,Expense,Warehouse,CC-00878,GL-000012,USD,Debit,Income Statement,Yes,TX5,Active,2020-01-01,
GL-002879,562879,Sales Expense 2879,Expense,Sales,CC-00879,GL-000013,USD,Debit,Income Statement,Yes,TX14,Active,2020-01-01,
GL-002880,572880,Administrative Expense 2880,Expense,Administration,CC-00880,GL-000014,USD,Debit,Income Statement,Yes,TX5,Active,2020-01-01,
GL-002881,102881,Cash 2881,Asset,Current Asset,CC-00881,GL-000015,USD,Debit,Balance Sheet,Yes,TX5,Active,2020-01-01,
GL-002882,112882,Accounts Receivable 2882,Asset,Current Asset,CC-00882,GL-000001,USD,Debit,Balance Sheet,Yes,EXEMPT,Active,2020-01-01,
GL-002883,122883,Inventory 2883,Asset,Current Asset,CC-00883,GL-000002,USD,Debit,Balance Sheet,Yes,TX0,Active,2020-01-01,
GL-002884,132884,Fixed Assets 2884,Asset,Non Current Asset,CC-00884,GL-000003,USD,Debit,Balance Sheet,Yes,TX14,Active,2020-01-01,
GL-002885,202885,Accounts Payable 2885,Liability,Current Liability,CC-00885,GL-000004,USD,Credit,Balance Sheet,Yes,EXEMPT,Active,2020-01-01,
GL-002886,302886,Equity 2886,Equity,Equity,CC-00886,GL-000005,USD,Credit,Balance Sheet,Yes,TX14,Active,2020-01-01,
GL-002887,402887,Sales Revenue 2887,Revenue,Operating Revenue,CC-00887,GL-000006,USD,Credit,Income Statement,Yes,EXEMPT,Active,2020-01-01,
GL-002888,502888,Cost of Goods Sold 2888,Expense,COGS,CC-00888,GL-000007,USD,Debit,Income Statement,Yes,TX0,Active,2020-01-01,
GL-002889,512889,Production Cost 2889,Expense,Manufacturing,CC-00889,GL-000008,USD,Debit,Income Statement,Yes,TX0,Active,2020-01-01,
GL-002890,522890,Maintenance Expense 2890,Expense,Maintenance,CC-00890,GL-000009,USD,Debit,Income Statement,Yes,EXEMPT,Active,2020-01-01,
GL-002891,532891,Utilities Expense 2891,Expense,Utilities,CC-00891,GL-000010,USD,Debit,Income Statement,Yes,TX5,Active,2020-01-01,
GL-002892,542892,Quality Expense 2892,Expense,Quality,CC-00892,GL-000011,USD,Debit,Income Statement,Yes,TX5,Active,2020-01-01,
GL-002893,552893,Warehouse Expense 2893,Expense,Warehouse,CC-00893,GL-000012,USD,Debit,Income Statement,Yes,TX0,Active,2020-01-01,
GL-002894,562894,Sales Expense 2894,Expense,Sales,CC-00894,GL-000013,USD,Debit,Income Statement,Yes,TX0,Active,2020-01-01,
GL-002895,572895,Administrative Expense 2895,Expense,Administration,CC-00895,GL-000014,USD,Debit,Income Statement,Yes,TX0,Active,2020-01-01,
GL-002896,102896,Cash 2896,Asset,Current Asset,CC-00896,GL-000015,USD,Debit,Balance Sheet,Yes,TX14,Active,2020-01-01,
GL-002897,112897,Accounts Receivable 2897,Asset,Current Asset,CC-00897,GL-000001,USD,Debit,Balance Sheet,Yes,EXEMPT,Active,2020-01-01,
GL-002898,122898,Inventory 2898,Asset,Current Asset,CC-00898,GL-000002,USD,Debit,Balance Sheet,Yes,TX5,Active,2020-01-01,
GL-002899,132899,Fixed Assets 2899,Asset,Non Current Asset,CC-00899,GL-000003,USD,Debit,Balance Sheet,Yes,TX5,Active,2020-01-01,
GL-002900,202900,Accounts Payable 2900,Liability,Current Liability,CC-00900,GL-000004,USD,Credit,Balance Sheet,Yes,TX5,Active,2020-01-01,
GL-002901,302901,Equity 2901,Equity,Equity,CC-00901,GL-000005,USD,Credit,Balance Sheet,Yes,TX5,Active,2020-01-01,
GL-002902,402902,Sales Revenue 2902,Revenue,Operating Revenue,CC-00902,GL-000006,USD,Credit,Income Statement,Yes,TX0,Active,2020-01-01,
GL-002903,502903,Cost of Goods Sold 2903,Expense,COGS,CC-00903,GL-000007,USD,Debit,Income Statement,Yes,TX0,Active,2020-01-01,
GL-002904,512904,Production Cost 2904,Expense,Manufacturing,CC-00904,GL-000008,USD,Debit,Income Statement,Yes,TX14,Active,2020-01-01,
GL-002905,522905,Maintenance Expense 2905,Expense,Maintenance,CC-00905,GL-000009,USD,Debit,Income Statement,Yes,EXEMPT,Active,2020-01-01,
GL-002906,532906,Utilities Expense 2906,Expense,Utilities,CC-00906,GL-000010,USD,Debit,Income Statement,Yes,EXEMPT,Active,2020-01-01,
GL-002907,542907,Quality Expense 2907,Expense,Quality,CC-00907,GL-000011,USD,Debit,Income Statement,Yes,EXEMPT,Active,2020-01-01,
GL-002908,552908,Warehouse Expense 2908,Expense,Warehouse,CC-00908,GL-000012,USD,Debit,Income Statement,Yes,TX5,Active,2020-01-01,
GL-002909,562909,Sales Expense 2909,Expense,Sales,CC-00909,GL-000013,USD,Debit,Income Statement,Yes,TX5,Active,2020-01-01,
GL-002910,572910,Administrative Expense 2910,Expense,Administration,CC-00910,GL-000014,USD,Debit,Income Statement,Yes,TX5,Active,2020-01-01,
GL-002911,102911,Cash 2911,Asset,Current Asset,CC-00911,GL-000015,USD,Debit,Balance Sheet,Yes,TX5,Active,2020-01-01,
GL-002912,112912,Accounts Receivable 2912,Asset,Current Asset,CC-00912,GL-000001,USD,Debit,Balance Sheet,Yes,TX14,Active,2020-01-01,
GL-002913,122913,Inventory 2913,Asset,Current Asset,CC-00913,GL-000002,USD,Debit,Balance Sheet,Yes,TX0,Active,2020-01-01,
GL-002914,132914,Fixed Assets 2914,Asset,Non Current Asset,CC-00914,GL-000003,USD,Debit,Balance Sheet,Yes,EXEMPT,Active,2020-01-01,
GL-002915,202915,Accounts Payable 2915,Liability,Current Liability,CC-00915,GL-000004,USD,Credit,Balance Sheet,Yes,TX0,Active,2020-01-01,
GL-002916,302916,Equity 2916,Equity,Equity,CC-00916,GL-000005,USD,Credit,Balance Sheet,Yes,EXEMPT,Active,2020-01-01,
GL-002917,402917,Sales Revenue 2917,Revenue,Operating Revenue,CC-00917,GL-000006,USD,Credit,Income Statement,Yes,TX5,Active,2020-01-01,
GL-002918,502918,Cost of Goods Sold 2918,Expense,COGS,CC-00918,GL-000007,USD,Debit,Income Statement,Yes,TX0,Active,2020-01-01,
GL-002919,512919,Production Cost 2919,Expense,Manufacturing,CC-00919,GL-000008,USD,Debit,Income Statement,Yes,TX14,Active,2020-01-01,
GL-002920,522920,Maintenance Expense 2920,Expense,Maintenance,CC-00920,GL-000009,USD,Debit,Income Statement,Yes,TX5,Active,2020-01-01,
GL-002921,532921,Utilities Expense 2921,Expense,Utilities,CC-00921,GL-000010,USD,Debit,Income Statement,Yes,TX0,Active,2020-01-01,
GL-002922,542922,Quality Expense 2922,Expense,Quality,CC-00922,GL-000011,USD,Debit,Income Statement,Yes,TX14,Active,2020-01-01,
GL-002923,552923,Warehouse Expense 2923,Expense,Warehouse,CC-00923,GL-000012,USD,Debit,Income Statement,Yes,TX5,Active,2020-01-01,
GL-002924,562924,Sales Expense 2924,Expense,Sales,CC-00924,GL-000013,USD,Debit,Income Statement,Yes,EXEMPT,Active,2020-01-01,
GL-002925,572925,Administrative Expense 2925,Expense,Administration,CC-00925,GL-000014,USD,Debit,Income Statement,Yes,TX5,Active,2020-01-01,
GL-002926,102926,Cash 2926,Asset,Current Asset,CC-00926,GL-000015,USD,Debit,Balance Sheet,Yes,TX14,Active,2020-01-01,
GL-002927,112927,Accounts Receivable 2927,Asset,Current Asset,CC-00927,GL-000001,USD,Debit,Balance Sheet,Yes,TX0,Active,2020-01-01,
GL-002928,122928,Inventory 2928,Asset,Current Asset,CC-00928,GL-000002,USD,Debit,Balance Sheet,Yes,TX14,Active,2020-01-01,
GL-002929,132929,Fixed Assets 2929,Asset,Non Current Asset,CC-00929,GL-000003,USD,Debit,Balance Sheet,Yes,TX5,Active,2020-01-01,
GL-002930,202930,Accounts Payable 2930,Liability,Current Liability,CC-00930,GL-000004,USD,Credit,Balance Sheet,Yes,EXEMPT,Active,2020-01-01,
GL-002931,302931,Equity 2931,Equity,Equity,CC-00931,GL-000005,USD,Credit,Balance Sheet,Yes,TX0,Active,2020-01-01,
GL-002932,402932,Sales Revenue 2932,Revenue,Operating Revenue,CC-00932,GL-000006,USD,Credit,Income Statement,Yes,EXEMPT,Active,2020-01-01,
GL-002933,502933,Cost of Goods Sold 2933,Expense,COGS,CC-00933,GL-000007,USD,Debit,Income Statement,Yes,TX0,Active,2020-01-01,
GL-002934,512934,Production Cost 2934,Expense,Manufacturing,CC-00934,GL-000008,USD,Debit,Income Statement,Yes,EXEMPT,Active,2020-01-01,
GL-002935,522935,Maintenance Expense 2935,Expense,Maintenance,CC-00935,GL-000009,USD,Debit,Income Statement,Yes,TX5,Active,2020-01-01,
GL-002936,532936,Utilities Expense 2936,Expense,Utilities,CC-00936,GL-000010,USD,Debit,Income Statement,Yes,TX5,Active,2020-01-01,
GL-002937,542937,Quality Expense 2937,Expense,Quality,CC-00937,GL-000011,USD,Debit,Income Statement,Yes,EXEMPT,Active,2020-01-01,
GL-002938,552938,Warehouse Expense 2938,Expense,Warehouse,CC-00938,GL-000012,USD,Debit,Income Statement,Yes,TX5,Active,2020-01-01,
GL-002939,562939,Sales Expense 2939,Expense,Sales,CC-00939,GL-000013,USD,Debit,Income Statement,Yes,EXEMPT,Active,2020-01-01,
GL-002940,572940,Administrative Expense 2940,Expense,Administration,CC-00940,GL-000014,USD,Debit,Income Statement,Yes,TX0,Active,2020-01-01,
GL-002941,102941,Cash 2941,Asset,Current Asset,CC-00941,GL-000015,USD,Debit,Balance Sheet,Yes,EXEMPT,Active,2020-01-01,
GL-002942,112942,Accounts Receivable 2942,Asset,Current Asset,CC-00942,GL-000001,USD,Debit,Balance Sheet,Yes,TX14,Active,2020-01-01,
GL-002943,122943,Inventory 2943,Asset,Current Asset,CC-00943,GL-000002,USD,Debit,Balance Sheet,Yes,EXEMPT,Active,2020-01-01,
GL-002944,132944,Fixed Assets 2944,Asset,Non Current Asset,CC-00944,GL-000003,USD,Debit,Balance Sheet,Yes,TX14,Active,2020-01-01,
GL-002945,202945,Accounts Payable 2945,Liability,Current Liability,CC-00945,GL-000004,USD,Credit,Balance Sheet,Yes,TX0,Active,2020-01-01,
GL-002946,302946,Equity 2946,Equity,Equity,CC-00946,GL-000005,USD,Credit,Balance Sheet,Yes,TX14,Active,2020-01-01,
GL-002947,402947,Sales Revenue 2947,Revenue,Operating Revenue,CC-00947,GL-000006,USD,Credit,Income Statement,Yes,TX5,Active,2020-01-01,
GL-002948,502948,Cost of Goods Sold 2948,Expense,COGS,CC-00948,GL-000007,USD,Debit,Income Statement,Yes,TX0,Active,2020-01-01,
GL-002949,512949,Production Cost 2949,Expense,Manufacturing,CC-00949,GL-000008,USD,Debit,Income Statement,Yes,EXEMPT,Active,2020-01-01,
GL-002950,522950,Maintenance Expense 2950,Expense,Maintenance,CC-00950,GL-000009,USD,Debit,Income Statement,Yes,TX0,Active,2020-01-01,
GL-002951,532951,Utilities Expense 2951,Expense,Utilities,CC-00951,GL-000010,USD,Debit,Income Statement,Yes,EXEMPT,Active,2020-01-01,
GL-002952,542952,Quality Expense 2952,Expense,Quality,CC-00952,GL-000011,USD,Debit,Income Statement,Yes,TX5,Active,2020-01-01,
GL-002953,552953,Warehouse Expense 2953,Expense,Warehouse,CC-00953,GL-000012,USD,Debit,Income Statement,Yes,TX5,Active,2020-01-01,
GL-002954,562954,Sales Expense 2954,Expense,Sales,CC-00954,GL-000013,USD,Debit,Income Statement,Yes,TX0,Active,2020-01-01,
GL-002955,572955,Administrative Expense 2955,Expense,Administration,CC-00955,GL-000014,USD,Debit,Income Statement,Yes,TX0,Active,2020-01-01,
GL-002956,102956,Cash 2956,Asset,Current Asset,CC-00956,GL-000015,USD,Debit,Balance Sheet,Yes,TX5,Active,2020-01-01,
GL-002957,112957,Accounts Receivable 2957,Asset,Current Asset,CC-00957,GL-000001,USD,Debit,Balance Sheet,Yes,TX5,Active,2020-01-01,
GL-002958,122958,Inventory 2958,Asset,Current Asset,CC-00958,GL-000002,USD,Debit,Balance Sheet,Yes,TX0,Active,2020-01-01,
GL-002959,132959,Fixed Assets 2959,Asset,Non Current Asset,CC-00959,GL-000003,USD,Debit,Balance Sheet,Yes,TX5,Active,2020-01-01,
GL-002960,202960,Accounts Payable 2960,Liability,Current Liability,CC-00960,GL-000004,USD,Credit,Balance Sheet,Yes,TX14,Active,2020-01-01,
GL-002961,302961,Equity 2961,Equity,Equity,CC-00961,GL-000005,USD,Credit,Balance Sheet,Yes,EXEMPT,Active,2020-01-01,
GL-002962,402962,Sales Revenue 2962,Revenue,Operating Revenue,CC-00962,GL-000006,USD,Credit,Income Statement,Yes,TX14,Active,2020-01-01,
GL-002963,502963,Cost of Goods Sold 2963,Expense,COGS,CC-00963,GL-000007,USD,Debit,Income Statement,Yes,EXEMPT,Active,2020-01-01,
GL-002964,512964,Production Cost 2964,Expense,Manufacturing,CC-00964,GL-000008,USD,Debit,Income Statement,Yes,TX14,Active,2020-01-01,
GL-002965,522965,Maintenance Expense 2965,Expense,Maintenance,CC-00965,GL-000009,USD,Debit,Income Statement,Yes,EXEMPT,Active,2020-01-01,
GL-002966,532966,Utilities Expense 2966,Expense,Utilities,CC-00966,GL-000010,USD,Debit,Income Statement,Yes,TX0,Active,2020-01-01,
GL-002967,542967,Quality Expense 2967,Expense,Quality,CC-00967,GL-000011,USD,Debit,Income Statement,Yes,TX5,Active,2020-01-01,
GL-002968,552968,Warehouse Expense 2968,Expense,Warehouse,CC-00968,GL-000012,USD,Debit,Income Statement,Yes,TX14,Active,2020-01-01,
GL-002969,562969,Sales Expense 2969,Expense,Sales,CC-00969,GL-000013,USD,Debit,Income Statement,Yes,TX0,Active,2020-01-01,
GL-002970,572970,Administrative Expense 2970,Expense,Administration,CC-00970,GL-000014,USD,Debit,Income Statement,Yes,TX5,Active,2020-01-01,
GL-002971,102971,Cash 2971,Asset,Current Asset,CC-00971,GL-000015,USD,Debit,Balance Sheet,Yes,TX0,Active,2020-01-01,
GL-002972,112972,Accounts Receivable 2972,Asset,Current Asset,CC-00972,GL-000001,USD,Debit,Balance Sheet,Yes,TX14,Active,2020-01-01,
GL-002973,122973,Inventory 2973,Asset,Current Asset,CC-00973,GL-000002,USD,Debit,Balance Sheet,Yes,TX5,Active,2020-01-01,
GL-002974,132974,Fixed Assets 2974,Asset,Non Current Asset,CC-00974,GL-000003,USD,Debit,Balance Sheet,Yes,TX0,Active,2020-01-01,
GL-002975,202975,Accounts Payable 2975,Liability,Current Liability,CC-00975,GL-000004,USD,Credit,Balance Sheet,Yes,TX14,Active,2020-01-01,
GL-002976,302976,Equity 2976,Equity,Equity,CC-00976,GL-000005,USD,Credit,Balance Sheet,Yes,TX14,Active,2020-01-01,
GL-002977,402977,Sales Revenue 2977,Revenue,Operating Revenue,CC-00977,GL-000006,USD,Credit,Income Statement,Yes,EXEMPT,Active,2020-01-01,
GL-002978,502978,Cost of Goods Sold 2978,Expense,COGS,CC-00978,GL-000007,USD,Debit,Income Statement,Yes,TX14,Active,2020-01-01,
GL-002979,512979,Production Cost 2979,Expense,Manufacturing,CC-00979,GL-000008,USD,Debit,Income Statement,Yes,EXEMPT,Active,2020-01-01,
GL-002980,522980,Maintenance Expense 2980,Expense,Maintenance,CC-00980,GL-000009,USD,Debit,Income Statement,Yes,TX14,Active,2020-01-01,
GL-002981,532981,Utilities Expense 2981,Expense,Utilities,CC-00981,GL-000010,USD,Debit,Income Statement,Yes,TX5,Active,2020-01-01,
GL-002982,542982,Quality Expense 2982,Expense,Quality,CC-00982,GL-000011,USD,Debit,Income Statement,Yes,TX5,Active,2020-01-01,
GL-002983,552983,Warehouse Expense 2983,Expense,Warehouse,CC-00983,GL-000012,USD,Debit,Income Statement,Yes,TX14,Active,2020-01-01,
GL-002984,562984,Sales Expense 2984,Expense,Sales,CC-00984,GL-000013,USD,Debit,Income Statement,Yes,EXEMPT,Active,2020-01-01,
GL-002985,572985,Administrative Expense 2985,Expense,Administration,CC-00985,GL-000014,USD,Debit,Income Statement,Yes,TX0,Active,2020-01-01,
GL-002986,102986,Cash 2986,Asset,Current Asset,CC-00986,GL-000015,USD,Debit,Balance Sheet,Yes,TX14,Active,2020-01-01,
GL-002987,112987,Accounts Receivable 2987,Asset,Current Asset,CC-00987,GL-000001,USD,Debit,Balance Sheet,Yes,TX14,Active,2020-01-01,
GL-002988,122988,Inventory 2988,Asset,Current Asset,CC-00988,GL-000002,USD,Debit,Balance Sheet,Yes,TX5,Active,2020-01-01,
GL-002989,132989,Fixed Assets 2989,Asset,Non Current Asset,CC-00989,GL-000003,USD,Debit,Balance Sheet,Yes,TX14,Active,2020-01-01,
GL-002990,202990,Accounts Payable 2990,Liability,Current Liability,CC-00990,GL-000004,USD,Credit,Balance Sheet,Yes,TX0,Active,2020-01-01,
GL-002991,302991,Equity 2991,Equity,Equity,CC-00991,GL-000005,USD,Credit,Balance Sheet,Yes,EXEMPT,Active,2020-01-01,
GL-002992,402992,Sales Revenue 2992,Revenue,Operating Revenue,CC-00992,GL-000006,USD,Credit,Income Statement,Yes,TX0,Active,2020-01-01,
GL-002993,502993,Cost of Goods Sold 2993,Expense,COGS,CC-00993,GL-000007,USD,Debit,Income Statement,Yes,EXEMPT,Active,2020-01-01,
GL-002994,512994,Production Cost 2994,Expense,Manufacturing,CC-00994,GL-000008,USD,Debit,Income Statement,Yes,TX0,Active,2020-01-01,
GL-002995,522995,Maintenance Expense 2995,Expense,Maintenance,CC-00995,GL-000009,USD,Debit,Income Statement,Yes,EXEMPT,Active,2020-01-01,
GL-002996,532996,Utilities Expense 2996,Expense,Utilities,CC-00996,GL-000010,USD,Debit,Income Statement,Yes,EXEMPT,Active,2020-01-01,
GL-002997,542997,Quality Expense 2997,Expense,Quality,CC-00997,GL-000011,USD,Debit,Income Statement,Yes,TX5,Active,2020-01-01,
GL-002998,552998,Warehouse Expense 2998,Expense,Warehouse,CC-00998,GL-000012,USD,Debit,Income Statement,Yes,EXEMPT,Active,2020-01-01,
GL-002999,562999,Sales Expense 2999,Expense,Sales,CC-00999,GL-000013,USD,Debit,Income Statement,Yes,TX14,Active,2020-01-01,
GL-003000,573000,Administrative Expense 3000,Expense,Administration,CC-01000,GL-000014,USD,Debit,Income Statement,Yes,TX5,Active,2020-01-01,
GL-003001,103001,Cash 3001,Asset,Current Asset,CC-00001,GL-000015,USD,Debit,Balance Sheet,Yes,TX14,Active,2020-01-01,
GL-003002,113002,Accounts Receivable 3002,Asset,Current Asset,CC-00002,GL-000001,USD,Debit,Balance Sheet,Yes,EXEMPT,Active,2020-01-01,
GL-003003,123003,Inventory 3003,Asset,Current Asset,CC-00003,GL-000002,USD,Debit,Balance Sheet,Yes,TX14,Active,2020-01-01,
GL-003004,133004,Fixed Assets 3004,Asset,Non Current Asset,CC-00004,GL-000003,USD,Debit,Balance Sheet,Yes,EXEMPT,Active,2020-01-01,
GL-003005,203005,Accounts Payable 3005,Liability,Current Liability,CC-00005,GL-000004,USD,Credit,Balance Sheet,Yes,TX0,Active,2020-01-01,
GL-003006,303006,Equity 3006,Equity,Equity,CC-00006,GL-000005,USD,Credit,Balance Sheet,Yes,EXEMPT,Active,2020-01-01,
GL-003007,403007,Sales Revenue 3007,Revenue,Operating Revenue,CC-00007,GL-000006,USD,Credit,Income Statement,Yes,TX5,Active,2020-01-01,
GL-003008,503008,Cost of Goods Sold 3008,Expense,COGS,CC-00008,GL-000007,USD,Debit,Income Statement,Yes,TX5,Active,2020-01-01,
GL-003009,513009,Production Cost 3009,Expense,Manufacturing,CC-00009,GL-000008,USD,Debit,Income Statement,Yes,EXEMPT,Active,2020-01-01,
GL-003010,523010,Maintenance Expense 3010,Expense,Maintenance,CC-00010,GL-000009,USD,Debit,Income Statement,Yes,TX14,Active,2020-01-01,
GL-003011,533011,Utilities Expense 3011,Expense,Utilities,CC-00011,GL-000010,USD,Debit,Income Statement,Yes,EXEMPT,Active,2020-01-01,
GL-003012,543012,Quality Expense 3012,Expense,Quality,CC-00012,GL-000011,USD,Debit,Income Statement,Yes,EXEMPT,Active,2020-01-01,
GL-003013,553013,Warehouse Expense 3013,Expense,Warehouse,CC-00013,GL-000012,USD,Debit,Income Statement,Yes,TX5,Active,2020-01-01,
GL-003014,563014,Sales Expense 3014,Expense,Sales,CC-00014,GL-000013,USD,Debit,Income Statement,Yes,EXEMPT,Active,2020-01-01,
GL-003015,573015,Administrative Expense 3015,Expense,Administration,CC-00015,GL-000014,USD,Debit,Income Statement,Yes,TX0,Active,2020-01-01,
GL-003016,103016,Cash 3016,Asset,Current Asset,CC-00016,GL-000015,USD,Debit,Balance Sheet,Yes,TX0,Active,2020-01-01,
GL-003017,113017,Accounts Receivable 3017,Asset,Current Asset,CC-00017,GL-000001,USD,Debit,Balance Sheet,Yes,TX14,Active,2020-01-01,
GL-003018,123018,Inventory 3018,Asset,Current Asset,CC-00018,GL-000002,USD,Debit,Balance Sheet,Yes,TX14,Active,2020-01-01,
GL-003019,133019,Fixed Assets 3019,Asset,Non Current Asset,CC-00019,GL-000003,USD,Debit,Balance Sheet,Yes,TX0,Active,2020-01-01,
GL-003020,203020,Accounts Payable 3020,Liability,Current Liability,CC-00020,GL-000004,USD,Credit,Balance Sheet,Yes,TX0,Active,2020-01-01,
GL-003021,303021,Equity 3021,Equity,Equity,CC-00021,GL-000005,USD,Credit,Balance Sheet,Yes,TX0,Active,2020-01-01,
GL-003022,403022,Sales Revenue 3022,Revenue,Operating Revenue,CC-00022,GL-000006,USD,Credit,Income Statement,Yes,TX14,Active,2020-01-01,
GL-003023,503023,Cost of Goods Sold 3023,Expense,COGS,CC-00023,GL-000007,USD,Debit,Income Statement,Yes,TX0,Active,2020-01-01,
GL-003024,513024,Production Cost 3024,Expense,Manufacturing,CC-00024,GL-000008,USD,Debit,Income Statement,Yes,TX0,Active,2020-01-01,
GL-003025,523025,Maintenance Expense 3025,Expense,Maintenance,CC-00025,GL-000009,USD,Debit,Income Statement,Yes,TX14,Active,2020-01-01,
GL-003026,533026,Utilities Expense 3026,Expense,Utilities,CC-00026,GL-000010,USD,Debit,Income Statement,Yes,TX14,Active,2020-01-01,
GL-003027,543027,Quality Expense 3027,Expense,Quality,CC-00027,GL-000011,USD,Debit,Income Statement,Yes,EXEMPT,Active,2020-01-01,
GL-003028,553028,Warehouse Expense 3028,Expense,Warehouse,CC-00028,GL-000012,USD,Debit,Income Statement,Yes,TX0,Active,2020-01-01,
GL-003029,563029,Sales Expense 3029,Expense,Sales,CC-00029,GL-000013,USD,Debit,Income Statement,Yes,EXEMPT,Active,2020-01-01,
GL-003030,573030,Administrative Expense 3030,Expense,Administration,CC-00030,GL-000014,USD,Debit,Income Statement,Yes,TX0,Active,2020-01-01,
GL-003031,103031,Cash 3031,Asset,Current Asset,CC-00031,GL-000015,USD,Debit,Balance Sheet,Yes,EXEMPT,Active,2020-01-01,
GL-003032,113032,Accounts Receivable 3032,Asset,Current Asset,CC-00032,GL-000001,USD,Debit,Balance Sheet,Yes,TX5,Active,2020-01-01,
GL-003033,123033,Inventory 3033,Asset,Current Asset,CC-00033,GL-000002,USD,Debit,Balance Sheet,Yes,TX14,Active,2020-01-01,
GL-003034,133034,Fixed Assets 3034,Asset,Non Current Asset,CC-00034,GL-000003,USD,Debit,Balance Sheet,Yes,TX0,Active,2020-01-01,
GL-003035,203035,Accounts Payable 3035,Liability,Current Liability,CC-00035,GL-000004,USD,Credit,Balance Sheet,Yes,TX0,Active,2020-01-01,
GL-003036,303036,Equity 3036,Equity,Equity,CC-00036,GL-000005,USD,Credit,Balance Sheet,Yes,EXEMPT,Active,2020-01-01,
GL-003037,403037,Sales Revenue 3037,Revenue,Operating Revenue,CC-00037,GL-000006,USD,Credit,Income Statement,Yes,TX0,Active,2020-01-01,
GL-003038,503038,Cost of Goods Sold 3038,Expense,COGS,CC-00038,GL-000007,USD,Debit,Income Statement,Yes,TX5,Active,2020-01-01,
GL-003039,513039,Production Cost 3039,Expense,Manufacturing,CC-00039,GL-000008,USD,Debit,Income Statement,Yes,TX0,Active,2020-01-01,
GL-003040,523040,Maintenance Expense 3040,Expense,Maintenance,CC-00040,GL-000009,USD,Debit,Income Statement,Yes,TX14,Active,2020-01-01,
GL-003041,533041,Utilities Expense 3041,Expense,Utilities,CC-00041,GL-000010,USD,Debit,Income Statement,Yes,EXEMPT,Active,2020-01-01,
GL-003042,543042,Quality Expense 3042,Expense,Quality,CC-00042,GL-000011,USD,Debit,Income Statement,Yes,TX0,Active,2020-01-01,
GL-003043,553043,Warehouse Expense 3043,Expense,Warehouse,CC-00043,GL-000012,USD,Debit,Income Statement,Yes,EXEMPT,Active,2020-01-01,
GL-003044,563044,Sales Expense 3044,Expense,Sales,CC-00044,GL-000013,USD,Debit,Income Statement,Yes,EXEMPT,Active,2020-01-01,
GL-003045,573045,Administrative Expense 3045,Expense,Administration,CC-00045,GL-000014,USD,Debit,Income Statement,Yes,TX14,Active,2020-01-01,
GL-003046,103046,Cash 3046,Asset,Current Asset,CC-00046,GL-000015,USD,Debit,Balance Sheet,Yes,TX14,Active,2020-01-01,
GL-003047,113047,Accounts Receivable 3047,Asset,Current Asset,CC-00047,GL-000001,USD,Debit,Balance Sheet,Yes,TX5,Active,2020-01-01,
GL-003048,123048,Inventory 3048,Asset,Current Asset,CC-00048,GL-000002,USD,Debit,Balance Sheet,Yes,TX0,Active,2020-01-01,
GL-003049,133049,Fixed Assets 3049,Asset,Non Current Asset,CC-00049,GL-000003,USD,Debit,Balance Sheet,Yes,EXEMPT,Active,2020-01-01,
GL-003050,203050,Accounts Payable 3050,Liability,Current Liability,CC-00050,GL-000004,USD,Credit,Balance Sheet,Yes,TX5,Active,2020-01-01,
GL-003051,303051,Equity 3051,Equity,Equity,CC-00051,GL-000005,USD,Credit,Balance Sheet,Yes,TX14,Active,2020-01-01,
GL-003052,403052,Sales Revenue 3052,Revenue,Operating Revenue,CC-00052,GL-000006,USD,Credit,Income Statement,Yes,EXEMPT,Active,2020-01-01,
GL-003053,503053,Cost of Goods Sold 3053,Expense,COGS,CC-00053,GL-000007,USD,Debit,Income Statement,Yes,TX14,Active,2020-01-01,
GL-003054,513054,Production Cost 3054,Expense,Manufacturing,CC-00054,GL-000008,USD,Debit,Income Statement,Yes,TX5,Active,2020-01-01,
GL-003055,523055,Maintenance Expense 3055,Expense,Maintenance,CC-00055,GL-000009,USD,Debit,Income Statement,Yes,TX0,Active,2020-01-01,
GL-003056,533056,Utilities Expense 3056,Expense,Utilities,CC-00056,GL-000010,USD,Debit,Income Statement,Yes,TX5,Active,2020-01-01,
GL-003057,543057,Quality Expense 3057,Expense,Quality,CC-00057,GL-000011,USD,Debit,Income Statement,Yes,TX5,Active,2020-01-01,
GL-003058,553058,Warehouse Expense 3058,Expense,Warehouse,CC-00058,GL-000012,USD,Debit,Income Statement,Yes,TX0,Active,2020-01-01,
GL-003059,563059,Sales Expense 3059,Expense,Sales,CC-00059,GL-000013,USD,Debit,Income Statement,Yes,TX0,Active,2020-01-01,
GL-003060,573060,Administrative Expense 3060,Expense,Administration,CC-00060,GL-000014,USD,Debit,Income Statement,Yes,EXEMPT,Active,2020-01-01,
GL-003061,103061,Cash 3061,Asset,Current Asset,CC-00061,GL-000015,USD,Debit,Balance Sheet,Yes,TX5,Active,2020-01-01,
GL-003062,113062,Accounts Receivable 3062,Asset,Current Asset,CC-00062,GL-000001,USD,Debit,Balance Sheet,Yes,TX14,Active,2020-01-01,
GL-003063,123063,Inventory 3063,Asset,Current Asset,CC-00063,GL-000002,USD,Debit,Balance Sheet,Yes,TX0,Active,2020-01-01,
GL-003064,133064,Fixed Assets 3064,Asset,Non Current Asset,CC-00064,GL-000003,USD,Debit,Balance Sheet,Yes,TX14,Active,2020-01-01,
GL-003065,203065,Accounts Payable 3065,Liability,Current Liability,CC-00065,GL-000004,USD,Credit,Balance Sheet,Yes,TX0,Active,2020-01-01,
GL-003066,303066,Equity 3066,Equity,Equity,CC-00066,GL-000005,USD,Credit,Balance Sheet,Yes,TX14,Active,2020-01-01,
GL-003067,403067,Sales Revenue 3067,Revenue,Operating Revenue,CC-00067,GL-000006,USD,Credit,Income Statement,Yes,TX5,Active,2020-01-01,
GL-003068,503068,Cost of Goods Sold 3068,Expense,COGS,CC-00068,GL-000007,USD,Debit,Income Statement,Yes,TX5,Active,2020-01-01,
GL-003069,513069,Production Cost 3069,Expense,Manufacturing,CC-00069,GL-000008,USD,Debit,Income Statement,Yes,TX0,Active,2020-01-01,
GL-003070,523070,Maintenance Expense 3070,Expense,Maintenance,CC-00070,GL-000009,USD,Debit,Income Statement,Yes,TX0,Active,2020-01-01,
GL-003071,533071,Utilities Expense 3071,Expense,Utilities,CC-00071,GL-000010,USD,Debit,Income Statement,Yes,TX14,Active,2020-01-01,
GL-003072,543072,Quality Expense 3072,Expense,Quality,CC-00072,GL-000011,USD,Debit,Income Statement,Yes,TX5,Active,2020-01-01,
GL-003073,553073,Warehouse Expense 3073,Expense,Warehouse,CC-00073,GL-000012,USD,Debit,Income Statement,Yes,TX5,Active,2020-01-01,
GL-003074,563074,Sales Expense 3074,Expense,Sales,CC-00074,GL-000013,USD,Debit,Income Statement,Yes,TX14,Active,2020-01-01,
GL-003075,573075,Administrative Expense 3075,Expense,Administration,CC-00075,GL-000014,USD,Debit,Income Statement,Yes,TX14,Active,2020-01-01,
GL-003076,103076,Cash 3076,Asset,Current Asset,CC-00076,GL-000015,USD,Debit,Balance Sheet,Yes,TX5,Active,2020-01-01,
GL-003077,113077,Accounts Receivable 3077,Asset,Current Asset,CC-00077,GL-000001,USD,Debit,Balance Sheet,Yes,TX5,Active,2020-01-01,
GL-003078,123078,Inventory 3078,Asset,Current Asset,CC-00078,GL-000002,USD,Debit,Balance Sheet,Yes,TX0,Active,2020-01-01,
GL-003079,133079,Fixed Assets 3079,Asset,Non Current Asset,CC-00079,GL-000003,USD,Debit,Balance Sheet,Yes,TX14,Active,2020-01-01,
GL-003080,203080,Accounts Payable 3080,Liability,Current Liability,CC-00080,GL-000004,USD,Credit,Balance Sheet,Yes,TX5,Active,2020-01-01,
GL-003081,303081,Equity 3081,Equity,Equity,CC-00081,GL-000005,USD,Credit,Balance Sheet,Yes,TX5,Active,2020-01-01,
GL-003082,403082,Sales Revenue 3082,Revenue,Operating Revenue,CC-00082,GL-000006,USD,Credit,Income Statement,Yes,EXEMPT,Active,2020-01-01,
GL-003083,503083,Cost of Goods Sold 3083,Expense,COGS,CC-00083,GL-000007,USD,Debit,Income Statement,Yes,TX0,Active,2020-01-01,
GL-003084,513084,Production Cost 3084,Expense,Manufacturing,CC-00084,GL-000008,USD,Debit,Income Statement,Yes,TX14,Active,2020-01-01,
GL-003085,523085,Maintenance Expense 3085,Expense,Maintenance,CC-00085,GL-000009,USD,Debit,Income Statement,Yes,TX14,Active,2020-01-01,
GL-003086,533086,Utilities Expense 3086,Expense,Utilities,CC-00086,GL-000010,USD,Debit,Income Statement,Yes,TX14,Active,2020-01-01,
GL-003087,543087,Quality Expense 3087,Expense,Quality,CC-00087,GL-000011,USD,Debit,Income Statement,Yes,TX5,Active,2020-01-01,
GL-003088,553088,Warehouse Expense 3088,Expense,Warehouse,CC-00088,GL-000012,USD,Debit,Income Statement,Yes,EXEMPT,Active,2020-01-01,
GL-003089,563089,Sales Expense 3089,Expense,Sales,CC-00089,GL-000013,USD,Debit,Income Statement,Yes,TX14,Active,2020-01-01,
GL-003090,573090,Administrative Expense 3090,Expense,Administration,CC-00090,GL-000014,USD,Debit,Income Statement,Yes,TX5,Active,2020-01-01,
GL-003091,103091,Cash 3091,Asset,Current Asset,CC-00091,GL-000015,USD,Debit,Balance Sheet,Yes,TX14,Active,2020-01-01,
GL-003092,113092,Accounts Receivable 3092,Asset,Current Asset,CC-00092,GL-000001,USD,Debit,Balance Sheet,Yes,TX14,Active,2020-01-01,
GL-003093,123093,Inventory 3093,Asset,Current Asset,CC-00093,GL-000002,USD,Debit,Balance Sheet,Yes,TX0,Active,2020-01-01,
GL-003094,133094,Fixed Assets 3094,Asset,Non Current Asset,CC-00094,GL-000003,USD,Debit,Balance Sheet,Yes,EXEMPT,Active,2020-01-01,
GL-003095,203095,Accounts Payable 3095,Liability,Current Liability,CC-00095,GL-000004,USD,Credit,Balance Sheet,Yes,TX14,Active,2020-01-01,
GL-003096,303096,Equity 3096,Equity,Equity,CC-00096,GL-000005,USD,Credit,Balance Sheet,Yes,TX14,Active,2020-01-01,
GL-003097,403097,Sales Revenue 3097,Revenue,Operating Revenue,CC-00097,GL-000006,USD,Credit,Income Statement,Yes,EXEMPT,Active,2020-01-01,
GL-003098,503098,Cost of Goods Sold 3098,Expense,COGS,CC-00098,GL-000007,USD,Debit,Income Statement,Yes,TX0,Active,2020-01-01,
GL-003099,513099,Production Cost 3099,Expense,Manufacturing,CC-00099,GL-000008,USD,Debit,Income Statement,Yes,EXEMPT,Active,2020-01-01,
GL-003100,523100,Maintenance Expense 3100,Expense,Maintenance,CC-00100,GL-000009,USD,Debit,Income Statement,Yes,EXEMPT,Active,2020-01-01,
GL-003101,533101,Utilities Expense 3101,Expense,Utilities,CC-00101,GL-000010,USD,Debit,Income Statement,Yes,TX5,Active,2020-01-01,
GL-003102,543102,Quality Expense 3102,Expense,Quality,CC-00102,GL-000011,USD,Debit,Income Statement,Yes,TX0,Active,2020-01-01,
GL-003103,553103,Warehouse Expense 3103,Expense,Warehouse,CC-00103,GL-000012,USD,Debit,Income Statement,Yes,TX14,Active,2020-01-01,
GL-003104,563104,Sales Expense 3104,Expense,Sales,CC-00104,GL-000013,USD,Debit,Income Statement,Yes,TX5,Active,2020-01-01,
GL-003105,573105,Administrative Expense 3105,Expense,Administration,CC-00105,GL-000014,USD,Debit,Income Statement,Yes,TX0,Active,2020-01-01,
GL-003106,103106,Cash 3106,Asset,Current Asset,CC-00106,GL-000015,USD,Debit,Balance Sheet,Yes,EXEMPT,Active,2020-01-01,
GL-003107,113107,Accounts Receivable 3107,Asset,Current Asset,CC-00107,GL-000001,USD,Debit,Balance Sheet,Yes,TX14,Active,2020-01-01,
GL-003108,123108,Inventory 3108,Asset,Current Asset,CC-00108,GL-000002,USD,Debit,Balance Sheet,Yes,TX0,Active,2020-01-01,
GL-003109,133109,Fixed Assets 3109,Asset,Non Current Asset,CC-00109,GL-000003,USD,Debit,Balance Sheet,Yes,EXEMPT,Active,2020-01-01,
GL-003110,203110,Accounts Payable 3110,Liability,Current Liability,CC-00110,GL-000004,USD,Credit,Balance Sheet,Yes,TX5,Active,2020-01-01,
GL-003111,303111,Equity 3111,Equity,Equity,CC-00111,GL-000005,USD,Credit,Balance Sheet,Yes,EXEMPT,Active,2020-01-01,
GL-003112,403112,Sales Revenue 3112,Revenue,Operating Revenue,CC-00112,GL-000006,USD,Credit,Income Statement,Yes,TX14,Active,2020-01-01,
GL-003113,503113,Cost of Goods Sold 3113,Expense,COGS,CC-00113,GL-000007,USD,Debit,Income Statement,Yes,TX14,Active,2020-01-01,
GL-003114,513114,Production Cost 3114,Expense,Manufacturing,CC-00114,GL-000008,USD,Debit,Income Statement,Yes,TX5,Active,2020-01-01,
GL-003115,523115,Maintenance Expense 3115,Expense,Maintenance,CC-00115,GL-000009,USD,Debit,Income Statement,Yes,TX14,Active,2020-01-01,
GL-003116,533116,Utilities Expense 3116,Expense,Utilities,CC-00116,GL-000010,USD,Debit,Income Statement,Yes,EXEMPT,Active,2020-01-01,
GL-003117,543117,Quality Expense 3117,Expense,Quality,CC-00117,GL-000011,USD,Debit,Income Statement,Yes,TX14,Active,2020-01-01,
GL-003118,553118,Warehouse Expense 3118,Expense,Warehouse,CC-00118,GL-000012,USD,Debit,Income Statement,Yes,TX14,Active,2020-01-01,
GL-003119,563119,Sales Expense 3119,Expense,Sales,CC-00119,GL-000013,USD,Debit,Income Statement,Yes,EXEMPT,Active,2020-01-01,
GL-003120,573120,Administrative Expense 3120,Expense,Administration,CC-00120,GL-000014,USD,Debit,Income Statement,Yes,TX14,Active,2020-01-01,
GL-003121,103121,Cash 3121,Asset,Current Asset,CC-00121,GL-000015,USD,Debit,Balance Sheet,Yes,TX5,Active,2020-01-01,
GL-003122,113122,Accounts Receivable 3122,Asset,Current Asset,CC-00122,GL-000001,USD,Debit,Balance Sheet,Yes,TX14,Active,2020-01-01,
GL-003123,123123,Inventory 3123,Asset,Current Asset,CC-00123,GL-000002,USD,Debit,Balance Sheet,Yes,TX5,Active,2020-01-01,
GL-003124,133124,Fixed Assets 3124,Asset,Non Current Asset,CC-00124,GL-000003,USD,Debit,Balance Sheet,Yes,EXEMPT,Active,2020-01-01,
GL-003125,203125,Accounts Payable 3125,Liability,Current Liability,CC-00125,GL-000004,USD,Credit,Balance Sheet,Yes,TX5,Active,2020-01-01,
GL-003126,303126,Equity 3126,Equity,Equity,CC-00126,GL-000005,USD,Credit,Balance Sheet,Yes,TX5,Active,2020-01-01,
GL-003127,403127,Sales Revenue 3127,Revenue,Operating Revenue,CC-00127,GL-000006,USD,Credit,Income Statement,Yes,TX5,Active,2020-01-01,
GL-003128,503128,Cost of Goods Sold 3128,Expense,COGS,CC-00128,GL-000007,USD,Debit,Income Statement,Yes,EXEMPT,Active,2020-01-01,
GL-003129,513129,Production Cost 3129,Expense,Manufacturing,CC-00129,GL-000008,USD,Debit,Income Statement,Yes,TX0,Active,2020-01-01,
GL-003130,523130,Maintenance Expense 3130,Expense,Maintenance,CC-00130,GL-000009,USD,Debit,Income Statement,Yes,TX5,Active,2020-01-01,
GL-003131,533131,Utilities Expense 3131,Expense,Utilities,CC-00131,GL-000010,USD,Debit,Income Statement,Yes,TX0,Active,2020-01-01,
GL-003132,543132,Quality Expense 3132,Expense,Quality,CC-00132,GL-000011,USD,Debit,Income Statement,Yes,TX0,Active,2020-01-01,
GL-003133,553133,Warehouse Expense 3133,Expense,Warehouse,CC-00133,GL-000012,USD,Debit,Income Statement,Yes,TX0,Active,2020-01-01,
GL-003134,563134,Sales Expense 3134,Expense,Sales,CC-00134,GL-000013,USD,Debit,Income Statement,Yes,TX5,Active,2020-01-01,
GL-003135,573135,Administrative Expense 3135,Expense,Administration,CC-00135,GL-000014,USD,Debit,Income Statement,Yes,TX0,Active,2020-01-01,
GL-003136,103136,Cash 3136,Asset,Current Asset,CC-00136,GL-000015,USD,Debit,Balance Sheet,Yes,TX5,Active,2020-01-01,
GL-003137,113137,Accounts Receivable 3137,Asset,Current Asset,CC-00137,GL-000001,USD,Debit,Balance Sheet,Yes,TX0,Active,2020-01-01,
GL-003138,123138,Inventory 3138,Asset,Current Asset,CC-00138,GL-000002,USD,Debit,Balance Sheet,Yes,TX0,Active,2020-01-01,
GL-003139,133139,Fixed Assets 3139,Asset,Non Current Asset,CC-00139,GL-000003,USD,Debit,Balance Sheet,Yes,TX0,Active,2020-01-01,
GL-003140,203140,Accounts Payable 3140,Liability,Current Liability,CC-00140,GL-000004,USD,Credit,Balance Sheet,Yes,TX0,Active,2020-01-01,
GL-003141,303141,Equity 3141,Equity,Equity,CC-00141,GL-000005,USD,Credit,Balance Sheet,Yes,TX5,Active,2020-01-01,
GL-003142,403142,Sales Revenue 3142,Revenue,Operating Revenue,CC-00142,GL-000006,USD,Credit,Income Statement,Yes,TX14,Active,2020-01-01,
GL-003143,503143,Cost of Goods Sold 3143,Expense,COGS,CC-00143,GL-000007,USD,Debit,Income Statement,Yes,TX0,Active,2020-01-01,
GL-003144,513144,Production Cost 3144,Expense,Manufacturing,CC-00144,GL-000008,USD,Debit,Income Statement,Yes,TX14,Active,2020-01-01,
GL-003145,523145,Maintenance Expense 3145,Expense,Maintenance,CC-00145,GL-000009,USD,Debit,Income Statement,Yes,TX14,Active,2020-01-01,
GL-003146,533146,Utilities Expense 3146,Expense,Utilities,CC-00146,GL-000010,USD,Debit,Income Statement,Yes,TX5,Active,2020-01-01,
GL-003147,543147,Quality Expense 3147,Expense,Quality,CC-00147,GL-000011,USD,Debit,Income Statement,Yes,TX0,Active,2020-01-01,
GL-003148,553148,Warehouse Expense 3148,Expense,Warehouse,CC-00148,GL-000012,USD,Debit,Income Statement,Yes,TX0,Active,2020-01-01,
GL-003149,563149,Sales Expense 3149,Expense,Sales,CC-00149,GL-000013,USD,Debit,Income Statement,Yes,TX0,Active,2020-01-01,
GL-003150,573150,Administrative Expense 3150,Expense,Administration,CC-00150,GL-000014,USD,Debit,Income Statement,Yes,EXEMPT,Active,2020-01-01,
GL-003151,103151,Cash 3151,Asset,Current Asset,CC-00151,GL-000015,USD,Debit,Balance Sheet,Yes,TX0,Active,2020-01-01,
GL-003152,113152,Accounts Receivable 3152,Asset,Current Asset,CC-00152,GL-000001,USD,Debit,Balance Sheet,Yes,TX0,Active,2020-01-01,
GL-003153,123153,Inventory 3153,Asset,Current Asset,CC-00153,GL-000002,USD,Debit,Balance Sheet,Yes,TX5,Active,2020-01-01,
GL-003154,133154,Fixed Assets 3154,Asset,Non Current Asset,CC-00154,GL-000003,USD,Debit,Balance Sheet,Yes,TX5,Active,2020-01-01,
GL-003155,203155,Accounts Payable 3155,Liability,Current Liability,CC-00155,GL-000004,USD,Credit,Balance Sheet,Yes,EXEMPT,Active,2020-01-01,
GL-003156,303156,Equity 3156,Equity,Equity,CC-00156,GL-000005,USD,Credit,Balance Sheet,Yes,TX14,Active,2020-01-01,
GL-003157,403157,Sales Revenue 3157,Revenue,Operating Revenue,CC-00157,GL-000006,USD,Credit,Income Statement,Yes,TX0,Active,2020-01-01,
GL-003158,503158,Cost of Goods Sold 3158,Expense,COGS,CC-00158,GL-000007,USD,Debit,Income Statement,Yes,TX14,Active,2020-01-01,
GL-003159,513159,Production Cost 3159,Expense,Manufacturing,CC-00159,GL-000008,USD,Debit,Income Statement,Yes,TX5,Active,2020-01-01,
GL-003160,523160,Maintenance Expense 3160,Expense,Maintenance,CC-00160,GL-000009,USD,Debit,Income Statement,Yes,TX5,Active,2020-01-01,
GL-003161,533161,Utilities Expense 3161,Expense,Utilities,CC-00161,GL-000010,USD,Debit,Income Statement,Yes,TX5,Active,2020-01-01,
GL-003162,543162,Quality Expense 3162,Expense,Quality,CC-00162,GL-000011,USD,Debit,Income Statement,Yes,EXEMPT,Active,2020-01-01,
GL-003163,553163,Warehouse Expense 3163,Expense,Warehouse,CC-00163,GL-000012,USD,Debit,Income Statement,Yes,TX5,Active,2020-01-01,
GL-003164,563164,Sales Expense 3164,Expense,Sales,CC-00164,GL-000013,USD,Debit,Income Statement,Yes,TX5,Active,2020-01-01,
GL-003165,573165,Administrative Expense 3165,Expense,Administration,CC-00165,GL-000014,USD,Debit,Income Statement,Yes,EXEMPT,Active,2020-01-01,
GL-003166,103166,Cash 3166,Asset,Current Asset,CC-00166,GL-000015,USD,Debit,Balance Sheet,Yes,TX5,Active,2020-01-01,
GL-003167,113167,Accounts Receivable 3167,Asset,Current Asset,CC-00167,GL-000001,USD,Debit,Balance Sheet,Yes,TX14,Active,2020-01-01,
GL-003168,123168,Inventory 3168,Asset,Current Asset,CC-00168,GL-000002,USD,Debit,Balance Sheet,Yes,EXEMPT,Active,2020-01-01,
GL-003169,133169,Fixed Assets 3169,Asset,Non Current Asset,CC-00169,GL-000003,USD,Debit,Balance Sheet,Yes,TX5,Active,2020-01-01,
GL-003170,203170,Accounts Payable 3170,Liability,Current Liability,CC-00170,GL-000004,USD,Credit,Balance Sheet,Yes,TX0,Active,2020-01-01,
GL-003171,303171,Equity 3171,Equity,Equity,CC-00171,GL-000005,USD,Credit,Balance Sheet,Yes,TX0,Active,2020-01-01,
GL-003172,403172,Sales Revenue 3172,Revenue,Operating Revenue,CC-00172,GL-000006,USD,Credit,Income Statement,Yes,TX14,Active,2020-01-01,
GL-003173,503173,Cost of Goods Sold 3173,Expense,COGS,CC-00173,GL-000007,USD,Debit,Income Statement,Yes,TX0,Active,2020-01-01,
GL-003174,513174,Production Cost 3174,Expense,Manufacturing,CC-00174,GL-000008,USD,Debit,Income Statement,Yes,TX14,Active,2020-01-01,
GL-003175,523175,Maintenance Expense 3175,Expense,Maintenance,CC-00175,GL-000009,USD,Debit,Income Statement,Yes,TX0,Active,2020-01-01,
GL-003176,533176,Utilities Expense 3176,Expense,Utilities,CC-00176,GL-000010,USD,Debit,Income Statement,Yes,EXEMPT,Active,2020-01-01,
GL-003177,543177,Quality Expense 3177,Expense,Quality,CC-00177,GL-000011,USD,Debit,Income Statement,Yes,EXEMPT,Active,2020-01-01,
GL-003178,553178,Warehouse Expense 3178,Expense,Warehouse,CC-00178,GL-000012,USD,Debit,Income Statement,Yes,TX0,Active,2020-01-01,
GL-003179,563179,Sales Expense 3179,Expense,Sales,CC-00179,GL-000013,USD,Debit,Income Statement,Yes,TX5,Active,2020-01-01,
GL-003180,573180,Administrative Expense 3180,Expense,Administration,CC-00180,GL-000014,USD,Debit,Income Statement,Yes,TX5,Active,2020-01-01,
GL-003181,103181,Cash 3181,Asset,Current Asset,CC-00181,GL-000015,USD,Debit,Balance Sheet,Yes,EXEMPT,Active,2020-01-01,
GL-003182,113182,Accounts Receivable 3182,Asset,Current Asset,CC-00182,GL-000001,USD,Debit,Balance Sheet,Yes,TX5,Active,2020-01-01,
GL-003183,123183,Inventory 3183,Asset,Current Asset,CC-00183,GL-000002,USD,Debit,Balance Sheet,Yes,TX5,Active,2020-01-01,
GL-003184,133184,Fixed Assets 3184,Asset,Non Current Asset,CC-00184,GL-000003,USD,Debit,Balance Sheet,Yes,EXEMPT,Active,2020-01-01,
GL-003185,203185,Accounts Payable 3185,Liability,Current Liability,CC-00185,GL-000004,USD,Credit,Balance Sheet,Yes,TX14,Active,2020-01-01,
GL-003186,303186,Equity 3186,Equity,Equity,CC-00186,GL-000005,USD,Credit,Balance Sheet,Yes,TX5,Active,2020-01-01,
GL-003187,403187,Sales Revenue 3187,Revenue,Operating Revenue,CC-00187,GL-000006,USD,Credit,Income Statement,Yes,TX14,Active,2020-01-01,
GL-003188,503188,Cost of Goods Sold 3188,Expense,COGS,CC-00188,GL-000007,USD,Debit,Income Statement,Yes,EXEMPT,Active,2020-01-01,
GL-003189,513189,Production Cost 3189,Expense,Manufacturing,CC-00189,GL-000008,USD,Debit,Income Statement,Yes,TX14,Active,2020-01-01,
GL-003190,523190,Maintenance Expense 3190,Expense,Maintenance,CC-00190,GL-000009,USD,Debit,Income Statement,Yes,TX14,Active,2020-01-01,
GL-003191,533191,Utilities Expense 3191,Expense,Utilities,CC-00191,GL-000010,USD,Debit,Income Statement,Yes,EXEMPT,Active,2020-01-01,
GL-003192,543192,Quality Expense 3192,Expense,Quality,CC-00192,GL-000011,USD,Debit,Income Statement,Yes,TX0,Active,2020-01-01,
GL-003193,553193,Warehouse Expense 3193,Expense,Warehouse,CC-00193,GL-000012,USD,Debit,Income Statement,Yes,TX14,Active,2020-01-01,
GL-003194,563194,Sales Expense 3194,Expense,Sales,CC-00194,GL-000013,USD,Debit,Income Statement,Yes,TX0,Active,2020-01-01,
GL-003195,573195,Administrative Expense 3195,Expense,Administration,CC-00195,GL-000014,USD,Debit,Income Statement,Yes,TX14,Active,2020-01-01,
GL-003196,103196,Cash 3196,Asset,Current Asset,CC-00196,GL-000015,USD,Debit,Balance Sheet,Yes,EXEMPT,Active,2020-01-01,
GL-003197,113197,Accounts Receivable 3197,Asset,Current Asset,CC-00197,GL-000001,USD,Debit,Balance Sheet,Yes,EXEMPT,Active,2020-01-01,
GL-003198,123198,Inventory 3198,Asset,Current Asset,CC-00198,GL-000002,USD,Debit,Balance Sheet,Yes,TX5,Active,2020-01-01,
GL-003199,133199,Fixed Assets 3199,Asset,Non Current Asset,CC-00199,GL-000003,USD,Debit,Balance Sheet,Yes,TX0,Active,2020-01-01,
GL-003200,203200,Accounts Payable 3200,Liability,Current Liability,CC-00200,GL-000004,USD,Credit,Balance Sheet,Yes,TX0,Active,2020-01-01,
GL-003201,303201,Equity 3201,Equity,Equity,CC-00201,GL-000005,USD,Credit,Balance Sheet,Yes,TX5,Active,2020-01-01,
GL-003202,403202,Sales Revenue 3202,Revenue,Operating Revenue,CC-00202,GL-000006,USD,Credit,Income Statement,Yes,TX0,Active,2020-01-01,
GL-003203,503203,Cost of Goods Sold 3203,Expense,COGS,CC-00203,GL-000007,USD,Debit,Income Statement,Yes,TX5,Active,2020-01-01,
GL-003204,513204,Production Cost 3204,Expense,Manufacturing,CC-00204,GL-000008,USD,Debit,Income Statement,Yes,TX0,Active,2020-01-01,
GL-003205,523205,Maintenance Expense 3205,Expense,Maintenance,CC-00205,GL-000009,USD,Debit,Income Statement,Yes,TX14,Active,2020-01-01,
GL-003206,533206,Utilities Expense 3206,Expense,Utilities,CC-00206,GL-000010,USD,Debit,Income Statement,Yes,EXEMPT,Active,2020-01-01,
GL-003207,543207,Quality Expense 3207,Expense,Quality,CC-00207,GL-000011,USD,Debit,Income Statement,Yes,TX0,Active,2020-01-01,
GL-003208,553208,Warehouse Expense 3208,Expense,Warehouse,CC-00208,GL-000012,USD,Debit,Income Statement,Yes,TX14,Active,2020-01-01,
GL-003209,563209,Sales Expense 3209,Expense,Sales,CC-00209,GL-000013,USD,Debit,Income Statement,Yes,TX0,Active,2020-01-01,
GL-003210,573210,Administrative Expense 3210,Expense,Administration,CC-00210,GL-000014,USD,Debit,Income Statement,Yes,TX0,Active,2020-01-01,
GL-003211,103211,Cash 3211,Asset,Current Asset,CC-00211,GL-000015,USD,Debit,Balance Sheet,Yes,TX5,Active,2020-01-01,
GL-003212,113212,Accounts Receivable 3212,Asset,Current Asset,CC-00212,GL-000001,USD,Debit,Balance Sheet,Yes,EXEMPT,Active,2020-01-01,
GL-003213,123213,Inventory 3213,Asset,Current Asset,CC-00213,GL-000002,USD,Debit,Balance Sheet,Yes,TX5,Active,2020-01-01,
GL-003214,133214,Fixed Assets 3214,Asset,Non Current Asset,CC-00214,GL-000003,USD,Debit,Balance Sheet,Yes,TX0,Active,2020-01-01,
GL-003215,203215,Accounts Payable 3215,Liability,Current Liability,CC-00215,GL-000004,USD,Credit,Balance Sheet,Yes,EXEMPT,Active,2020-01-01,
GL-003216,303216,Equity 3216,Equity,Equity,CC-00216,GL-000005,USD,Credit,Balance Sheet,Yes,EXEMPT,Active,2020-01-01,
GL-003217,403217,Sales Revenue 3217,Revenue,Operating Revenue,CC-00217,GL-000006,USD,Credit,Income Statement,Yes,TX5,Active,2020-01-01,
GL-003218,503218,Cost of Goods Sold 3218,Expense,COGS,CC-00218,GL-000007,USD,Debit,Income Statement,Yes,TX0,Active,2020-01-01,
GL-003219,513219,Production Cost 3219,Expense,Manufacturing,CC-00219,GL-000008,USD,Debit,Income Statement,Yes,TX0,Active,2020-01-01,
GL-003220,523220,Maintenance Expense 3220,Expense,Maintenance,CC-00220,GL-000009,USD,Debit,Income Statement,Yes,TX5,Active,2020-01-01,
GL-003221,533221,Utilities Expense 3221,Expense,Utilities,CC-00221,GL-000010,USD,Debit,Income Statement,Yes,TX0,Active,2020-01-01,
GL-003222,543222,Quality Expense 3222,Expense,Quality,CC-00222,GL-000011,USD,Debit,Income Statement,Yes,TX14,Active,2020-01-01,
GL-003223,553223,Warehouse Expense 3223,Expense,Warehouse,CC-00223,GL-000012,USD,Debit,Income Statement,Yes,TX0,Active,2020-01-01,
GL-003224,563224,Sales Expense 3224,Expense,Sales,CC-00224,GL-000013,USD,Debit,Income Statement,Yes,EXEMPT,Active,2020-01-01,
GL-003225,573225,Administrative Expense 3225,Expense,Administration,CC-00225,GL-000014,USD,Debit,Income Statement,Yes,TX5,Active,2020-01-01,
GL-003226,103226,Cash 3226,Asset,Current Asset,CC-00226,GL-000015,USD,Debit,Balance Sheet,Yes,TX5,Active,2020-01-01,
GL-003227,113227,Accounts Receivable 3227,Asset,Current Asset,CC-00227,GL-000001,USD,Debit,Balance Sheet,Yes,TX14,Active,2020-01-01,
GL-003228,123228,Inventory 3228,Asset,Current Asset,CC-00228,GL-000002,USD,Debit,Balance Sheet,Yes,TX0,Active,2020-01-01,
GL-003229,133229,Fixed Assets 3229,Asset,Non Current Asset,CC-00229,GL-000003,USD,Debit,Balance Sheet,Yes,EXEMPT,Active,2020-01-01,
GL-003230,203230,Accounts Payable 3230,Liability,Current Liability,CC-00230,GL-000004,USD,Credit,Balance Sheet,Yes,TX5,Active,2020-01-01,
GL-003231,303231,Equity 3231,Equity,Equity,CC-00231,GL-000005,USD,Credit,Balance Sheet,Yes,EXEMPT,Active,2020-01-01,
GL-003232,403232,Sales Revenue 3232,Revenue,Operating Revenue,CC-00232,GL-000006,USD,Credit,Income Statement,Yes,TX14,Active,2020-01-01,
GL-003233,503233,Cost of Goods Sold 3233,Expense,COGS,CC-00233,GL-000007,USD,Debit,Income Statement,Yes,TX14,Active,2020-01-01,
GL-003234,513234,Production Cost 3234,Expense,Manufacturing,CC-00234,GL-000008,USD,Debit,Income Statement,Yes,EXEMPT,Active,2020-01-01,
GL-003235,523235,Maintenance Expense 3235,Expense,Maintenance,CC-00235,GL-000009,USD,Debit,Income Statement,Yes,TX0,Active,2020-01-01,
GL-003236,533236,Utilities Expense 3236,Expense,Utilities,CC-00236,GL-000010,USD,Debit,Income Statement,Yes,TX0,Active,2020-01-01,
GL-003237,543237,Quality Expense 3237,Expense,Quality,CC-00237,GL-000011,USD,Debit,Income Statement,Yes,TX0,Active,2020-01-01,
GL-003238,553238,Warehouse Expense 3238,Expense,Warehouse,CC-00238,GL-000012,USD,Debit,Income Statement,Yes,TX5,Active,2020-01-01,
GL-003239,563239,Sales Expense 3239,Expense,Sales,CC-00239,GL-000013,USD,Debit,Income Statement,Yes,TX0,Active,2020-01-01,
GL-003240,573240,Administrative Expense 3240,Expense,Administration,CC-00240,GL-000014,USD,Debit,Income Statement,Yes,TX5,Active,2020-01-01,
GL-003241,103241,Cash 3241,Asset,Current Asset,CC-00241,GL-000015,USD,Debit,Balance Sheet,Yes,EXEMPT,Active,2020-01-01,
GL-003242,113242,Accounts Receivable 3242,Asset,Current Asset,CC-00242,GL-000001,USD,Debit,Balance Sheet,Yes,TX14,Active,2020-01-01,
GL-003243,123243,Inventory 3243,Asset,Current Asset,CC-00243,GL-000002,USD,Debit,Balance Sheet,Yes,TX0,Active,2020-01-01,
GL-003244,133244,Fixed Assets 3244,Asset,Non Current Asset,CC-00244,GL-000003,USD,Debit,Balance Sheet,Yes,TX14,Active,2020-01-01,
GL-003245,203245,Accounts Payable 3245,Liability,Current Liability,CC-00245,GL-000004,USD,Credit,Balance Sheet,Yes,TX5,Active,2020-01-01,
GL-003246,303246,Equity 3246,Equity,Equity,CC-00246,GL-000005,USD,Credit,Balance Sheet,Yes,TX14,Active,2020-01-01,
GL-003247,403247,Sales Revenue 3247,Revenue,Operating Revenue,CC-00247,GL-000006,USD,Credit,Income Statement,Yes,TX0,Active,2020-01-01,
GL-003248,503248,Cost of Goods Sold 3248,Expense,COGS,CC-00248,GL-000007,USD,Debit,Income Statement,Yes,TX14,Active,2020-01-01,
GL-003249,513249,Production Cost 3249,Expense,Manufacturing,CC-00249,GL-000008,USD,Debit,Income Statement,Yes,EXEMPT,Active,2020-01-01,
GL-003250,523250,Maintenance Expense 3250,Expense,Maintenance,CC-00250,GL-000009,USD,Debit,Income Statement,Yes,TX0,Active,2020-01-01,
GL-003251,533251,Utilities Expense 3251,Expense,Utilities,CC-00251,GL-000010,USD,Debit,Income Statement,Yes,TX14,Active,2020-01-01,
GL-003252,543252,Quality Expense 3252,Expense,Quality,CC-00252,GL-000011,USD,Debit,Income Statement,Yes,TX0,Active,2020-01-01,
GL-003253,553253,Warehouse Expense 3253,Expense,Warehouse,CC-00253,GL-000012,USD,Debit,Income Statement,Yes,TX14,Active,2020-01-01,
GL-003254,563254,Sales Expense 3254,Expense,Sales,CC-00254,GL-000013,USD,Debit,Income Statement,Yes,TX5,Active,2020-01-01,
GL-003255,573255,Administrative Expense 3255,Expense,Administration,CC-00255,GL-000014,USD,Debit,Income Statement,Yes,TX14,Active,2020-01-01,
GL-003256,103256,Cash 3256,Asset,Current Asset,CC-00256,GL-000015,USD,Debit,Balance Sheet,Yes,EXEMPT,Active,2020-01-01,
GL-003257,113257,Accounts Receivable 3257,Asset,Current Asset,CC-00257,GL-000001,USD,Debit,Balance Sheet,Yes,TX14,Active,2020-01-01,
GL-003258,123258,Inventory 3258,Asset,Current Asset,CC-00258,GL-000002,USD,Debit,Balance Sheet,Yes,EXEMPT,Active,2020-01-01,
GL-003259,133259,Fixed Assets 3259,Asset,Non Current Asset,CC-00259,GL-000003,USD,Debit,Balance Sheet,Yes,TX14,Active,2020-01-01,
GL-003260,203260,Accounts Payable 3260,Liability,Current Liability,CC-00260,GL-000004,USD,Credit,Balance Sheet,Yes,EXEMPT,Active,2020-01-01,
GL-003261,303261,Equity 3261,Equity,Equity,CC-00261,GL-000005,USD,Credit,Balance Sheet,Yes,TX14,Active,2020-01-01,
GL-003262,403262,Sales Revenue 3262,Revenue,Operating Revenue,CC-00262,GL-000006,USD,Credit,Income Statement,Yes,TX5,Active,2020-01-01,
GL-003263,503263,Cost of Goods Sold 3263,Expense,COGS,CC-00263,GL-000007,USD,Debit,Income Statement,Yes,TX5,Active,2020-01-01,
GL-003264,513264,Production Cost 3264,Expense,Manufacturing,CC-00264,GL-000008,USD,Debit,Income Statement,Yes,TX14,Active,2020-01-01,
GL-003265,523265,Maintenance Expense 3265,Expense,Maintenance,CC-00265,GL-000009,USD,Debit,Income Statement,Yes,TX0,Active,2020-01-01,
GL-003266,533266,Utilities Expense 3266,Expense,Utilities,CC-00266,GL-000010,USD,Debit,Income Statement,Yes,EXEMPT,Active,2020-01-01,
GL-003267,543267,Quality Expense 3267,Expense,Quality,CC-00267,GL-000011,USD,Debit,Income Statement,Yes,TX5,Active,2020-01-01,
GL-003268,553268,Warehouse Expense 3268,Expense,Warehouse,CC-00268,GL-000012,USD,Debit,Income Statement,Yes,TX5,Active,2020-01-01,
GL-003269,563269,Sales Expense 3269,Expense,Sales,CC-00269,GL-000013,USD,Debit,Income Statement,Yes,EXEMPT,Active,2020-01-01,
GL-003270,573270,Administrative Expense 3270,Expense,Administration,CC-00270,GL-000014,USD,Debit,Income Statement,Yes,TX5,Active,2020-01-01,
GL-003271,103271,Cash 3271,Asset,Current Asset,CC-00271,GL-000015,USD,Debit,Balance Sheet,Yes,EXEMPT,Active,2020-01-01,
GL-003272,113272,Accounts Receivable 3272,Asset,Current Asset,CC-00272,GL-000001,USD,Debit,Balance Sheet,Yes,TX14,Active,2020-01-01,
GL-003273,123273,Inventory 3273,Asset,Current Asset,CC-00273,GL-000002,USD,Debit,Balance Sheet,Yes,TX14,Active,2020-01-01,
GL-003274,133274,Fixed Assets 3274,Asset,Non Current Asset,CC-00274,GL-000003,USD,Debit,Balance Sheet,Yes,EXEMPT,Active,2020-01-01,
GL-003275,203275,Accounts Payable 3275,Liability,Current Liability,CC-00275,GL-000004,USD,Credit,Balance Sheet,Yes,TX14,Active,2020-01-01,
GL-003276,303276,Equity 3276,Equity,Equity,CC-00276,GL-000005,USD,Credit,Balance Sheet,Yes,EXEMPT,Active,2020-01-01,
GL-003277,403277,Sales Revenue 3277,Revenue,Operating Revenue,CC-00277,GL-000006,USD,Credit,Income Statement,Yes,TX14,Active,2020-01-01,
GL-003278,503278,Cost of Goods Sold 3278,Expense,COGS,CC-00278,GL-000007,USD,Debit,Income Statement,Yes,TX14,Active,2020-01-01,
GL-003279,513279,Production Cost 3279,Expense,Manufacturing,CC-00279,GL-000008,USD,Debit,Income Statement,Yes,EXEMPT,Active,2020-01-01,
GL-003280,523280,Maintenance Expense 3280,Expense,Maintenance,CC-00280,GL-000009,USD,Debit,Income Statement,Yes,TX0,Active,2020-01-01,
GL-003281,533281,Utilities Expense 3281,Expense,Utilities,CC-00281,GL-000010,USD,Debit,Income Statement,Yes,TX5,Active,2020-01-01,
GL-003282,543282,Quality Expense 3282,Expense,Quality,CC-00282,GL-000011,USD,Debit,Income Statement,Yes,TX5,Active,2020-01-01,
GL-003283,553283,Warehouse Expense 3283,Expense,Warehouse,CC-00283,GL-000012,USD,Debit,Income Statement,Yes,TX0,Active,2020-01-01,
GL-003284,563284,Sales Expense 3284,Expense,Sales,CC-00284,GL-000013,USD,Debit,Income Statement,Yes,TX14,Active,2020-01-01,
GL-003285,573285,Administrative Expense 3285,Expense,Administration,CC-00285,GL-000014,USD,Debit,Income Statement,Yes,TX0,Active,2020-01-01,
GL-003286,103286,Cash 3286,Asset,Current Asset,CC-00286,GL-000015,USD,Debit,Balance Sheet,Yes,TX0,Active,2020-01-01,
GL-003287,113287,Accounts Receivable 3287,Asset,Current Asset,CC-00287,GL-000001,USD,Debit,Balance Sheet,Yes,TX5,Active,2020-01-01,
GL-003288,123288,Inventory 3288,Asset,Current Asset,CC-00288,GL-000002,USD,Debit,Balance Sheet,Yes,EXEMPT,Active,2020-01-01,
GL-003289,133289,Fixed Assets 3289,Asset,Non Current Asset,CC-00289,GL-000003,USD,Debit,Balance Sheet,Yes,TX14,Active,2020-01-01,
GL-003290,203290,Accounts Payable 3290,Liability,Current Liability,CC-00290,GL-000004,USD,Credit,Balance Sheet,Yes,TX14,Active,2020-01-01,
GL-003291,303291,Equity 3291,Equity,Equity,CC-00291,GL-000005,USD,Credit,Balance Sheet,Yes,TX14,Active,2020-01-01,
GL-003292,403292,Sales Revenue 3292,Revenue,Operating Revenue,CC-00292,GL-000006,USD,Credit,Income Statement,Yes,EXEMPT,Active,2020-01-01,
GL-003293,503293,Cost of Goods Sold 3293,Expense,COGS,CC-00293,GL-000007,USD,Debit,Income Statement,Yes,EXEMPT,Active,2020-01-01,
GL-003294,513294,Production Cost 3294,Expense,Manufacturing,CC-00294,GL-000008,USD,Debit,Income Statement,Yes,TX5,Active,2020-01-01,
GL-003295,523295,Maintenance Expense 3295,Expense,Maintenance,CC-00295,GL-000009,USD,Debit,Income Statement,Yes,TX5,Active,2020-01-01,
GL-003296,533296,Utilities Expense 3296,Expense,Utilities,CC-00296,GL-000010,USD,Debit,Income Statement,Yes,TX14,Active,2020-01-01,
GL-003297,543297,Quality Expense 3297,Expense,Quality,CC-00297,GL-000011,USD,Debit,Income Statement,Yes,TX0,Active,2020-01-01,
GL-003298,553298,Warehouse Expense 3298,Expense,Warehouse,CC-00298,GL-000012,USD,Debit,Income Statement,Yes,EXEMPT,Active,2020-01-01,
GL-003299,563299,Sales Expense 3299,Expense,Sales,CC-00299,GL-000013,USD,Debit,Income Statement,Yes,TX14,Active,2020-01-01,
GL-003300,573300,Administrative Expense 3300,Expense,Administration,CC-00300,GL-000014,USD,Debit,Income Statement,Yes,TX14,Active,2020-01-01,
GL-003301,103301,Cash 3301,Asset,Current Asset,CC-00301,GL-000015,USD,Debit,Balance Sheet,Yes,TX14,Active,2020-01-01,
GL-003302,113302,Accounts Receivable 3302,Asset,Current Asset,CC-00302,GL-000001,USD,Debit,Balance Sheet,Yes,TX5,Active,2020-01-01,
GL-003303,123303,Inventory 3303,Asset,Current Asset,CC-00303,GL-000002,USD,Debit,Balance Sheet,Yes,TX0,Active,2020-01-01,
GL-003304,133304,Fixed Assets 3304,Asset,Non Current Asset,CC-00304,GL-000003,USD,Debit,Balance Sheet,Yes,EXEMPT,Active,2020-01-01,
GL-003305,203305,Accounts Payable 3305,Liability,Current Liability,CC-00305,GL-000004,USD,Credit,Balance Sheet,Yes,EXEMPT,Active,2020-01-01,
GL-003306,303306,Equity 3306,Equity,Equity,CC-00306,GL-000005,USD,Credit,Balance Sheet,Yes,TX0,Active,2020-01-01,
GL-003307,403307,Sales Revenue 3307,Revenue,Operating Revenue,CC-00307,GL-000006,USD,Credit,Income Statement,Yes,EXEMPT,Active,2020-01-01,
GL-003308,503308,Cost of Goods Sold 3308,Expense,COGS,CC-00308,GL-000007,USD,Debit,Income Statement,Yes,TX5,Active,2020-01-01,
GL-003309,513309,Production Cost 3309,Expense,Manufacturing,CC-00309,GL-000008,USD,Debit,Income Statement,Yes,EXEMPT,Active,2020-01-01,
GL-003310,523310,Maintenance Expense 3310,Expense,Maintenance,CC-00310,GL-000009,USD,Debit,Income Statement,Yes,TX5,Active,2020-01-01,
GL-003311,533311,Utilities Expense 3311,Expense,Utilities,CC-00311,GL-000010,USD,Debit,Income Statement,Yes,TX0,Active,2020-01-01,
GL-003312,543312,Quality Expense 3312,Expense,Quality,CC-00312,GL-000011,USD,Debit,Income Statement,Yes,TX5,Active,2020-01-01,
GL-003313,553313,Warehouse Expense 3313,Expense,Warehouse,CC-00313,GL-000012,USD,Debit,Income Statement,Yes,TX5,Active,2020-01-01,
GL-003314,563314,Sales Expense 3314,Expense,Sales,CC-00314,GL-000013,USD,Debit,Income Statement,Yes,TX5,Active,2020-01-01,
GL-003315,573315,Administrative Expense 3315,Expense,Administration,CC-00315,GL-000014,USD,Debit,Income Statement,Yes,TX14,Active,2020-01-01,
GL-003316,103316,Cash 3316,Asset,Current Asset,CC-00316,GL-000015,USD,Debit,Balance Sheet,Yes,EXEMPT,Active,2020-01-01,
GL-003317,113317,Accounts Receivable 3317,Asset,Current Asset,CC-00317,GL-000001,USD,Debit,Balance Sheet,Yes,EXEMPT,Active,2020-01-01,
GL-003318,123318,Inventory 3318,Asset,Current Asset,CC-00318,GL-000002,USD,Debit,Balance Sheet,Yes,TX0,Active,2020-01-01,
GL-003319,133319,Fixed Assets 3319,Asset,Non Current Asset,CC-00319,GL-000003,USD,Debit,Balance Sheet,Yes,TX5,Active,2020-01-01,
GL-003320,203320,Accounts Payable 3320,Liability,Current Liability,CC-00320,GL-000004,USD,Credit,Balance Sheet,Yes,TX5,Active,2020-01-01,
GL-003321,303321,Equity 3321,Equity,Equity,CC-00321,GL-000005,USD,Credit,Balance Sheet,Yes,TX0,Active,2020-01-01,
GL-003322,403322,Sales Revenue 3322,Revenue,Operating Revenue,CC-00322,GL-000006,USD,Credit,Income Statement,Yes,TX14,Active,2020-01-01,
GL-003323,503323,Cost of Goods Sold 3323,Expense,COGS,CC-00323,GL-000007,USD,Debit,Income Statement,Yes,EXEMPT,Active,2020-01-01,
GL-003324,513324,Production Cost 3324,Expense,Manufacturing,CC-00324,GL-000008,USD,Debit,Income Statement,Yes,TX14,Active,2020-01-01,
GL-003325,523325,Maintenance Expense 3325,Expense,Maintenance,CC-00325,GL-000009,USD,Debit,Income Statement,Yes,EXEMPT,Active,2020-01-01,
GL-003326,533326,Utilities Expense 3326,Expense,Utilities,CC-00326,GL-000010,USD,Debit,Income Statement,Yes,TX14,Active,2020-01-01,
GL-003327,543327,Quality Expense 3327,Expense,Quality,CC-00327,GL-000011,USD,Debit,Income Statement,Yes,TX5,Active,2020-01-01,
GL-003328,553328,Warehouse Expense 3328,Expense,Warehouse,CC-00328,GL-000012,USD,Debit,Income Statement,Yes,EXEMPT,Active,2020-01-01,
GL-003329,563329,Sales Expense 3329,Expense,Sales,CC-00329,GL-000013,USD,Debit,Income Statement,Yes,EXEMPT,Active,2020-01-01,
GL-003330,573330,Administrative Expense 3330,Expense,Administration,CC-00330,GL-000014,USD,Debit,Income Statement,Yes,TX14,Active,2020-01-01,
GL-003331,103331,Cash 3331,Asset,Current Asset,CC-00331,GL-000015,USD,Debit,Balance Sheet,Yes,TX0,Active,2020-01-01,
GL-003332,113332,Accounts Receivable 3332,Asset,Current Asset,CC-00332,GL-000001,USD,Debit,Balance Sheet,Yes,TX14,Active,2020-01-01,
GL-003333,123333,Inventory 3333,Asset,Current Asset,CC-00333,GL-000002,USD,Debit,Balance Sheet,Yes,EXEMPT,Active,2020-01-01,
GL-003334,133334,Fixed Assets 3334,Asset,Non Current Asset,CC-00334,GL-000003,USD,Debit,Balance Sheet,Yes,TX14,Active,2020-01-01,
GL-003335,203335,Accounts Payable 3335,Liability,Current Liability,CC-00335,GL-000004,USD,Credit,Balance Sheet,Yes,EXEMPT,Active,2020-01-01,
GL-003336,303336,Equity 3336,Equity,Equity,CC-00336,GL-000005,USD,Credit,Balance Sheet,Yes,TX0,Active,2020-01-01,
GL-003337,403337,Sales Revenue 3337,Revenue,Operating Revenue,CC-00337,GL-000006,USD,Credit,Income Statement,Yes,TX0,Active,2020-01-01,
GL-003338,503338,Cost of Goods Sold 3338,Expense,COGS,CC-00338,GL-000007,USD,Debit,Income Statement,Yes,TX5,Active,2020-01-01,
GL-003339,513339,Production Cost 3339,Expense,Manufacturing,CC-00339,GL-000008,USD,Debit,Income Statement,Yes,TX5,Active,2020-01-01,
GL-003340,523340,Maintenance Expense 3340,Expense,Maintenance,CC-00340,GL-000009,USD,Debit,Income Statement,Yes,TX5,Active,2020-01-01,
GL-003341,533341,Utilities Expense 3341,Expense,Utilities,CC-00341,GL-000010,USD,Debit,Income Statement,Yes,TX14,Active,2020-01-01,
GL-003342,543342,Quality Expense 3342,Expense,Quality,CC-00342,GL-000011,USD,Debit,Income Statement,Yes,TX0,Active,2020-01-01,
GL-003343,553343,Warehouse Expense 3343,Expense,Warehouse,CC-00343,GL-000012,USD,Debit,Income Statement,Yes,EXEMPT,Active,2020-01-01,
GL-003344,563344,Sales Expense 3344,Expense,Sales,CC-00344,GL-000013,USD,Debit,Income Statement,Yes,TX5,Active,2020-01-01,
GL-003345,573345,Administrative Expense 3345,Expense,Administration,CC-00345,GL-000014,USD,Debit,Income Statement,Yes,EXEMPT,Active,2020-01-01,
GL-003346,103346,Cash 3346,Asset,Current Asset,CC-00346,GL-000015,USD,Debit,Balance Sheet,Yes,TX5,Active,2020-01-01,
GL-003347,113347,Accounts Receivable 3347,Asset,Current Asset,CC-00347,GL-000001,USD,Debit,Balance Sheet,Yes,EXEMPT,Active,2020-01-01,
GL-003348,123348,Inventory 3348,Asset,Current Asset,CC-00348,GL-000002,USD,Debit,Balance Sheet,Yes,TX0,Active,2020-01-01,
GL-003349,133349,Fixed Assets 3349,Asset,Non Current Asset,CC-00349,GL-000003,USD,Debit,Balance Sheet,Yes,EXEMPT,Active,2020-01-01,
GL-003350,203350,Accounts Payable 3350,Liability,Current Liability,CC-00350,GL-000004,USD,Credit,Balance Sheet,Yes,TX0,Active,2020-01-01,
GL-003351,303351,Equity 3351,Equity,Equity,CC-00351,GL-000005,USD,Credit,Balance Sheet,Yes,TX0,Active,2020-01-01,
GL-003352,403352,Sales Revenue 3352,Revenue,Operating Revenue,CC-00352,GL-000006,USD,Credit,Income Statement,Yes,TX5,Active,2020-01-01,
GL-003353,503353,Cost of Goods Sold 3353,Expense,COGS,CC-00353,GL-000007,USD,Debit,Income Statement,Yes,EXEMPT,Active,2020-01-01,
GL-003354,513354,Production Cost 3354,Expense,Manufacturing,CC-00354,GL-000008,USD,Debit,Income Statement,Yes,TX0,Active,2020-01-01,
GL-003355,523355,Maintenance Expense 3355,Expense,Maintenance,CC-00355,GL-000009,USD,Debit,Income Statement,Yes,TX0,Active,2020-01-01,
GL-003356,533356,Utilities Expense 3356,Expense,Utilities,CC-00356,GL-000010,USD,Debit,Income Statement,Yes,TX5,Active,2020-01-01,
GL-003357,543357,Quality Expense 3357,Expense,Quality,CC-00357,GL-000011,USD,Debit,Income Statement,Yes,EXEMPT,Active,2020-01-01,
GL-003358,553358,Warehouse Expense 3358,Expense,Warehouse,CC-00358,GL-000012,USD,Debit,Income Statement,Yes,TX14,Active,2020-01-01,
GL-003359,563359,Sales Expense 3359,Expense,Sales,CC-00359,GL-000013,USD,Debit,Income Statement,Yes,TX14,Active,2020-01-01,
GL-003360,573360,Administrative Expense 3360,Expense,Administration,CC-00360,GL-000014,USD,Debit,Income Statement,Yes,EXEMPT,Active,2020-01-01,
GL-003361,103361,Cash 3361,Asset,Current Asset,CC-00361,GL-000015,USD,Debit,Balance Sheet,Yes,TX0,Active,2020-01-01,
GL-003362,113362,Accounts Receivable 3362,Asset,Current Asset,CC-00362,GL-000001,USD,Debit,Balance Sheet,Yes,EXEMPT,Active,2020-01-01,
GL-003363,123363,Inventory 3363,Asset,Current Asset,CC-00363,GL-000002,USD,Debit,Balance Sheet,Yes,TX0,Active,2020-01-01,
GL-003364,133364,Fixed Assets 3364,Asset,Non Current Asset,CC-00364,GL-000003,USD,Debit,Balance Sheet,Yes,TX0,Active,2020-01-01,
GL-003365,203365,Accounts Payable 3365,Liability,Current Liability,CC-00365,GL-000004,USD,Credit,Balance Sheet,Yes,TX5,Active,2020-01-01,
GL-003366,303366,Equity 3366,Equity,Equity,CC-00366,GL-000005,USD,Credit,Balance Sheet,Yes,TX0,Active,2020-01-01,
GL-003367,403367,Sales Revenue 3367,Revenue,Operating Revenue,CC-00367,GL-000006,USD,Credit,Income Statement,Yes,EXEMPT,Active,2020-01-01,
GL-003368,503368,Cost of Goods Sold 3368,Expense,COGS,CC-00368,GL-000007,USD,Debit,Income Statement,Yes,TX5,Active,2020-01-01,
GL-003369,513369,Production Cost 3369,Expense,Manufacturing,CC-00369,GL-000008,USD,Debit,Income Statement,Yes,TX5,Active,2020-01-01,
GL-003370,523370,Maintenance Expense 3370,Expense,Maintenance,CC-00370,GL-000009,USD,Debit,Income Statement,Yes,TX5,Active,2020-01-01,
GL-003371,533371,Utilities Expense 3371,Expense,Utilities,CC-00371,GL-000010,USD,Debit,Income Statement,Yes,TX0,Active,2020-01-01,
GL-003372,543372,Quality Expense 3372,Expense,Quality,CC-00372,GL-000011,USD,Debit,Income Statement,Yes,TX14,Active,2020-01-01,
GL-003373,553373,Warehouse Expense 3373,Expense,Warehouse,CC-00373,GL-000012,USD,Debit,Income Statement,Yes,TX5,Active,2020-01-01,
GL-003374,563374,Sales Expense 3374,Expense,Sales,CC-00374,GL-000013,USD,Debit,Income Statement,Yes,EXEMPT,Active,2020-01-01,
GL-003375,573375,Administrative Expense 3375,Expense,Administration,CC-00375,GL-000014,USD,Debit,Income Statement,Yes,EXEMPT,Active,2020-01-01,
GL-003376,103376,Cash 3376,Asset,Current Asset,CC-00376,GL-000015,USD,Debit,Balance Sheet,Yes,TX5,Active,2020-01-01,
GL-003377,113377,Accounts Receivable 3377,Asset,Current Asset,CC-00377,GL-000001,USD,Debit,Balance Sheet,Yes,EXEMPT,Active,2020-01-01,
GL-003378,123378,Inventory 3378,Asset,Current Asset,CC-00378,GL-000002,USD,Debit,Balance Sheet,Yes,TX0,Active,2020-01-01,
GL-003379,133379,Fixed Assets 3379,Asset,Non Current Asset,CC-00379,GL-000003,USD,Debit,Balance Sheet,Yes,TX5,Active,2020-01-01,
GL-003380,203380,Accounts Payable 3380,Liability,Current Liability,CC-00380,GL-000004,USD,Credit,Balance Sheet,Yes,EXEMPT,Active,2020-01-01,
GL-003381,303381,Equity 3381,Equity,Equity,CC-00381,GL-000005,USD,Credit,Balance Sheet,Yes,EXEMPT,Active,2020-01-01,
GL-003382,403382,Sales Revenue 3382,Revenue,Operating Revenue,CC-00382,GL-000006,USD,Credit,Income Statement,Yes,TX5,Active,2020-01-01,
GL-003383,503383,Cost of Goods Sold 3383,Expense,COGS,CC-00383,GL-000007,USD,Debit,Income Statement,Yes,TX0,Active,2020-01-01,
GL-003384,513384,Production Cost 3384,Expense,Manufacturing,CC-00384,GL-000008,USD,Debit,Income Statement,Yes,TX0,Active,2020-01-01,
GL-003385,523385,Maintenance Expense 3385,Expense,Maintenance,CC-00385,GL-000009,USD,Debit,Income Statement,Yes,TX14,Active,2020-01-01,
GL-003386,533386,Utilities Expense 3386,Expense,Utilities,CC-00386,GL-000010,USD,Debit,Income Statement,Yes,TX14,Active,2020-01-01,
GL-003387,543387,Quality Expense 3387,Expense,Quality,CC-00387,GL-000011,USD,Debit,Income Statement,Yes,EXEMPT,Active,2020-01-01,
GL-003388,553388,Warehouse Expense 3388,Expense,Warehouse,CC-00388,GL-000012,USD,Debit,Income Statement,Yes,TX0,Active,2020-01-01,
GL-003389,563389,Sales Expense 3389,Expense,Sales,CC-00389,GL-000013,USD,Debit,Income Statement,Yes,TX5,Active,2020-01-01,
GL-003390,573390,Administrative Expense 3390,Expense,Administration,CC-00390,GL-000014,USD,Debit,Income Statement,Yes,TX5,Active,2020-01-01,
GL-003391,103391,Cash 3391,Asset,Current Asset,CC-00391,GL-000015,USD,Debit,Balance Sheet,Yes,TX0,Active,2020-01-01,
GL-003392,113392,Accounts Receivable 3392,Asset,Current Asset,CC-00392,GL-000001,USD,Debit,Balance Sheet,Yes,EXEMPT,Active,2020-01-01,
GL-003393,123393,Inventory 3393,Asset,Current Asset,CC-00393,GL-000002,USD,Debit,Balance Sheet,Yes,TX14,Active,2020-01-01,
GL-003394,133394,Fixed Assets 3394,Asset,Non Current Asset,CC-00394,GL-000003,USD,Debit,Balance Sheet,Yes,TX5,Active,2020-01-01,
GL-003395,203395,Accounts Payable 3395,Liability,Current Liability,CC-00395,GL-000004,USD,Credit,Balance Sheet,Yes,TX0,Active,2020-01-01,
GL-003396,303396,Equity 3396,Equity,Equity,CC-00396,GL-000005,USD,Credit,Balance Sheet,Yes,TX0,Active,2020-01-01,
GL-003397,403397,Sales Revenue 3397,Revenue,Operating Revenue,CC-00397,GL-000006,USD,Credit,Income Statement,Yes,TX5,Active,2020-01-01,
GL-003398,503398,Cost of Goods Sold 3398,Expense,COGS,CC-00398,GL-000007,USD,Debit,Income Statement,Yes,TX0,Active,2020-01-01,
GL-003399,513399,Production Cost 3399,Expense,Manufacturing,CC-00399,GL-000008,USD,Debit,Income Statement,Yes,EXEMPT,Active,2020-01-01,
GL-003400,523400,Maintenance Expense 3400,Expense,Maintenance,CC-00400,GL-000009,USD,Debit,Income Statement,Yes,EXEMPT,Active,2020-01-01,
GL-003401,533401,Utilities Expense 3401,Expense,Utilities,CC-00401,GL-000010,USD,Debit,Income Statement,Yes,EXEMPT,Active,2020-01-01,
GL-003402,543402,Quality Expense 3402,Expense,Quality,CC-00402,GL-000011,USD,Debit,Income Statement,Yes,EXEMPT,Active,2020-01-01,
GL-003403,553403,Warehouse Expense 3403,Expense,Warehouse,CC-00403,GL-000012,USD,Debit,Income Statement,Yes,TX5,Active,2020-01-01,
GL-003404,563404,Sales Expense 3404,Expense,Sales,CC-00404,GL-000013,USD,Debit,Income Statement,Yes,TX0,Active,2020-01-01,
GL-003405,573405,Administrative Expense 3405,Expense,Administration,CC-00405,GL-000014,USD,Debit,Income Statement,Yes,TX14,Active,2020-01-01,
GL-003406,103406,Cash 3406,Asset,Current Asset,CC-00406,GL-000015,USD,Debit,Balance Sheet,Yes,TX14,Active,2020-01-01,
GL-003407,113407,Accounts Receivable 3407,Asset,Current Asset,CC-00407,GL-000001,USD,Debit,Balance Sheet,Yes,TX5,Active,2020-01-01,
GL-003408,123408,Inventory 3408,Asset,Current Asset,CC-00408,GL-000002,USD,Debit,Balance Sheet,Yes,EXEMPT,Active,2020-01-01,
GL-003409,133409,Fixed Assets 3409,Asset,Non Current Asset,CC-00409,GL-000003,USD,Debit,Balance Sheet,Yes,TX14,Active,2020-01-01,
GL-003410,203410,Accounts Payable 3410,Liability,Current Liability,CC-00410,GL-000004,USD,Credit,Balance Sheet,Yes,TX5,Active,2020-01-01,
GL-003411,303411,Equity 3411,Equity,Equity,CC-00411,GL-000005,USD,Credit,Balance Sheet,Yes,TX14,Active,2020-01-01,
GL-003412,403412,Sales Revenue 3412,Revenue,Operating Revenue,CC-00412,GL-000006,USD,Credit,Income Statement,Yes,TX5,Active,2020-01-01,
GL-003413,503413,Cost of Goods Sold 3413,Expense,COGS,CC-00413,GL-000007,USD,Debit,Income Statement,Yes,TX5,Active,2020-01-01,
GL-003414,513414,Production Cost 3414,Expense,Manufacturing,CC-00414,GL-000008,USD,Debit,Income Statement,Yes,TX0,Active,2020-01-01,
GL-003415,523415,Maintenance Expense 3415,Expense,Maintenance,CC-00415,GL-000009,USD,Debit,Income Statement,Yes,EXEMPT,Active,2020-01-01,
GL-003416,533416,Utilities Expense 3416,Expense,Utilities,CC-00416,GL-000010,USD,Debit,Income Statement,Yes,TX0,Active,2020-01-01,
GL-003417,543417,Quality Expense 3417,Expense,Quality,CC-00417,GL-000011,USD,Debit,Income Statement,Yes,TX14,Active,2020-01-01,
GL-003418,553418,Warehouse Expense 3418,Expense,Warehouse,CC-00418,GL-000012,USD,Debit,Income Statement,Yes,TX5,Active,2020-01-01,
GL-003419,563419,Sales Expense 3419,Expense,Sales,CC-00419,GL-000013,USD,Debit,Income Statement,Yes,TX14,Active,2020-01-01,
GL-003420,573420,Administrative Expense 3420,Expense,Administration,CC-00420,GL-000014,USD,Debit,Income Statement,Yes,EXEMPT,Active,2020-01-01,
GL-003421,103421,Cash 3421,Asset,Current Asset,CC-00421,GL-000015,USD,Debit,Balance Sheet,Yes,TX0,Active,2020-01-01,
GL-003422,113422,Accounts Receivable 3422,Asset,Current Asset,CC-00422,GL-000001,USD,Debit,Balance Sheet,Yes,TX0,Active,2020-01-01,
GL-003423,123423,Inventory 3423,Asset,Current Asset,CC-00423,GL-000002,USD,Debit,Balance Sheet,Yes,EXEMPT,Active,2020-01-01,
GL-003424,133424,Fixed Assets 3424,Asset,Non Current Asset,CC-00424,GL-000003,USD,Debit,Balance Sheet,Yes,TX5,Active,2020-01-01,
GL-003425,203425,Accounts Payable 3425,Liability,Current Liability,CC-00425,GL-000004,USD,Credit,Balance Sheet,Yes,TX14,Active,2020-01-01,
GL-003426,303426,Equity 3426,Equity,Equity,CC-00426,GL-000005,USD,Credit,Balance Sheet,Yes,TX14,Active,2020-01-01,
GL-003427,403427,Sales Revenue 3427,Revenue,Operating Revenue,CC-00427,GL-000006,USD,Credit,Income Statement,Yes,TX0,Active,2020-01-01,
GL-003428,503428,Cost of Goods Sold 3428,Expense,COGS,CC-00428,GL-000007,USD,Debit,Income Statement,Yes,TX14,Active,2020-01-01,
GL-003429,513429,Production Cost 3429,Expense,Manufacturing,CC-00429,GL-000008,USD,Debit,Income Statement,Yes,EXEMPT,Active,2020-01-01,
GL-003430,523430,Maintenance Expense 3430,Expense,Maintenance,CC-00430,GL-000009,USD,Debit,Income Statement,Yes,TX0,Active,2020-01-01,
GL-003431,533431,Utilities Expense 3431,Expense,Utilities,CC-00431,GL-000010,USD,Debit,Income Statement,Yes,EXEMPT,Active,2020-01-01,
GL-003432,543432,Quality Expense 3432,Expense,Quality,CC-00432,GL-000011,USD,Debit,Income Statement,Yes,TX14,Active,2020-01-01,
GL-003433,553433,Warehouse Expense 3433,Expense,Warehouse,CC-00433,GL-000012,USD,Debit,Income Statement,Yes,TX5,Active,2020-01-01,
GL-003434,563434,Sales Expense 3434,Expense,Sales,CC-00434,GL-000013,USD,Debit,Income Statement,Yes,TX5,Active,2020-01-01,
GL-003435,573435,Administrative Expense 3435,Expense,Administration,CC-00435,GL-000014,USD,Debit,Income Statement,Yes,TX5,Active,2020-01-01,
GL-003436,103436,Cash 3436,Asset,Current Asset,CC-00436,GL-000015,USD,Debit,Balance Sheet,Yes,TX14,Active,2020-01-01,
GL-003437,113437,Accounts Receivable 3437,Asset,Current Asset,CC-00437,GL-000001,USD,Debit,Balance Sheet,Yes,TX5,Active,2020-01-01,
GL-003438,123438,Inventory 3438,Asset,Current Asset,CC-00438,GL-000002,USD,Debit,Balance Sheet,Yes,EXEMPT,Active,2020-01-01,
GL-003439,133439,Fixed Assets 3439,Asset,Non Current Asset,CC-00439,GL-000003,USD,Debit,Balance Sheet,Yes,EXEMPT,Active,2020-01-01,
GL-003440,203440,Accounts Payable 3440,Liability,Current Liability,CC-00440,GL-000004,USD,Credit,Balance Sheet,Yes,TX14,Active,2020-01-01,
GL-003441,303441,Equity 3441,Equity,Equity,CC-00441,GL-000005,USD,Credit,Balance Sheet,Yes,TX5,Active,2020-01-01,
GL-003442,403442,Sales Revenue 3442,Revenue,Operating Revenue,CC-00442,GL-000006,USD,Credit,Income Statement,Yes,TX14,Active,2020-01-01,
GL-003443,503443,Cost of Goods Sold 3443,Expense,COGS,CC-00443,GL-000007,USD,Debit,Income Statement,Yes,EXEMPT,Active,2020-01-01,
GL-003444,513444,Production Cost 3444,Expense,Manufacturing,CC-00444,GL-000008,USD,Debit,Income Statement,Yes,TX5,Active,2020-01-01,
GL-003445,523445,Maintenance Expense 3445,Expense,Maintenance,CC-00445,GL-000009,USD,Debit,Income Statement,Yes,TX0,Active,2020-01-01,
GL-003446,533446,Utilities Expense 3446,Expense,Utilities,CC-00446,GL-000010,USD,Debit,Income Statement,Yes,TX0,Active,2020-01-01,
GL-003447,543447,Quality Expense 3447,Expense,Quality,CC-00447,GL-000011,USD,Debit,Income Statement,Yes,TX0,Active,2020-01-01,
GL-003448,553448,Warehouse Expense 3448,Expense,Warehouse,CC-00448,GL-000012,USD,Debit,Income Statement,Yes,TX0,Active,2020-01-01,
GL-003449,563449,Sales Expense 3449,Expense,Sales,CC-00449,GL-000013,USD,Debit,Income Statement,Yes,TX0,Active,2020-01-01,
GL-003450,573450,Administrative Expense 3450,Expense,Administration,CC-00450,GL-000014,USD,Debit,Income Statement,Yes,TX14,Active,2020-01-01,
GL-003451,103451,Cash 3451,Asset,Current Asset,CC-00451,GL-000015,USD,Debit,Balance Sheet,Yes,TX14,Active,2020-01-01,
GL-003452,113452,Accounts Receivable 3452,Asset,Current Asset,CC-00452,GL-000001,USD,Debit,Balance Sheet,Yes,TX5,Active,2020-01-01,
GL-003453,123453,Inventory 3453,Asset,Current Asset,CC-00453,GL-000002,USD,Debit,Balance Sheet,Yes,EXEMPT,Active,2020-01-01,
GL-003454,133454,Fixed Assets 3454,Asset,Non Current Asset,CC-00454,GL-000003,USD,Debit,Balance Sheet,Yes,EXEMPT,Active,2020-01-01,
GL-003455,203455,Accounts Payable 3455,Liability,Current Liability,CC-00455,GL-000004,USD,Credit,Balance Sheet,Yes,EXEMPT,Active,2020-01-01,
GL-003456,303456,Equity 3456,Equity,Equity,CC-00456,GL-000005,USD,Credit,Balance Sheet,Yes,TX14,Active,2020-01-01,
GL-003457,403457,Sales Revenue 3457,Revenue,Operating Revenue,CC-00457,GL-000006,USD,Credit,Income Statement,Yes,EXEMPT,Active,2020-01-01,
GL-003458,503458,Cost of Goods Sold 3458,Expense,COGS,CC-00458,GL-000007,USD,Debit,Income Statement,Yes,TX14,Active,2020-01-01,
GL-003459,513459,Production Cost 3459,Expense,Manufacturing,CC-00459,GL-000008,USD,Debit,Income Statement,Yes,TX14,Active,2020-01-01,
GL-003460,523460,Maintenance Expense 3460,Expense,Maintenance,CC-00460,GL-000009,USD,Debit,Income Statement,Yes,TX5,Active,2020-01-01,
GL-003461,533461,Utilities Expense 3461,Expense,Utilities,CC-00461,GL-000010,USD,Debit,Income Statement,Yes,TX14,Active,2020-01-01,
GL-003462,543462,Quality Expense 3462,Expense,Quality,CC-00462,GL-000011,USD,Debit,Income Statement,Yes,EXEMPT,Active,2020-01-01,
GL-003463,553463,Warehouse Expense 3463,Expense,Warehouse,CC-00463,GL-000012,USD,Debit,Income Statement,Yes,TX14,Active,2020-01-01,
GL-003464,563464,Sales Expense 3464,Expense,Sales,CC-00464,GL-000013,USD,Debit,Income Statement,Yes,TX5,Active,2020-01-01,
GL-003465,573465,Administrative Expense 3465,Expense,Administration,CC-00465,GL-000014,USD,Debit,Income Statement,Yes,EXEMPT,Active,2020-01-01,
GL-003466,103466,Cash 3466,Asset,Current Asset,CC-00466,GL-000015,USD,Debit,Balance Sheet,Yes,EXEMPT,Active,2020-01-01,
GL-003467,113467,Accounts Receivable 3467,Asset,Current Asset,CC-00467,GL-000001,USD,Debit,Balance Sheet,Yes,EXEMPT,Active,2020-01-01,
GL-003468,123468,Inventory 3468,Asset,Current Asset,CC-00468,GL-000002,USD,Debit,Balance Sheet,Yes,TX14,Active,2020-01-01,
GL-003469,133469,Fixed Assets 3469,Asset,Non Current Asset,CC-00469,GL-000003,USD,Debit,Balance Sheet,Yes,TX5,Active,2020-01-01,
GL-003470,203470,Accounts Payable 3470,Liability,Current Liability,CC-00470,GL-000004,USD,Credit,Balance Sheet,Yes,TX5,Active,2020-01-01,
GL-003471,303471,Equity 3471,Equity,Equity,CC-00471,GL-000005,USD,Credit,Balance Sheet,Yes,TX14,Active,2020-01-01,
GL-003472,403472,Sales Revenue 3472,Revenue,Operating Revenue,CC-00472,GL-000006,USD,Credit,Income Statement,Yes,TX14,Active,2020-01-01,
GL-003473,503473,Cost of Goods Sold 3473,Expense,COGS,CC-00473,GL-000007,USD,Debit,Income Statement,Yes,TX0,Active,2020-01-01,
GL-003474,513474,Production Cost 3474,Expense,Manufacturing,CC-00474,GL-000008,USD,Debit,Income Statement,Yes,EXEMPT,Active,2020-01-01,
GL-003475,523475,Maintenance Expense 3475,Expense,Maintenance,CC-00475,GL-000009,USD,Debit,Income Statement,Yes,TX0,Active,2020-01-01,
GL-003476,533476,Utilities Expense 3476,Expense,Utilities,CC-00476,GL-000010,USD,Debit,Income Statement,Yes,TX0,Active,2020-01-01,
GL-003477,543477,Quality Expense 3477,Expense,Quality,CC-00477,GL-000011,USD,Debit,Income Statement,Yes,TX5,Active,2020-01-01,
GL-003478,553478,Warehouse Expense 3478,Expense,Warehouse,CC-00478,GL-000012,USD,Debit,Income Statement,Yes,EXEMPT,Active,2020-01-01,
GL-003479,563479,Sales Expense 3479,Expense,Sales,CC-00479,GL-000013,USD,Debit,Income Statement,Yes,EXEMPT,Active,2020-01-01,
GL-003480,573480,Administrative Expense 3480,Expense,Administration,CC-00480,GL-000014,USD,Debit,Income Statement,Yes,TX0,Active,2020-01-01,
GL-003481,103481,Cash 3481,Asset,Current Asset,CC-00481,GL-000015,USD,Debit,Balance Sheet,Yes,TX14,Active,2020-01-01,
GL-003482,113482,Accounts Receivable 3482,Asset,Current Asset,CC-00482,GL-000001,USD,Debit,Balance Sheet,Yes,TX0,Active,2020-01-01,
GL-003483,123483,Inventory 3483,Asset,Current Asset,CC-00483,GL-000002,USD,Debit,Balance Sheet,Yes,TX0,Active,2020-01-01,
GL-003484,133484,Fixed Assets 3484,Asset,Non Current Asset,CC-00484,GL-000003,USD,Debit,Balance Sheet,Yes,TX5,Active,2020-01-01,
GL-003485,203485,Accounts Payable 3485,Liability,Current Liability,CC-00485,GL-000004,USD,Credit,Balance Sheet,Yes,TX5,Active,2020-01-01,
GL-003486,303486,Equity 3486,Equity,Equity,CC-00486,GL-000005,USD,Credit,Balance Sheet,Yes,EXEMPT,Active,2020-01-01,
GL-003487,403487,Sales Revenue 3487,Revenue,Operating Revenue,CC-00487,GL-000006,USD,Credit,Income Statement,Yes,EXEMPT,Active,2020-01-01,
GL-003488,503488,Cost of Goods Sold 3488,Expense,COGS,CC-00488,GL-000007,USD,Debit,Income Statement,Yes,EXEMPT,Active,2020-01-01,
GL-003489,513489,Production Cost 3489,Expense,Manufacturing,CC-00489,GL-000008,USD,Debit,Income Statement,Yes,TX14,Active,2020-01-01,
GL-003490,523490,Maintenance Expense 3490,Expense,Maintenance,CC-00490,GL-000009,USD,Debit,Income Statement,Yes,EXEMPT,Active,2020-01-01,
GL-003491,533491,Utilities Expense 3491,Expense,Utilities,CC-00491,GL-000010,USD,Debit,Income Statement,Yes,TX5,Active,2020-01-01,
GL-003492,543492,Quality Expense 3492,Expense,Quality,CC-00492,GL-000011,USD,Debit,Income Statement,Yes,EXEMPT,Active,2020-01-01,
GL-003493,553493,Warehouse Expense 3493,Expense,Warehouse,CC-00493,GL-000012,USD,Debit,Income Statement,Yes,TX0,Active,2020-01-01,
GL-003494,563494,Sales Expense 3494,Expense,Sales,CC-00494,GL-000013,USD,Debit,Income Statement,Yes,TX0,Active,2020-01-01,
GL-003495,573495,Administrative Expense 3495,Expense,Administration,CC-00495,GL-000014,USD,Debit,Income Statement,Yes,EXEMPT,Active,2020-01-01,
GL-003496,103496,Cash 3496,Asset,Current Asset,CC-00496,GL-000015,USD,Debit,Balance Sheet,Yes,TX14,Active,2020-01-01,
GL-003497,113497,Accounts Receivable 3497,Asset,Current Asset,CC-00497,GL-000001,USD,Debit,Balance Sheet,Yes,TX0,Active,2020-01-01,
GL-003498,123498,Inventory 3498,Asset,Current Asset,CC-00498,GL-000002,USD,Debit,Balance Sheet,Yes,TX14,Active,2020-01-01,
GL-003499,133499,Fixed Assets 3499,Asset,Non Current Asset,CC-00499,GL-000003,USD,Debit,Balance Sheet,Yes,TX5,Active,2020-01-01,
GL-003500,203500,Accounts Payable 3500,Liability,Current Liability,CC-00500,GL-000004,USD,Credit,Balance Sheet,Yes,EXEMPT,Active,2020-01-01,
GL-003501,303501,Equity 3501,Equity,Equity,CC-00501,GL-000005,USD,Credit,Balance Sheet,Yes,EXEMPT,Active,2020-01-01,
GL-003502,403502,Sales Revenue 3502,Revenue,Operating Revenue,CC-00502,GL-000006,USD,Credit,Income Statement,Yes,TX14,Active,2020-01-01,
GL-003503,503503,Cost of Goods Sold 3503,Expense,COGS,CC-00503,GL-000007,USD,Debit,Income Statement,Yes,TX0,Active,2020-01-01,
GL-003504,513504,Production Cost 3504,Expense,Manufacturing,CC-00504,GL-000008,USD,Debit,Income Statement,Yes,TX14,Active,2020-01-01,
GL-003505,523505,Maintenance Expense 3505,Expense,Maintenance,CC-00505,GL-000009,USD,Debit,Income Statement,Yes,EXEMPT,Active,2020-01-01,
GL-003506,533506,Utilities Expense 3506,Expense,Utilities,CC-00506,GL-000010,USD,Debit,Income Statement,Yes,TX5,Active,2020-01-01,
GL-003507,543507,Quality Expense 3507,Expense,Quality,CC-00507,GL-000011,USD,Debit,Income Statement,Yes,TX14,Active,2020-01-01,
GL-003508,553508,Warehouse Expense 3508,Expense,Warehouse,CC-00508,GL-000012,USD,Debit,Income Statement,Yes,TX0,Active,2020-01-01,
GL-003509,563509,Sales Expense 3509,Expense,Sales,CC-00509,GL-000013,USD,Debit,Income Statement,Yes,TX5,Active,2020-01-01,
GL-003510,573510,Administrative Expense 3510,Expense,Administration,CC-00510,GL-000014,USD,Debit,Income Statement,Yes,TX5,Active,2020-01-01,
GL-003511,103511,Cash 3511,Asset,Current Asset,CC-00511,GL-000015,USD,Debit,Balance Sheet,Yes,TX14,Active,2020-01-01,
GL-003512,113512,Accounts Receivable 3512,Asset,Current Asset,CC-00512,GL-000001,USD,Debit,Balance Sheet,Yes,TX5,Active,2020-01-01,
GL-003513,123513,Inventory 3513,Asset,Current Asset,CC-00513,GL-000002,USD,Debit,Balance Sheet,Yes,TX0,Active,2020-01-01,
GL-003514,133514,Fixed Assets 3514,Asset,Non Current Asset,CC-00514,GL-000003,USD,Debit,Balance Sheet,Yes,TX5,Active,2020-01-01,
GL-003515,203515,Accounts Payable 3515,Liability,Current Liability,CC-00515,GL-000004,USD,Credit,Balance Sheet,Yes,EXEMPT,Active,2020-01-01,
GL-003516,303516,Equity 3516,Equity,Equity,CC-00516,GL-000005,USD,Credit,Balance Sheet,Yes,TX5,Active,2020-01-01,
GL-003517,403517,Sales Revenue 3517,Revenue,Operating Revenue,CC-00517,GL-000006,USD,Credit,Income Statement,Yes,TX14,Active,2020-01-01,
GL-003518,503518,Cost of Goods Sold 3518,Expense,COGS,CC-00518,GL-000007,USD,Debit,Income Statement,Yes,TX14,Active,2020-01-01,
GL-003519,513519,Production Cost 3519,Expense,Manufacturing,CC-00519,GL-000008,USD,Debit,Income Statement,Yes,EXEMPT,Active,2020-01-01,
GL-003520,523520,Maintenance Expense 3520,Expense,Maintenance,CC-00520,GL-000009,USD,Debit,Income Statement,Yes,TX14,Active,2020-01-01,
GL-003521,533521,Utilities Expense 3521,Expense,Utilities,CC-00521,GL-000010,USD,Debit,Income Statement,Yes,TX0,Active,2020-01-01,
GL-003522,543522,Quality Expense 3522,Expense,Quality,CC-00522,GL-000011,USD,Debit,Income Statement,Yes,EXEMPT,Active,2020-01-01,
GL-003523,553523,Warehouse Expense 3523,Expense,Warehouse,CC-00523,GL-000012,USD,Debit,Income Statement,Yes,EXEMPT,Active,2020-01-01,
GL-003524,563524,Sales Expense 3524,Expense,Sales,CC-00524,GL-000013,USD,Debit,Income Statement,Yes,EXEMPT,Active,2020-01-01,
GL-003525,573525,Administrative Expense 3525,Expense,Administration,CC-00525,GL-000014,USD,Debit,Income Statement,Yes,TX14,Active,2020-01-01,
GL-003526,103526,Cash 3526,Asset,Current Asset,CC-00526,GL-000015,USD,Debit,Balance Sheet,Yes,TX14,Active,2020-01-01,
GL-003527,113527,Accounts Receivable 3527,Asset,Current Asset,CC-00527,GL-000001,USD,Debit,Balance Sheet,Yes,EXEMPT,Active,2020-01-01,
GL-003528,123528,Inventory 3528,Asset,Current Asset,CC-00528,GL-000002,USD,Debit,Balance Sheet,Yes,TX14,Active,2020-01-01,
GL-003529,133529,Fixed Assets 3529,Asset,Non Current Asset,CC-00529,GL-000003,USD,Debit,Balance Sheet,Yes,TX5,Active,2020-01-01,
GL-003530,203530,Accounts Payable 3530,Liability,Current Liability,CC-00530,GL-000004,USD,Credit,Balance Sheet,Yes,EXEMPT,Active,2020-01-01,
GL-003531,303531,Equity 3531,Equity,Equity,CC-00531,GL-000005,USD,Credit,Balance Sheet,Yes,TX5,Active,2020-01-01,
GL-003532,403532,Sales Revenue 3532,Revenue,Operating Revenue,CC-00532,GL-000006,USD,Credit,Income Statement,Yes,TX5,Active,2020-01-01,
GL-003533,503533,Cost of Goods Sold 3533,Expense,COGS,CC-00533,GL-000007,USD,Debit,Income Statement,Yes,TX5,Active,2020-01-01,
GL-003534,513534,Production Cost 3534,Expense,Manufacturing,CC-00534,GL-000008,USD,Debit,Income Statement,Yes,EXEMPT,Active,2020-01-01,
GL-003535,523535,Maintenance Expense 3535,Expense,Maintenance,CC-00535,GL-000009,USD,Debit,Income Statement,Yes,TX0,Active,2020-01-01,
GL-003536,533536,Utilities Expense 3536,Expense,Utilities,CC-00536,GL-000010,USD,Debit,Income Statement,Yes,EXEMPT,Active,2020-01-01,
GL-003537,543537,Quality Expense 3537,Expense,Quality,CC-00537,GL-000011,USD,Debit,Income Statement,Yes,TX0,Active,2020-01-01,
GL-003538,553538,Warehouse Expense 3538,Expense,Warehouse,CC-00538,GL-000012,USD,Debit,Income Statement,Yes,TX0,Active,2020-01-01,
GL-003539,563539,Sales Expense 3539,Expense,Sales,CC-00539,GL-000013,USD,Debit,Income Statement,Yes,TX14,Active,2020-01-01,
GL-003540,573540,Administrative Expense 3540,Expense,Administration,CC-00540,GL-000014,USD,Debit,Income Statement,Yes,EXEMPT,Active,2020-01-01,
GL-003541,103541,Cash 3541,Asset,Current Asset,CC-00541,GL-000015,USD,Debit,Balance Sheet,Yes,EXEMPT,Active,2020-01-01,
GL-003542,113542,Accounts Receivable 3542,Asset,Current Asset,CC-00542,GL-000001,USD,Debit,Balance Sheet,Yes,TX0,Active,2020-01-01,
GL-003543,123543,Inventory 3543,Asset,Current Asset,CC-00543,GL-000002,USD,Debit,Balance Sheet,Yes,TX0,Active,2020-01-01,
GL-003544,133544,Fixed Assets 3544,Asset,Non Current Asset,CC-00544,GL-000003,USD,Debit,Balance Sheet,Yes,TX0,Active,2020-01-01,
GL-003545,203545,Accounts Payable 3545,Liability,Current Liability,CC-00545,GL-000004,USD,Credit,Balance Sheet,Yes,EXEMPT,Active,2020-01-01,
GL-003546,303546,Equity 3546,Equity,Equity,CC-00546,GL-000005,USD,Credit,Balance Sheet,Yes,TX5,Active,2020-01-01,
GL-003547,403547,Sales Revenue 3547,Revenue,Operating Revenue,CC-00547,GL-000006,USD,Credit,Income Statement,Yes,TX14,Active,2020-01-01,
GL-003548,503548,Cost of Goods Sold 3548,Expense,COGS,CC-00548,GL-000007,USD,Debit,Income Statement,Yes,TX14,Active,2020-01-01,
GL-003549,513549,Production Cost 3549,Expense,Manufacturing,CC-00549,GL-000008,USD,Debit,Income Statement,Yes,TX14,Active,2020-01-01,
GL-003550,523550,Maintenance Expense 3550,Expense,Maintenance,CC-00550,GL-000009,USD,Debit,Income Statement,Yes,EXEMPT,Active,2020-01-01,
GL-003551,533551,Utilities Expense 3551,Expense,Utilities,CC-00551,GL-000010,USD,Debit,Income Statement,Yes,TX0,Active,2020-01-01,
GL-003552,543552,Quality Expense 3552,Expense,Quality,CC-00552,GL-000011,USD,Debit,Income Statement,Yes,TX14,Active,2020-01-01,
GL-003553,553553,Warehouse Expense 3553,Expense,Warehouse,CC-00553,GL-000012,USD,Debit,Income Statement,Yes,TX5,Active,2020-01-01,
GL-003554,563554,Sales Expense 3554,Expense,Sales,CC-00554,GL-000013,USD,Debit,Income Statement,Yes,TX5,Active,2020-01-01,
GL-003555,573555,Administrative Expense 3555,Expense,Administration,CC-00555,GL-000014,USD,Debit,Income Statement,Yes,TX0,Active,2020-01-01,
GL-003556,103556,Cash 3556,Asset,Current Asset,CC-00556,GL-000015,USD,Debit,Balance Sheet,Yes,TX0,Active,2020-01-01,
GL-003557,113557,Accounts Receivable 3557,Asset,Current Asset,CC-00557,GL-000001,USD,Debit,Balance Sheet,Yes,TX5,Active,2020-01-01,
GL-003558,123558,Inventory 3558,Asset,Current Asset,CC-00558,GL-000002,USD,Debit,Balance Sheet,Yes,EXEMPT,Active,2020-01-01,
GL-003559,133559,Fixed Assets 3559,Asset,Non Current Asset,CC-00559,GL-000003,USD,Debit,Balance Sheet,Yes,TX0,Active,2020-01-01,
GL-003560,203560,Accounts Payable 3560,Liability,Current Liability,CC-00560,GL-000004,USD,Credit,Balance Sheet,Yes,EXEMPT,Active,2020-01-01,
GL-003561,303561,Equity 3561,Equity,Equity,CC-00561,GL-000005,USD,Credit,Balance Sheet,Yes,TX14,Active,2020-01-01,
GL-003562,403562,Sales Revenue 3562,Revenue,Operating Revenue,CC-00562,GL-000006,USD,Credit,Income Statement,Yes,EXEMPT,Active,2020-01-01,
GL-003563,503563,Cost of Goods Sold 3563,Expense,COGS,CC-00563,GL-000007,USD,Debit,Income Statement,Yes,TX14,Active,2020-01-01,
GL-003564,513564,Production Cost 3564,Expense,Manufacturing,CC-00564,GL-000008,USD,Debit,Income Statement,Yes,TX5,Active,2020-01-01,
GL-003565,523565,Maintenance Expense 3565,Expense,Maintenance,CC-00565,GL-000009,USD,Debit,Income Statement,Yes,EXEMPT,Active,2020-01-01,
GL-003566,533566,Utilities Expense 3566,Expense,Utilities,CC-00566,GL-000010,USD,Debit,Income Statement,Yes,TX14,Active,2020-01-01,
GL-003567,543567,Quality Expense 3567,Expense,Quality,CC-00567,GL-000011,USD,Debit,Income Statement,Yes,TX14,Active,2020-01-01,
GL-003568,553568,Warehouse Expense 3568,Expense,Warehouse,CC-00568,GL-000012,USD,Debit,Income Statement,Yes,TX0,Active,2020-01-01,
GL-003569,563569,Sales Expense 3569,Expense,Sales,CC-00569,GL-000013,USD,Debit,Income Statement,Yes,EXEMPT,Active,2020-01-01,
GL-003570,573570,Administrative Expense 3570,Expense,Administration,CC-00570,GL-000014,USD,Debit,Income Statement,Yes,EXEMPT,Active,2020-01-01,
GL-003571,103571,Cash 3571,Asset,Current Asset,CC-00571,GL-000015,USD,Debit,Balance Sheet,Yes,TX5,Active,2020-01-01,
GL-003572,113572,Accounts Receivable 3572,Asset,Current Asset,CC-00572,GL-000001,USD,Debit,Balance Sheet,Yes,TX14,Active,2020-01-01,
GL-003573,123573,Inventory 3573,Asset,Current Asset,CC-00573,GL-000002,USD,Debit,Balance Sheet,Yes,TX5,Active,2020-01-01,
GL-003574,133574,Fixed Assets 3574,Asset,Non Current Asset,CC-00574,GL-000003,USD,Debit,Balance Sheet,Yes,EXEMPT,Active,2020-01-01,
GL-003575,203575,Accounts Payable 3575,Liability,Current Liability,CC-00575,GL-000004,USD,Credit,Balance Sheet,Yes,TX0,Active,2020-01-01,
GL-003576,303576,Equity 3576,Equity,Equity,CC-00576,GL-000005,USD,Credit,Balance Sheet,Yes,TX5,Active,2020-01-01,
GL-003577,403577,Sales Revenue 3577,Revenue,Operating Revenue,CC-00577,GL-000006,USD,Credit,Income Statement,Yes,TX5,Active,2020-01-01,
GL-003578,503578,Cost of Goods Sold 3578,Expense,COGS,CC-00578,GL-000007,USD,Debit,Income Statement,Yes,TX14,Active,2020-01-01,
GL-003579,513579,Production Cost 3579,Expense,Manufacturing,CC-00579,GL-000008,USD,Debit,Income Statement,Yes,TX0,Active,2020-01-01,
GL-003580,523580,Maintenance Expense 3580,Expense,Maintenance,CC-00580,GL-000009,USD,Debit,Income Statement,Yes,EXEMPT,Active,2020-01-01,
GL-003581,533581,Utilities Expense 3581,Expense,Utilities,CC-00581,GL-000010,USD,Debit,Income Statement,Yes,TX14,Active,2020-01-01,
GL-003582,543582,Quality Expense 3582,Expense,Quality,CC-00582,GL-000011,USD,Debit,Income Statement,Yes,TX0,Active,2020-01-01,
GL-003583,553583,Warehouse Expense 3583,Expense,Warehouse,CC-00583,GL-000012,USD,Debit,Income Statement,Yes,TX14,Active,2020-01-01,
GL-003584,563584,Sales Expense 3584,Expense,Sales,CC-00584,GL-000013,USD,Debit,Income Statement,Yes,EXEMPT,Active,2020-01-01,
GL-003585,573585,Administrative Expense 3585,Expense,Administration,CC-00585,GL-000014,USD,Debit,Income Statement,Yes,TX14,Active,2020-01-01,
GL-003586,103586,Cash 3586,Asset,Current Asset,CC-00586,GL-000015,USD,Debit,Balance Sheet,Yes,TX5,Active,2020-01-01,
GL-003587,113587,Accounts Receivable 3587,Asset,Current Asset,CC-00587,GL-000001,USD,Debit,Balance Sheet,Yes,TX14,Active,2020-01-01,
GL-003588,123588,Inventory 3588,Asset,Current Asset,CC-00588,GL-000002,USD,Debit,Balance Sheet,Yes,TX14,Active,2020-01-01,
GL-003589,133589,Fixed Assets 3589,Asset,Non Current Asset,CC-00589,GL-000003,USD,Debit,Balance Sheet,Yes,EXEMPT,Active,2020-01-01,
GL-003590,203590,Accounts Payable 3590,Liability,Current Liability,CC-00590,GL-000004,USD,Credit,Balance Sheet,Yes,TX0,Active,2020-01-01,
GL-003591,303591,Equity 3591,Equity,Equity,CC-00591,GL-000005,USD,Credit,Balance Sheet,Yes,EXEMPT,Active,2020-01-01,
GL-003592,403592,Sales Revenue 3592,Revenue,Operating Revenue,CC-00592,GL-000006,USD,Credit,Income Statement,Yes,TX5,Active,2020-01-01,
GL-003593,503593,Cost of Goods Sold 3593,Expense,COGS,CC-00593,GL-000007,USD,Debit,Income Statement,Yes,EXEMPT,Active,2020-01-01,
GL-003594,513594,Production Cost 3594,Expense,Manufacturing,CC-00594,GL-000008,USD,Debit,Income Statement,Yes,EXEMPT,Active,2020-01-01,
GL-003595,523595,Maintenance Expense 3595,Expense,Maintenance,CC-00595,GL-000009,USD,Debit,Income Statement,Yes,TX14,Active,2020-01-01,
GL-003596,533596,Utilities Expense 3596,Expense,Utilities,CC-00596,GL-000010,USD,Debit,Income Statement,Yes,TX0,Active,2020-01-01,
GL-003597,543597,Quality Expense 3597,Expense,Quality,CC-00597,GL-000011,USD,Debit,Income Statement,Yes,TX0,Active,2020-01-01,
GL-003598,553598,Warehouse Expense 3598,Expense,Warehouse,CC-00598,GL-000012,USD,Debit,Income Statement,Yes,EXEMPT,Active,2020-01-01,
GL-003599,563599,Sales Expense 3599,Expense,Sales,CC-00599,GL-000013,USD,Debit,Income Statement,Yes,TX5,Active,2020-01-01,
GL-003600,573600,Administrative Expense 3600,Expense,Administration,CC-00600,GL-000014,USD,Debit,Income Statement,Yes,TX0,Active,2020-01-01,
GL-003601,103601,Cash 3601,Asset,Current Asset,CC-00601,GL-000015,USD,Debit,Balance Sheet,Yes,TX5,Active,2020-01-01,
GL-003602,113602,Accounts Receivable 3602,Asset,Current Asset,CC-00602,GL-000001,USD,Debit,Balance Sheet,Yes,TX14,Active,2020-01-01,
GL-003603,123603,Inventory 3603,Asset,Current Asset,CC-00603,GL-000002,USD,Debit,Balance Sheet,Yes,TX5,Active,2020-01-01,
GL-003604,133604,Fixed Assets 3604,Asset,Non Current Asset,CC-00604,GL-000003,USD,Debit,Balance Sheet,Yes,TX14,Active,2020-01-01,
GL-003605,203605,Accounts Payable 3605,Liability,Current Liability,CC-00605,GL-000004,USD,Credit,Balance Sheet,Yes,EXEMPT,Active,2020-01-01,
GL-003606,303606,Equity 3606,Equity,Equity,CC-00606,GL-000005,USD,Credit,Balance Sheet,Yes,TX14,Active,2020-01-01,
GL-003607,403607,Sales Revenue 3607,Revenue,Operating Revenue,CC-00607,GL-000006,USD,Credit,Income Statement,Yes,EXEMPT,Active,2020-01-01,
GL-003608,503608,Cost of Goods Sold 3608,Expense,COGS,CC-00608,GL-000007,USD,Debit,Income Statement,Yes,TX5,Active,2020-01-01,
GL-003609,513609,Production Cost 3609,Expense,Manufacturing,CC-00609,GL-000008,USD,Debit,Income Statement,Yes,EXEMPT,Active,2020-01-01,
GL-003610,523610,Maintenance Expense 3610,Expense,Maintenance,CC-00610,GL-000009,USD,Debit,Income Statement,Yes,EXEMPT,Active,2020-01-01,
GL-003611,533611,Utilities Expense 3611,Expense,Utilities,CC-00611,GL-000010,USD,Debit,Income Statement,Yes,TX5,Active,2020-01-01,
GL-003612,543612,Quality Expense 3612,Expense,Quality,CC-00612,GL-000011,USD,Debit,Income Statement,Yes,TX0,Active,2020-01-01,
GL-003613,553613,Warehouse Expense 3613,Expense,Warehouse,CC-00613,GL-000012,USD,Debit,Income Statement,Yes,TX0,Active,2020-01-01,
GL-003614,563614,Sales Expense 3614,Expense,Sales,CC-00614,GL-000013,USD,Debit,Income Statement,Yes,TX5,Active,2020-01-01,
GL-003615,573615,Administrative Expense 3615,Expense,Administration,CC-00615,GL-000014,USD,Debit,Income Statement,Yes,TX14,Active,2020-01-01,
GL-003616,103616,Cash 3616,Asset,Current Asset,CC-00616,GL-000015,USD,Debit,Balance Sheet,Yes,TX5,Active,2020-01-01,
GL-003617,113617,Accounts Receivable 3617,Asset,Current Asset,CC-00617,GL-000001,USD,Debit,Balance Sheet,Yes,TX0,Active,2020-01-01,
GL-003618,123618,Inventory 3618,Asset,Current Asset,CC-00618,GL-000002,USD,Debit,Balance Sheet,Yes,TX5,Active,2020-01-01,
GL-003619,133619,Fixed Assets 3619,Asset,Non Current Asset,CC-00619,GL-000003,USD,Debit,Balance Sheet,Yes,TX5,Active,2020-01-01,
GL-003620,203620,Accounts Payable 3620,Liability,Current Liability,CC-00620,GL-000004,USD,Credit,Balance Sheet,Yes,TX5,Active,2020-01-01,
GL-003621,303621,Equity 3621,Equity,Equity,CC-00621,GL-000005,USD,Credit,Balance Sheet,Yes,TX5,Active,2020-01-01,
GL-003622,403622,Sales Revenue 3622,Revenue,Operating Revenue,CC-00622,GL-000006,USD,Credit,Income Statement,Yes,TX14,Active,2020-01-01,
GL-003623,503623,Cost of Goods Sold 3623,Expense,COGS,CC-00623,GL-000007,USD,Debit,Income Statement,Yes,TX0,Active,2020-01-01,
GL-003624,513624,Production Cost 3624,Expense,Manufacturing,CC-00624,GL-000008,USD,Debit,Income Statement,Yes,EXEMPT,Active,2020-01-01,
GL-003625,523625,Maintenance Expense 3625,Expense,Maintenance,CC-00625,GL-000009,USD,Debit,Income Statement,Yes,TX0,Active,2020-01-01,
GL-003626,533626,Utilities Expense 3626,Expense,Utilities,CC-00626,GL-000010,USD,Debit,Income Statement,Yes,TX5,Active,2020-01-01,
GL-003627,543627,Quality Expense 3627,Expense,Quality,CC-00627,GL-000011,USD,Debit,Income Statement,Yes,TX0,Active,2020-01-01,
GL-003628,553628,Warehouse Expense 3628,Expense,Warehouse,CC-00628,GL-000012,USD,Debit,Income Statement,Yes,TX0,Active,2020-01-01,
GL-003629,563629,Sales Expense 3629,Expense,Sales,CC-00629,GL-000013,USD,Debit,Income Statement,Yes,TX0,Active,2020-01-01,
GL-003630,573630,Administrative Expense 3630,Expense,Administration,CC-00630,GL-000014,USD,Debit,Income Statement,Yes,TX5,Active,2020-01-01,
GL-003631,103631,Cash 3631,Asset,Current Asset,CC-00631,GL-000015,USD,Debit,Balance Sheet,Yes,TX14,Active,2020-01-01,
GL-003632,113632,Accounts Receivable 3632,Asset,Current Asset,CC-00632,GL-000001,USD,Debit,Balance Sheet,Yes,EXEMPT,Active,2020-01-01,
GL-003633,123633,Inventory 3633,Asset,Current Asset,CC-00633,GL-000002,USD,Debit,Balance Sheet,Yes,TX5,Active,2020-01-01,
GL-003634,133634,Fixed Assets 3634,Asset,Non Current Asset,CC-00634,GL-000003,USD,Debit,Balance Sheet,Yes,TX5,Active,2020-01-01,
GL-003635,203635,Accounts Payable 3635,Liability,Current Liability,CC-00635,GL-000004,USD,Credit,Balance Sheet,Yes,EXEMPT,Active,2020-01-01,
GL-003636,303636,Equity 3636,Equity,Equity,CC-00636,GL-000005,USD,Credit,Balance Sheet,Yes,EXEMPT,Active,2020-01-01,
GL-003637,403637,Sales Revenue 3637,Revenue,Operating Revenue,CC-00637,GL-000006,USD,Credit,Income Statement,Yes,EXEMPT,Active,2020-01-01,
GL-003638,503638,Cost of Goods Sold 3638,Expense,COGS,CC-00638,GL-000007,USD,Debit,Income Statement,Yes,TX0,Active,2020-01-01,
GL-003639,513639,Production Cost 3639,Expense,Manufacturing,CC-00639,GL-000008,USD,Debit,Income Statement,Yes,EXEMPT,Active,2020-01-01,
GL-003640,523640,Maintenance Expense 3640,Expense,Maintenance,CC-00640,GL-000009,USD,Debit,Income Statement,Yes,TX14,Active,2020-01-01,
GL-003641,533641,Utilities Expense 3641,Expense,Utilities,CC-00641,GL-000010,USD,Debit,Income Statement,Yes,TX14,Active,2020-01-01,
GL-003642,543642,Quality Expense 3642,Expense,Quality,CC-00642,GL-000011,USD,Debit,Income Statement,Yes,EXEMPT,Active,2020-01-01,
GL-003643,553643,Warehouse Expense 3643,Expense,Warehouse,CC-00643,GL-000012,USD,Debit,Income Statement,Yes,TX14,Active,2020-01-01,
GL-003644,563644,Sales Expense 3644,Expense,Sales,CC-00644,GL-000013,USD,Debit,Income Statement,Yes,TX5,Active,2020-01-01,
GL-003645,573645,Administrative Expense 3645,Expense,Administration,CC-00645,GL-000014,USD,Debit,Income Statement,Yes,TX0,Active,2020-01-01,
GL-003646,103646,Cash 3646,Asset,Current Asset,CC-00646,GL-000015,USD,Debit,Balance Sheet,Yes,TX0,Active,2020-01-01,
GL-003647,113647,Accounts Receivable 3647,Asset,Current Asset,CC-00647,GL-000001,USD,Debit,Balance Sheet,Yes,EXEMPT,Active,2020-01-01,
GL-003648,123648,Inventory 3648,Asset,Current Asset,CC-00648,GL-000002,USD,Debit,Balance Sheet,Yes,EXEMPT,Active,2020-01-01,
GL-003649,133649,Fixed Assets 3649,Asset,Non Current Asset,CC-00649,GL-000003,USD,Debit,Balance Sheet,Yes,TX0,Active,2020-01-01,
GL-003650,203650,Accounts Payable 3650,Liability,Current Liability,CC-00650,GL-000004,USD,Credit,Balance Sheet,Yes,EXEMPT,Active,2020-01-01,
GL-003651,303651,Equity 3651,Equity,Equity,CC-00651,GL-000005,USD,Credit,Balance Sheet,Yes,TX0,Active,2020-01-01,
GL-003652,403652,Sales Revenue 3652,Revenue,Operating Revenue,CC-00652,GL-000006,USD,Credit,Income Statement,Yes,TX0,Active,2020-01-01,
GL-003653,503653,Cost of Goods Sold 3653,Expense,COGS,CC-00653,GL-000007,USD,Debit,Income Statement,Yes,EXEMPT,Active,2020-01-01,
GL-003654,513654,Production Cost 3654,Expense,Manufacturing,CC-00654,GL-000008,USD,Debit,Income Statement,Yes,TX14,Active,2020-01-01,
GL-003655,523655,Maintenance Expense 3655,Expense,Maintenance,CC-00655,GL-000009,USD,Debit,Income Statement,Yes,EXEMPT,Active,2020-01-01,
GL-003656,533656,Utilities Expense 3656,Expense,Utilities,CC-00656,GL-000010,USD,Debit,Income Statement,Yes,TX14,Active,2020-01-01,
GL-003657,543657,Quality Expense 3657,Expense,Quality,CC-00657,GL-000011,USD,Debit,Income Statement,Yes,TX14,Active,2020-01-01,
GL-003658,553658,Warehouse Expense 3658,Expense,Warehouse,CC-00658,GL-000012,USD,Debit,Income Statement,Yes,EXEMPT,Active,2020-01-01,
GL-003659,563659,Sales Expense 3659,Expense,Sales,CC-00659,GL-000013,USD,Debit,Income Statement,Yes,TX14,Active,2020-01-01,
GL-003660,573660,Administrative Expense 3660,Expense,Administration,CC-00660,GL-000014,USD,Debit,Income Statement,Yes,EXEMPT,Active,2020-01-01,
GL-003661,103661,Cash 3661,Asset,Current Asset,CC-00661,GL-000015,USD,Debit,Balance Sheet,Yes,TX5,Active,2020-01-01,
GL-003662,113662,Accounts Receivable 3662,Asset,Current Asset,CC-00662,GL-000001,USD,Debit,Balance Sheet,Yes,TX14,Active,2020-01-01,
GL-003663,123663,Inventory 3663,Asset,Current Asset,CC-00663,GL-000002,USD,Debit,Balance Sheet,Yes,TX14,Active,2020-01-01,
GL-003664,133664,Fixed Assets 3664,Asset,Non Current Asset,CC-00664,GL-000003,USD,Debit,Balance Sheet,Yes,TX5,Active,2020-01-01,
GL-003665,203665,Accounts Payable 3665,Liability,Current Liability,CC-00665,GL-000004,USD,Credit,Balance Sheet,Yes,TX0,Active,2020-01-01,
GL-003666,303666,Equity 3666,Equity,Equity,CC-00666,GL-000005,USD,Credit,Balance Sheet,Yes,TX5,Active,2020-01-01,
GL-003667,403667,Sales Revenue 3667,Revenue,Operating Revenue,CC-00667,GL-000006,USD,Credit,Income Statement,Yes,TX0,Active,2020-01-01,
GL-003668,503668,Cost of Goods Sold 3668,Expense,COGS,CC-00668,GL-000007,USD,Debit,Income Statement,Yes,TX5,Active,2020-01-01,
GL-003669,513669,Production Cost 3669,Expense,Manufacturing,CC-00669,GL-000008,USD,Debit,Income Statement,Yes,TX0,Active,2020-01-01,
GL-003670,523670,Maintenance Expense 3670,Expense,Maintenance,CC-00670,GL-000009,USD,Debit,Income Statement,Yes,EXEMPT,Active,2020-01-01,
GL-003671,533671,Utilities Expense 3671,Expense,Utilities,CC-00671,GL-000010,USD,Debit,Income Statement,Yes,TX14,Active,2020-01-01,
GL-003672,543672,Quality Expense 3672,Expense,Quality,CC-00672,GL-000011,USD,Debit,Income Statement,Yes,TX5,Active,2020-01-01,
GL-003673,553673,Warehouse Expense 3673,Expense,Warehouse,CC-00673,GL-000012,USD,Debit,Income Statement,Yes,TX0,Active,2020-01-01,
GL-003674,563674,Sales Expense 3674,Expense,Sales,CC-00674,GL-000013,USD,Debit,Income Statement,Yes,TX0,Active,2020-01-01,
GL-003675,573675,Administrative Expense 3675,Expense,Administration,CC-00675,GL-000014,USD,Debit,Income Statement,Yes,TX5,Active,2020-01-01,
GL-003676,103676,Cash 3676,Asset,Current Asset,CC-00676,GL-000015,USD,Debit,Balance Sheet,Yes,TX14,Active,2020-01-01,
GL-003677,113677,Accounts Receivable 3677,Asset,Current Asset,CC-00677,GL-000001,USD,Debit,Balance Sheet,Yes,TX5,Active,2020-01-01,
GL-003678,123678,Inventory 3678,Asset,Current Asset,CC-00678,GL-000002,USD,Debit,Balance Sheet,Yes,TX14,Active,2020-01-01,
GL-003679,133679,Fixed Assets 3679,Asset,Non Current Asset,CC-00679,GL-000003,USD,Debit,Balance Sheet,Yes,TX0,Active,2020-01-01,
GL-003680,203680,Accounts Payable 3680,Liability,Current Liability,CC-00680,GL-000004,USD,Credit,Balance Sheet,Yes,TX5,Active,2020-01-01,
GL-003681,303681,Equity 3681,Equity,Equity,CC-00681,GL-000005,USD,Credit,Balance Sheet,Yes,TX14,Active,2020-01-01,
GL-003682,403682,Sales Revenue 3682,Revenue,Operating Revenue,CC-00682,GL-000006,USD,Credit,Income Statement,Yes,TX0,Active,2020-01-01,
GL-003683,503683,Cost of Goods Sold 3683,Expense,COGS,CC-00683,GL-000007,USD,Debit,Income Statement,Yes,TX5,Active,2020-01-01,
GL-003684,513684,Production Cost 3684,Expense,Manufacturing,CC-00684,GL-000008,USD,Debit,Income Statement,Yes,TX5,Active,2020-01-01,
GL-003685,523685,Maintenance Expense 3685,Expense,Maintenance,CC-00685,GL-000009,USD,Debit,Income Statement,Yes,EXEMPT,Active,2020-01-01,
GL-003686,533686,Utilities Expense 3686,Expense,Utilities,CC-00686,GL-000010,USD,Debit,Income Statement,Yes,TX14,Active,2020-01-01,
GL-003687,543687,Quality Expense 3687,Expense,Quality,CC-00687,GL-000011,USD,Debit,Income Statement,Yes,TX5,Active,2020-01-01,
GL-003688,553688,Warehouse Expense 3688,Expense,Warehouse,CC-00688,GL-000012,USD,Debit,Income Statement,Yes,TX14,Active,2020-01-01,
GL-003689,563689,Sales Expense 3689,Expense,Sales,CC-00689,GL-000013,USD,Debit,Income Statement,Yes,TX14,Active,2020-01-01,
GL-003690,573690,Administrative Expense 3690,Expense,Administration,CC-00690,GL-000014,USD,Debit,Income Statement,Yes,TX5,Active,2020-01-01,
GL-003691,103691,Cash 3691,Asset,Current Asset,CC-00691,GL-000015,USD,Debit,Balance Sheet,Yes,TX5,Active,2020-01-01,
GL-003692,113692,Accounts Receivable 3692,Asset,Current Asset,CC-00692,GL-000001,USD,Debit,Balance Sheet,Yes,EXEMPT,Active,2020-01-01,
GL-003693,123693,Inventory 3693,Asset,Current Asset,CC-00693,GL-000002,USD,Debit,Balance Sheet,Yes,EXEMPT,Active,2020-01-01,
GL-003694,133694,Fixed Assets 3694,Asset,Non Current Asset,CC-00694,GL-000003,USD,Debit,Balance Sheet,Yes,TX14,Active,2020-01-01,
GL-003695,203695,Accounts Payable 3695,Liability,Current Liability,CC-00695,GL-000004,USD,Credit,Balance Sheet,Yes,TX5,Active,2020-01-01,
GL-003696,303696,Equity 3696,Equity,Equity,CC-00696,GL-000005,USD,Credit,Balance Sheet,Yes,TX0,Active,2020-01-01,
GL-003697,403697,Sales Revenue 3697,Revenue,Operating Revenue,CC-00697,GL-000006,USD,Credit,Income Statement,Yes,TX14,Active,2020-01-01,
GL-003698,503698,Cost of Goods Sold 3698,Expense,COGS,CC-00698,GL-000007,USD,Debit,Income Statement,Yes,TX14,Active,2020-01-01,
GL-003699,513699,Production Cost 3699,Expense,Manufacturing,CC-00699,GL-000008,USD,Debit,Income Statement,Yes,EXEMPT,Active,2020-01-01,
GL-003700,523700,Maintenance Expense 3700,Expense,Maintenance,CC-00700,GL-000009,USD,Debit,Income Statement,Yes,TX5,Active,2020-01-01,
GL-003701,533701,Utilities Expense 3701,Expense,Utilities,CC-00701,GL-000010,USD,Debit,Income Statement,Yes,TX14,Active,2020-01-01,
GL-003702,543702,Quality Expense 3702,Expense,Quality,CC-00702,GL-000011,USD,Debit,Income Statement,Yes,TX14,Active,2020-01-01,
GL-003703,553703,Warehouse Expense 3703,Expense,Warehouse,CC-00703,GL-000012,USD,Debit,Income Statement,Yes,TX14,Active,2020-01-01,
GL-003704,563704,Sales Expense 3704,Expense,Sales,CC-00704,GL-000013,USD,Debit,Income Statement,Yes,TX14,Active,2020-01-01,
GL-003705,573705,Administrative Expense 3705,Expense,Administration,CC-00705,GL-000014,USD,Debit,Income Statement,Yes,TX0,Active,2020-01-01,
GL-003706,103706,Cash 3706,Asset,Current Asset,CC-00706,GL-000015,USD,Debit,Balance Sheet,Yes,TX0,Active,2020-01-01,
GL-003707,113707,Accounts Receivable 3707,Asset,Current Asset,CC-00707,GL-000001,USD,Debit,Balance Sheet,Yes,TX5,Active,2020-01-01,
GL-003708,123708,Inventory 3708,Asset,Current Asset,CC-00708,GL-000002,USD,Debit,Balance Sheet,Yes,TX0,Active,2020-01-01,
GL-003709,133709,Fixed Assets 3709,Asset,Non Current Asset,CC-00709,GL-000003,USD,Debit,Balance Sheet,Yes,TX14,Active,2020-01-01,
GL-003710,203710,Accounts Payable 3710,Liability,Current Liability,CC-00710,GL-000004,USD,Credit,Balance Sheet,Yes,TX5,Active,2020-01-01,
GL-003711,303711,Equity 3711,Equity,Equity,CC-00711,GL-000005,USD,Credit,Balance Sheet,Yes,TX0,Active,2020-01-01,
GL-003712,403712,Sales Revenue 3712,Revenue,Operating Revenue,CC-00712,GL-000006,USD,Credit,Income Statement,Yes,TX14,Active,2020-01-01,
GL-003713,503713,Cost of Goods Sold 3713,Expense,COGS,CC-00713,GL-000007,USD,Debit,Income Statement,Yes,TX14,Active,2020-01-01,
GL-003714,513714,Production Cost 3714,Expense,Manufacturing,CC-00714,GL-000008,USD,Debit,Income Statement,Yes,TX5,Active,2020-01-01,
GL-003715,523715,Maintenance Expense 3715,Expense,Maintenance,CC-00715,GL-000009,USD,Debit,Income Statement,Yes,TX5,Active,2020-01-01,
GL-003716,533716,Utilities Expense 3716,Expense,Utilities,CC-00716,GL-000010,USD,Debit,Income Statement,Yes,EXEMPT,Active,2020-01-01,
GL-003717,543717,Quality Expense 3717,Expense,Quality,CC-00717,GL-000011,USD,Debit,Income Statement,Yes,EXEMPT,Active,2020-01-01,
GL-003718,553718,Warehouse Expense 3718,Expense,Warehouse,CC-00718,GL-000012,USD,Debit,Income Statement,Yes,TX14,Active,2020-01-01,
GL-003719,563719,Sales Expense 3719,Expense,Sales,CC-00719,GL-000013,USD,Debit,Income Statement,Yes,TX0,Active,2020-01-01,
GL-003720,573720,Administrative Expense 3720,Expense,Administration,CC-00720,GL-000014,USD,Debit,Income Statement,Yes,TX14,Active,2020-01-01,
GL-003721,103721,Cash 3721,Asset,Current Asset,CC-00721,GL-000015,USD,Debit,Balance Sheet,Yes,EXEMPT,Active,2020-01-01,
GL-003722,113722,Accounts Receivable 3722,Asset,Current Asset,CC-00722,GL-000001,USD,Debit,Balance Sheet,Yes,EXEMPT,Active,2020-01-01,
GL-003723,123723,Inventory 3723,Asset,Current Asset,CC-00723,GL-000002,USD,Debit,Balance Sheet,Yes,TX14,Active,2020-01-01,
GL-003724,133724,Fixed Assets 3724,Asset,Non Current Asset,CC-00724,GL-000003,USD,Debit,Balance Sheet,Yes,TX14,Active,2020-01-01,
GL-003725,203725,Accounts Payable 3725,Liability,Current Liability,CC-00725,GL-000004,USD,Credit,Balance Sheet,Yes,TX0,Active,2020-01-01,
GL-003726,303726,Equity 3726,Equity,Equity,CC-00726,GL-000005,USD,Credit,Balance Sheet,Yes,EXEMPT,Active,2020-01-01,
GL-003727,403727,Sales Revenue 3727,Revenue,Operating Revenue,CC-00727,GL-000006,USD,Credit,Income Statement,Yes,TX0,Active,2020-01-01,
GL-003728,503728,Cost of Goods Sold 3728,Expense,COGS,CC-00728,GL-000007,USD,Debit,Income Statement,Yes,TX14,Active,2020-01-01,
GL-003729,513729,Production Cost 3729,Expense,Manufacturing,CC-00729,GL-000008,USD,Debit,Income Statement,Yes,TX5,Active,2020-01-01,
GL-003730,523730,Maintenance Expense 3730,Expense,Maintenance,CC-00730,GL-000009,USD,Debit,Income Statement,Yes,EXEMPT,Active,2020-01-01,
GL-003731,533731,Utilities Expense 3731,Expense,Utilities,CC-00731,GL-000010,USD,Debit,Income Statement,Yes,TX0,Active,2020-01-01,
GL-003732,543732,Quality Expense 3732,Expense,Quality,CC-00732,GL-000011,USD,Debit,Income Statement,Yes,EXEMPT,Active,2020-01-01,
GL-003733,553733,Warehouse Expense 3733,Expense,Warehouse,CC-00733,GL-000012,USD,Debit,Income Statement,Yes,TX5,Active,2020-01-01,
GL-003734,563734,Sales Expense 3734,Expense,Sales,CC-00734,GL-000013,USD,Debit,Income Statement,Yes,TX0,Active,2020-01-01,
GL-003735,573735,Administrative Expense 3735,Expense,Administration,CC-00735,GL-000014,USD,Debit,Income Statement,Yes,TX0,Active,2020-01-01,
GL-003736,103736,Cash 3736,Asset,Current Asset,CC-00736,GL-000015,USD,Debit,Balance Sheet,Yes,TX0,Active,2020-01-01,
GL-003737,113737,Accounts Receivable 3737,Asset,Current Asset,CC-00737,GL-000001,USD,Debit,Balance Sheet,Yes,EXEMPT,Active,2020-01-01,
GL-003738,123738,Inventory 3738,Asset,Current Asset,CC-00738,GL-000002,USD,Debit,Balance Sheet,Yes,TX5,Active,2020-01-01,
GL-003739,133739,Fixed Assets 3739,Asset,Non Current Asset,CC-00739,GL-000003,USD,Debit,Balance Sheet,Yes,EXEMPT,Active,2020-01-01,
GL-003740,203740,Accounts Payable 3740,Liability,Current Liability,CC-00740,GL-000004,USD,Credit,Balance Sheet,Yes,EXEMPT,Active,2020-01-01,
GL-003741,303741,Equity 3741,Equity,Equity,CC-00741,GL-000005,USD,Credit,Balance Sheet,Yes,TX5,Active,2020-01-01,
GL-003742,403742,Sales Revenue 3742,Revenue,Operating Revenue,CC-00742,GL-000006,USD,Credit,Income Statement,Yes,EXEMPT,Active,2020-01-01,
GL-003743,503743,Cost of Goods Sold 3743,Expense,COGS,CC-00743,GL-000007,USD,Debit,Income Statement,Yes,TX14,Active,2020-01-01,
GL-003744,513744,Production Cost 3744,Expense,Manufacturing,CC-00744,GL-000008,USD,Debit,Income Statement,Yes,TX0,Active,2020-01-01,
GL-003745,523745,Maintenance Expense 3745,Expense,Maintenance,CC-00745,GL-000009,USD,Debit,Income Statement,Yes,EXEMPT,Active,2020-01-01,
GL-003746,533746,Utilities Expense 3746,Expense,Utilities,CC-00746,GL-000010,USD,Debit,Income Statement,Yes,TX14,Active,2020-01-01,
GL-003747,543747,Quality Expense 3747,Expense,Quality,CC-00747,GL-000011,USD,Debit,Income Statement,Yes,TX5,Active,2020-01-01,
GL-003748,553748,Warehouse Expense 3748,Expense,Warehouse,CC-00748,GL-000012,USD,Debit,Income Statement,Yes,TX0,Active,2020-01-01,
GL-003749,563749,Sales Expense 3749,Expense,Sales,CC-00749,GL-000013,USD,Debit,Income Statement,Yes,EXEMPT,Active,2020-01-01,
GL-003750,573750,Administrative Expense 3750,Expense,Administration,CC-00750,GL-000014,USD,Debit,Income Statement,Yes,TX5,Active,2020-01-01,
GL-003751,103751,Cash 3751,Asset,Current Asset,CC-00751,GL-000015,USD,Debit,Balance Sheet,Yes,TX14,Active,2020-01-01,
GL-003752,113752,Accounts Receivable 3752,Asset,Current Asset,CC-00752,GL-000001,USD,Debit,Balance Sheet,Yes,TX5,Active,2020-01-01,
GL-003753,123753,Inventory 3753,Asset,Current Asset,CC-00753,GL-000002,USD,Debit,Balance Sheet,Yes,TX5,Active,2020-01-01,
GL-003754,133754,Fixed Assets 3754,Asset,Non Current Asset,CC-00754,GL-000003,USD,Debit,Balance Sheet,Yes,EXEMPT,Active,2020-01-01,
GL-003755,203755,Accounts Payable 3755,Liability,Current Liability,CC-00755,GL-000004,USD,Credit,Balance Sheet,Yes,TX14,Active,2020-01-01,
GL-003756,303756,Equity 3756,Equity,Equity,CC-00756,GL-000005,USD,Credit,Balance Sheet,Yes,TX5,Active,2020-01-01,
GL-003757,403757,Sales Revenue 3757,Revenue,Operating Revenue,CC-00757,GL-000006,USD,Credit,Income Statement,Yes,TX5,Active,2020-01-01,
GL-003758,503758,Cost of Goods Sold 3758,Expense,COGS,CC-00758,GL-000007,USD,Debit,Income Statement,Yes,EXEMPT,Active,2020-01-01,
GL-003759,513759,Production Cost 3759,Expense,Manufacturing,CC-00759,GL-000008,USD,Debit,Income Statement,Yes,EXEMPT,Active,2020-01-01,
GL-003760,523760,Maintenance Expense 3760,Expense,Maintenance,CC-00760,GL-000009,USD,Debit,Income Statement,Yes,TX0,Active,2020-01-01,
GL-003761,533761,Utilities Expense 3761,Expense,Utilities,CC-00761,GL-000010,USD,Debit,Income Statement,Yes,TX0,Active,2020-01-01,
GL-003762,543762,Quality Expense 3762,Expense,Quality,CC-00762,GL-000011,USD,Debit,Income Statement,Yes,EXEMPT,Active,2020-01-01,
GL-003763,553763,Warehouse Expense 3763,Expense,Warehouse,CC-00763,GL-000012,USD,Debit,Income Statement,Yes,TX0,Active,2020-01-01,
GL-003764,563764,Sales Expense 3764,Expense,Sales,CC-00764,GL-000013,USD,Debit,Income Statement,Yes,TX0,Active,2020-01-01,
GL-003765,573765,Administrative Expense 3765,Expense,Administration,CC-00765,GL-000014,USD,Debit,Income Statement,Yes,TX0,Active,2020-01-01,
GL-003766,103766,Cash 3766,Asset,Current Asset,CC-00766,GL-000015,USD,Debit,Balance Sheet,Yes,TX5,Active,2020-01-01,
GL-003767,113767,Accounts Receivable 3767,Asset,Current Asset,CC-00767,GL-000001,USD,Debit,Balance Sheet,Yes,EXEMPT,Active,2020-01-01,
GL-003768,123768,Inventory 3768,Asset,Current Asset,CC-00768,GL-000002,USD,Debit,Balance Sheet,Yes,TX14,Active,2020-01-01,
GL-003769,133769,Fixed Assets 3769,Asset,Non Current Asset,CC-00769,GL-000003,USD,Debit,Balance Sheet,Yes,TX5,Active,2020-01-01,
GL-003770,203770,Accounts Payable 3770,Liability,Current Liability,CC-00770,GL-000004,USD,Credit,Balance Sheet,Yes,TX0,Active,2020-01-01,
GL-003771,303771,Equity 3771,Equity,Equity,CC-00771,GL-000005,USD,Credit,Balance Sheet,Yes,TX5,Active,2020-01-01,
GL-003772,403772,Sales Revenue 3772,Revenue,Operating Revenue,CC-00772,GL-000006,USD,Credit,Income Statement,Yes,TX5,Active,2020-01-01,
GL-003773,503773,Cost of Goods Sold 3773,Expense,COGS,CC-00773,GL-000007,USD,Debit,Income Statement,Yes,TX0,Active,2020-01-01,
GL-003774,513774,Production Cost 3774,Expense,Manufacturing,CC-00774,GL-000008,USD,Debit,Income Statement,Yes,TX0,Active,2020-01-01,
GL-003775,523775,Maintenance Expense 3775,Expense,Maintenance,CC-00775,GL-000009,USD,Debit,Income Statement,Yes,TX14,Active,2020-01-01,
GL-003776,533776,Utilities Expense 3776,Expense,Utilities,CC-00776,GL-000010,USD,Debit,Income Statement,Yes,EXEMPT,Active,2020-01-01,
GL-003777,543777,Quality Expense 3777,Expense,Quality,CC-00777,GL-000011,USD,Debit,Income Statement,Yes,EXEMPT,Active,2020-01-01,
GL-003778,553778,Warehouse Expense 3778,Expense,Warehouse,CC-00778,GL-000012,USD,Debit,Income Statement,Yes,TX5,Active,2020-01-01,
GL-003779,563779,Sales Expense 3779,Expense,Sales,CC-00779,GL-000013,USD,Debit,Income Statement,Yes,EXEMPT,Active,2020-01-01,
GL-003780,573780,Administrative Expense 3780,Expense,Administration,CC-00780,GL-000014,USD,Debit,Income Statement,Yes,TX14,Active,2020-01-01,
GL-003781,103781,Cash 3781,Asset,Current Asset,CC-00781,GL-000015,USD,Debit,Balance Sheet,Yes,EXEMPT,Active,2020-01-01,
GL-003782,113782,Accounts Receivable 3782,Asset,Current Asset,CC-00782,GL-000001,USD,Debit,Balance Sheet,Yes,TX14,Active,2020-01-01,
GL-003783,123783,Inventory 3783,Asset,Current Asset,CC-00783,GL-000002,USD,Debit,Balance Sheet,Yes,EXEMPT,Active,2020-01-01,
GL-003784,133784,Fixed Assets 3784,Asset,Non Current Asset,CC-00784,GL-000003,USD,Debit,Balance Sheet,Yes,TX0,Active,2020-01-01,
GL-003785,203785,Accounts Payable 3785,Liability,Current Liability,CC-00785,GL-000004,USD,Credit,Balance Sheet,Yes,EXEMPT,Active,2020-01-01,
GL-003786,303786,Equity 3786,Equity,Equity,CC-00786,GL-000005,USD,Credit,Balance Sheet,Yes,TX0,Active,2020-01-01,
GL-003787,403787,Sales Revenue 3787,Revenue,Operating Revenue,CC-00787,GL-000006,USD,Credit,Income Statement,Yes,TX14,Active,2020-01-01,
GL-003788,503788,Cost of Goods Sold 3788,Expense,COGS,CC-00788,GL-000007,USD,Debit,Income Statement,Yes,TX0,Active,2020-01-01,
GL-003789,513789,Production Cost 3789,Expense,Manufacturing,CC-00789,GL-000008,USD,Debit,Income Statement,Yes,TX14,Active,2020-01-01,
GL-003790,523790,Maintenance Expense 3790,Expense,Maintenance,CC-00790,GL-000009,USD,Debit,Income Statement,Yes,TX5,Active,2020-01-01,
GL-003791,533791,Utilities Expense 3791,Expense,Utilities,CC-00791,GL-000010,USD,Debit,Income Statement,Yes,TX0,Active,2020-01-01,
GL-003792,543792,Quality Expense 3792,Expense,Quality,CC-00792,GL-000011,USD,Debit,Income Statement,Yes,EXEMPT,Active,2020-01-01,
GL-003793,553793,Warehouse Expense 3793,Expense,Warehouse,CC-00793,GL-000012,USD,Debit,Income Statement,Yes,TX5,Active,2020-01-01,
GL-003794,563794,Sales Expense 3794,Expense,Sales,CC-00794,GL-000013,USD,Debit,Income Statement,Yes,TX0,Active,2020-01-01,
GL-003795,573795,Administrative Expense 3795,Expense,Administration,CC-00795,GL-000014,USD,Debit,Income Statement,Yes,EXEMPT,Active,2020-01-01,
GL-003796,103796,Cash 3796,Asset,Current Asset,CC-00796,GL-000015,USD,Debit,Balance Sheet,Yes,TX14,Active,2020-01-01,
GL-003797,113797,Accounts Receivable 3797,Asset,Current Asset,CC-00797,GL-000001,USD,Debit,Balance Sheet,Yes,EXEMPT,Active,2020-01-01,
GL-003798,123798,Inventory 3798,Asset,Current Asset,CC-00798,GL-000002,USD,Debit,Balance Sheet,Yes,TX0,Active,2020-01-01,
GL-003799,133799,Fixed Assets 3799,Asset,Non Current Asset,CC-00799,GL-000003,USD,Debit,Balance Sheet,Yes,TX5,Active,2020-01-01,
GL-003800,203800,Accounts Payable 3800,Liability,Current Liability,CC-00800,GL-000004,USD,Credit,Balance Sheet,Yes,TX5,Active,2020-01-01,
GL-003801,303801,Equity 3801,Equity,Equity,CC-00801,GL-000005,USD,Credit,Balance Sheet,Yes,TX5,Active,2020-01-01,
GL-003802,403802,Sales Revenue 3802,Revenue,Operating Revenue,CC-00802,GL-000006,USD,Credit,Income Statement,Yes,TX0,Active,2020-01-01,
GL-003803,503803,Cost of Goods Sold 3803,Expense,COGS,CC-00803,GL-000007,USD,Debit,Income Statement,Yes,TX5,Active,2020-01-01,
GL-003804,513804,Production Cost 3804,Expense,Manufacturing,CC-00804,GL-000008,USD,Debit,Income Statement,Yes,TX0,Active,2020-01-01,
GL-003805,523805,Maintenance Expense 3805,Expense,Maintenance,CC-00805,GL-000009,USD,Debit,Income Statement,Yes,TX5,Active,2020-01-01,
GL-003806,533806,Utilities Expense 3806,Expense,Utilities,CC-00806,GL-000010,USD,Debit,Income Statement,Yes,TX14,Active,2020-01-01,
GL-003807,543807,Quality Expense 3807,Expense,Quality,CC-00807,GL-000011,USD,Debit,Income Statement,Yes,EXEMPT,Active,2020-01-01,
GL-003808,553808,Warehouse Expense 3808,Expense,Warehouse,CC-00808,GL-000012,USD,Debit,Income Statement,Yes,EXEMPT,Active,2020-01-01,
GL-003809,563809,Sales Expense 3809,Expense,Sales,CC-00809,GL-000013,USD,Debit,Income Statement,Yes,EXEMPT,Active,2020-01-01,
GL-003810,573810,Administrative Expense 3810,Expense,Administration,CC-00810,GL-000014,USD,Debit,Income Statement,Yes,EXEMPT,Active,2020-01-01,
GL-003811,103811,Cash 3811,Asset,Current Asset,CC-00811,GL-000015,USD,Debit,Balance Sheet,Yes,TX14,Active,2020-01-01,
GL-003812,113812,Accounts Receivable 3812,Asset,Current Asset,CC-00812,GL-000001,USD,Debit,Balance Sheet,Yes,TX0,Active,2020-01-01,
GL-003813,123813,Inventory 3813,Asset,Current Asset,CC-00813,GL-000002,USD,Debit,Balance Sheet,Yes,EXEMPT,Active,2020-01-01,
GL-003814,133814,Fixed Assets 3814,Asset,Non Current Asset,CC-00814,GL-000003,USD,Debit,Balance Sheet,Yes,EXEMPT,Active,2020-01-01,
GL-003815,203815,Accounts Payable 3815,Liability,Current Liability,CC-00815,GL-000004,USD,Credit,Balance Sheet,Yes,TX5,Active,2020-01-01,
GL-003816,303816,Equity 3816,Equity,Equity,CC-00816,GL-000005,USD,Credit,Balance Sheet,Yes,TX0,Active,2020-01-01,
GL-003817,403817,Sales Revenue 3817,Revenue,Operating Revenue,CC-00817,GL-000006,USD,Credit,Income Statement,Yes,TX5,Active,2020-01-01,
GL-003818,503818,Cost of Goods Sold 3818,Expense,COGS,CC-00818,GL-000007,USD,Debit,Income Statement,Yes,TX14,Active,2020-01-01,
GL-003819,513819,Production Cost 3819,Expense,Manufacturing,CC-00819,GL-000008,USD,Debit,Income Statement,Yes,TX0,Active,2020-01-01,
GL-003820,523820,Maintenance Expense 3820,Expense,Maintenance,CC-00820,GL-000009,USD,Debit,Income Statement,Yes,TX5,Active,2020-01-01,
GL-003821,533821,Utilities Expense 3821,Expense,Utilities,CC-00821,GL-000010,USD,Debit,Income Statement,Yes,TX14,Active,2020-01-01,
GL-003822,543822,Quality Expense 3822,Expense,Quality,CC-00822,GL-000011,USD,Debit,Income Statement,Yes,TX0,Active,2020-01-01,
GL-003823,553823,Warehouse Expense 3823,Expense,Warehouse,CC-00823,GL-000012,USD,Debit,Income Statement,Yes,TX14,Active,2020-01-01,
GL-003824,563824,Sales Expense 3824,Expense,Sales,CC-00824,GL-000013,USD,Debit,Income Statement,Yes,TX0,Active,2020-01-01,
GL-003825,573825,Administrative Expense 3825,Expense,Administration,CC-00825,GL-000014,USD,Debit,Income Statement,Yes,TX5,Active,2020-01-01,
GL-003826,103826,Cash 3826,Asset,Current Asset,CC-00826,GL-000015,USD,Debit,Balance Sheet,Yes,TX0,Active,2020-01-01,
GL-003827,113827,Accounts Receivable 3827,Asset,Current Asset,CC-00827,GL-000001,USD,Debit,Balance Sheet,Yes,TX0,Active,2020-01-01,
GL-003828,123828,Inventory 3828,Asset,Current Asset,CC-00828,GL-000002,USD,Debit,Balance Sheet,Yes,EXEMPT,Active,2020-01-01,
GL-003829,133829,Fixed Assets 3829,Asset,Non Current Asset,CC-00829,GL-000003,USD,Debit,Balance Sheet,Yes,TX14,Active,2020-01-01,
GL-003830,203830,Accounts Payable 3830,Liability,Current Liability,CC-00830,GL-000004,USD,Credit,Balance Sheet,Yes,TX14,Active,2020-01-01,
GL-003831,303831,Equity 3831,Equity,Equity,CC-00831,GL-000005,USD,Credit,Balance Sheet,Yes,TX14,Active,2020-01-01,
GL-003832,403832,Sales Revenue 3832,Revenue,Operating Revenue,CC-00832,GL-000006,USD,Credit,Income Statement,Yes,EXEMPT,Active,2020-01-01,
GL-003833,503833,Cost of Goods Sold 3833,Expense,COGS,CC-00833,GL-000007,USD,Debit,Income Statement,Yes,TX14,Active,2020-01-01,
GL-003834,513834,Production Cost 3834,Expense,Manufacturing,CC-00834,GL-000008,USD,Debit,Income Statement,Yes,EXEMPT,Active,2020-01-01,
GL-003835,523835,Maintenance Expense 3835,Expense,Maintenance,CC-00835,GL-000009,USD,Debit,Income Statement,Yes,TX5,Active,2020-01-01,
GL-003836,533836,Utilities Expense 3836,Expense,Utilities,CC-00836,GL-000010,USD,Debit,Income Statement,Yes,EXEMPT,Active,2020-01-01,
GL-003837,543837,Quality Expense 3837,Expense,Quality,CC-00837,GL-000011,USD,Debit,Income Statement,Yes,TX14,Active,2020-01-01,
GL-003838,553838,Warehouse Expense 3838,Expense,Warehouse,CC-00838,GL-000012,USD,Debit,Income Statement,Yes,EXEMPT,Active,2020-01-01,
GL-003839,563839,Sales Expense 3839,Expense,Sales,CC-00839,GL-000013,USD,Debit,Income Statement,Yes,TX5,Active,2020-01-01,
GL-003840,573840,Administrative Expense 3840,Expense,Administration,CC-00840,GL-000014,USD,Debit,Income Statement,Yes,TX0,Active,2020-01-01,
GL-003841,103841,Cash 3841,Asset,Current Asset,CC-00841,GL-000015,USD,Debit,Balance Sheet,Yes,TX14,Active,2020-01-01,
GL-003842,113842,Accounts Receivable 3842,Asset,Current Asset,CC-00842,GL-000001,USD,Debit,Balance Sheet,Yes,TX14,Active,2020-01-01,
GL-003843,123843,Inventory 3843,Asset,Current Asset,CC-00843,GL-000002,USD,Debit,Balance Sheet,Yes,TX14,Active,2020-01-01,
GL-003844,133844,Fixed Assets 3844,Asset,Non Current Asset,CC-00844,GL-000003,USD,Debit,Balance Sheet,Yes,TX5,Active,2020-01-01,
GL-003845,203845,Accounts Payable 3845,Liability,Current Liability,CC-00845,GL-000004,USD,Credit,Balance Sheet,Yes,TX5,Active,2020-01-01,
GL-003846,303846,Equity 3846,Equity,Equity,CC-00846,GL-000005,USD,Credit,Balance Sheet,Yes,TX14,Active,2020-01-01,
GL-003847,403847,Sales Revenue 3847,Revenue,Operating Revenue,CC-00847,GL-000006,USD,Credit,Income Statement,Yes,TX0,Active,2020-01-01,
GL-003848,503848,Cost of Goods Sold 3848,Expense,COGS,CC-00848,GL-000007,USD,Debit,Income Statement,Yes,TX14,Active,2020-01-01,
GL-003849,513849,Production Cost 3849,Expense,Manufacturing,CC-00849,GL-000008,USD,Debit,Income Statement,Yes,TX14,Active,2020-01-01,
GL-003850,523850,Maintenance Expense 3850,Expense,Maintenance,CC-00850,GL-000009,USD,Debit,Income Statement,Yes,TX0,Active,2020-01-01,
GL-003851,533851,Utilities Expense 3851,Expense,Utilities,CC-00851,GL-000010,USD,Debit,Income Statement,Yes,EXEMPT,Active,2020-01-01,
GL-003852,543852,Quality Expense 3852,Expense,Quality,CC-00852,GL-000011,USD,Debit,Income Statement,Yes,TX5,Active,2020-01-01,
GL-003853,553853,Warehouse Expense 3853,Expense,Warehouse,CC-00853,GL-000012,USD,Debit,Income Statement,Yes,TX0,Active,2020-01-01,
GL-003854,563854,Sales Expense 3854,Expense,Sales,CC-00854,GL-000013,USD,Debit,Income Statement,Yes,TX5,Active,2020-01-01,
GL-003855,573855,Administrative Expense 3855,Expense,Administration,CC-00855,GL-000014,USD,Debit,Income Statement,Yes,TX5,Active,2020-01-01,
GL-003856,103856,Cash 3856,Asset,Current Asset,CC-00856,GL-000015,USD,Debit,Balance Sheet,Yes,EXEMPT,Active,2020-01-01,
GL-003857,113857,Accounts Receivable 3857,Asset,Current Asset,CC-00857,GL-000001,USD,Debit,Balance Sheet,Yes,TX5,Active,2020-01-01,
GL-003858,123858,Inventory 3858,Asset,Current Asset,CC-00858,GL-000002,USD,Debit,Balance Sheet,Yes,TX5,Active,2020-01-01,
GL-003859,133859,Fixed Assets 3859,Asset,Non Current Asset,CC-00859,GL-000003,USD,Debit,Balance Sheet,Yes,EXEMPT,Active,2020-01-01,
GL-003860,203860,Accounts Payable 3860,Liability,Current Liability,CC-00860,GL-000004,USD,Credit,Balance Sheet,Yes,TX5,Active,2020-01-01,
GL-003861,303861,Equity 3861,Equity,Equity,CC-00861,GL-000005,USD,Credit,Balance Sheet,Yes,TX14,Active,2020-01-01,
GL-003862,403862,Sales Revenue 3862,Revenue,Operating Revenue,CC-00862,GL-000006,USD,Credit,Income Statement,Yes,TX14,Active,2020-01-01,
GL-003863,503863,Cost of Goods Sold 3863,Expense,COGS,CC-00863,GL-000007,USD,Debit,Income Statement,Yes,TX5,Active,2020-01-01,
GL-003864,513864,Production Cost 3864,Expense,Manufacturing,CC-00864,GL-000008,USD,Debit,Income Statement,Yes,TX14,Active,2020-01-01,
GL-003865,523865,Maintenance Expense 3865,Expense,Maintenance,CC-00865,GL-000009,USD,Debit,Income Statement,Yes,TX14,Active,2020-01-01,
GL-003866,533866,Utilities Expense 3866,Expense,Utilities,CC-00866,GL-000010,USD,Debit,Income Statement,Yes,TX0,Active,2020-01-01,
GL-003867,543867,Quality Expense 3867,Expense,Quality,CC-00867,GL-000011,USD,Debit,Income Statement,Yes,TX0,Active,2020-01-01,
GL-003868,553868,Warehouse Expense 3868,Expense,Warehouse,CC-00868,GL-000012,USD,Debit,Income Statement,Yes,TX5,Active,2020-01-01,
GL-003869,563869,Sales Expense 3869,Expense,Sales,CC-00869,GL-000013,USD,Debit,Income Statement,Yes,TX0,Active,2020-01-01,
GL-003870,573870,Administrative Expense 3870,Expense,Administration,CC-00870,GL-000014,USD,Debit,Income Statement,Yes,TX14,Active,2020-01-01,
GL-003871,103871,Cash 3871,Asset,Current Asset,CC-00871,GL-000015,USD,Debit,Balance Sheet,Yes,EXEMPT,Active,2020-01-01,
GL-003872,113872,Accounts Receivable 3872,Asset,Current Asset,CC-00872,GL-000001,USD,Debit,Balance Sheet,Yes,TX0,Active,2020-01-01,
GL-003873,123873,Inventory 3873,Asset,Current Asset,CC-00873,GL-000002,USD,Debit,Balance Sheet,Yes,TX0,Active,2020-01-01,
GL-003874,133874,Fixed Assets 3874,Asset,Non Current Asset,CC-00874,GL-000003,USD,Debit,Balance Sheet,Yes,TX0,Active,2020-01-01,
GL-003875,203875,Accounts Payable 3875,Liability,Current Liability,CC-00875,GL-000004,USD,Credit,Balance Sheet,Yes,TX0,Active,2020-01-01,
GL-003876,303876,Equity 3876,Equity,Equity,CC-00876,GL-000005,USD,Credit,Balance Sheet,Yes,EXEMPT,Active,2020-01-01,
GL-003877,403877,Sales Revenue 3877,Revenue,Operating Revenue,CC-00877,GL-000006,USD,Credit,Income Statement,Yes,TX14,Active,2020-01-01,
GL-003878,503878,Cost of Goods Sold 3878,Expense,COGS,CC-00878,GL-000007,USD,Debit,Income Statement,Yes,TX5,Active,2020-01-01,
GL-003879,513879,Production Cost 3879,Expense,Manufacturing,CC-00879,GL-000008,USD,Debit,Income Statement,Yes,TX5,Active,2020-01-01,
GL-003880,523880,Maintenance Expense 3880,Expense,Maintenance,CC-00880,GL-000009,USD,Debit,Income Statement,Yes,TX14,Active,2020-01-01,
GL-003881,533881,Utilities Expense 3881,Expense,Utilities,CC-00881,GL-000010,USD,Debit,Income Statement,Yes,TX14,Active,2020-01-01,
GL-003882,543882,Quality Expense 3882,Expense,Quality,CC-00882,GL-000011,USD,Debit,Income Statement,Yes,TX0,Active,2020-01-01,
GL-003883,553883,Warehouse Expense 3883,Expense,Warehouse,CC-00883,GL-000012,USD,Debit,Income Statement,Yes,TX14,Active,2020-01-01,
GL-003884,563884,Sales Expense 3884,Expense,Sales,CC-00884,GL-000013,USD,Debit,Income Statement,Yes,TX14,Active,2020-01-01,
GL-003885,573885,Administrative Expense 3885,Expense,Administration,CC-00885,GL-000014,USD,Debit,Income Statement,Yes,EXEMPT,Active,2020-01-01,
GL-003886,103886,Cash 3886,Asset,Current Asset,CC-00886,GL-000015,USD,Debit,Balance Sheet,Yes,TX5,Active,2020-01-01,
GL-003887,113887,Accounts Receivable 3887,Asset,Current Asset,CC-00887,GL-000001,USD,Debit,Balance Sheet,Yes,TX14,Active,2020-01-01,
GL-003888,123888,Inventory 3888,Asset,Current Asset,CC-00888,GL-000002,USD,Debit,Balance Sheet,Yes,TX5,Active,2020-01-01,
GL-003889,133889,Fixed Assets 3889,Asset,Non Current Asset,CC-00889,GL-000003,USD,Debit,Balance Sheet,Yes,TX0,Active,2020-01-01,
GL-003890,203890,Accounts Payable 3890,Liability,Current Liability,CC-00890,GL-000004,USD,Credit,Balance Sheet,Yes,TX14,Active,2020-01-01,
GL-003891,303891,Equity 3891,Equity,Equity,CC-00891,GL-000005,USD,Credit,Balance Sheet,Yes,TX5,Active,2020-01-01,
GL-003892,403892,Sales Revenue 3892,Revenue,Operating Revenue,CC-00892,GL-000006,USD,Credit,Income Statement,Yes,TX0,Active,2020-01-01,
GL-003893,503893,Cost of Goods Sold 3893,Expense,COGS,CC-00893,GL-000007,USD,Debit,Income Statement,Yes,TX0,Active,2020-01-01,
GL-003894,513894,Production Cost 3894,Expense,Manufacturing,CC-00894,GL-000008,USD,Debit,Income Statement,Yes,TX14,Active,2020-01-01,
GL-003895,523895,Maintenance Expense 3895,Expense,Maintenance,CC-00895,GL-000009,USD,Debit,Income Statement,Yes,EXEMPT,Active,2020-01-01,
GL-003896,533896,Utilities Expense 3896,Expense,Utilities,CC-00896,GL-000010,USD,Debit,Income Statement,Yes,EXEMPT,Active,2020-01-01,
GL-003897,543897,Quality Expense 3897,Expense,Quality,CC-00897,GL-000011,USD,Debit,Income Statement,Yes,TX5,Active,2020-01-01,
GL-003898,553898,Warehouse Expense 3898,Expense,Warehouse,CC-00898,GL-000012,USD,Debit,Income Statement,Yes,TX0,Active,2020-01-01,
GL-003899,563899,Sales Expense 3899,Expense,Sales,CC-00899,GL-000013,USD,Debit,Income Statement,Yes,TX5,Active,2020-01-01,
GL-003900,573900,Administrative Expense 3900,Expense,Administration,CC-00900,GL-000014,USD,Debit,Income Statement,Yes,TX0,Active,2020-01-01,
GL-003901,103901,Cash 3901,Asset,Current Asset,CC-00901,GL-000015,USD,Debit,Balance Sheet,Yes,TX5,Active,2020-01-01,
GL-003902,113902,Accounts Receivable 3902,Asset,Current Asset,CC-00902,GL-000001,USD,Debit,Balance Sheet,Yes,TX14,Active,2020-01-01,
GL-003903,123903,Inventory 3903,Asset,Current Asset,CC-00903,GL-000002,USD,Debit,Balance Sheet,Yes,TX0,Active,2020-01-01,
GL-003904,133904,Fixed Assets 3904,Asset,Non Current Asset,CC-00904,GL-000003,USD,Debit,Balance Sheet,Yes,TX5,Active,2020-01-01,
GL-003905,203905,Accounts Payable 3905,Liability,Current Liability,CC-00905,GL-000004,USD,Credit,Balance Sheet,Yes,TX0,Active,2020-01-01,
GL-003906,303906,Equity 3906,Equity,Equity,CC-00906,GL-000005,USD,Credit,Balance Sheet,Yes,TX14,Active,2020-01-01,
GL-003907,403907,Sales Revenue 3907,Revenue,Operating Revenue,CC-00907,GL-000006,USD,Credit,Income Statement,Yes,EXEMPT,Active,2020-01-01,
GL-003908,503908,Cost of Goods Sold 3908,Expense,COGS,CC-00908,GL-000007,USD,Debit,Income Statement,Yes,EXEMPT,Active,2020-01-01,
GL-003909,513909,Production Cost 3909,Expense,Manufacturing,CC-00909,GL-000008,USD,Debit,Income Statement,Yes,TX14,Active,2020-01-01,
GL-003910,523910,Maintenance Expense 3910,Expense,Maintenance,CC-00910,GL-000009,USD,Debit,Income Statement,Yes,TX5,Active,2020-01-01,
GL-003911,533911,Utilities Expense 3911,Expense,Utilities,CC-00911,GL-000010,USD,Debit,Income Statement,Yes,TX5,Active,2020-01-01,
GL-003912,543912,Quality Expense 3912,Expense,Quality,CC-00912,GL-000011,USD,Debit,Income Statement,Yes,TX5,Active,2020-01-01,
GL-003913,553913,Warehouse Expense 3913,Expense,Warehouse,CC-00913,GL-000012,USD,Debit,Income Statement,Yes,EXEMPT,Active,2020-01-01,
GL-003914,563914,Sales Expense 3914,Expense,Sales,CC-00914,GL-000013,USD,Debit,Income Statement,Yes,EXEMPT,Active,2020-01-01,
GL-003915,573915,Administrative Expense 3915,Expense,Administration,CC-00915,GL-000014,USD,Debit,Income Statement,Yes,TX14,Active,2020-01-01,
GL-003916,103916,Cash 3916,Asset,Current Asset,CC-00916,GL-000015,USD,Debit,Balance Sheet,Yes,TX14,Active,2020-01-01,
GL-003917,113917,Accounts Receivable 3917,Asset,Current Asset,CC-00917,GL-000001,USD,Debit,Balance Sheet,Yes,EXEMPT,Active,2020-01-01,
GL-003918,123918,Inventory 3918,Asset,Current Asset,CC-00918,GL-000002,USD,Debit,Balance Sheet,Yes,TX0,Active,2020-01-01,
GL-003919,133919,Fixed Assets 3919,Asset,Non Current Asset,CC-00919,GL-000003,USD,Debit,Balance Sheet,Yes,TX0,Active,2020-01-01,
GL-003920,203920,Accounts Payable 3920,Liability,Current Liability,CC-00920,GL-000004,USD,Credit,Balance Sheet,Yes,TX5,Active,2020-01-01,
GL-003921,303921,Equity 3921,Equity,Equity,CC-00921,GL-000005,USD,Credit,Balance Sheet,Yes,TX14,Active,2020-01-01,
GL-003922,403922,Sales Revenue 3922,Revenue,Operating Revenue,CC-00922,GL-000006,USD,Credit,Income Statement,Yes,TX14,Active,2020-01-01,
GL-003923,503923,Cost of Goods Sold 3923,Expense,COGS,CC-00923,GL-000007,USD,Debit,Income Statement,Yes,EXEMPT,Active,2020-01-01,
GL-003924,513924,Production Cost 3924,Expense,Manufacturing,CC-00924,GL-000008,USD,Debit,Income Statement,Yes,TX14,Active,2020-01-01,
GL-003925,523925,Maintenance Expense 3925,Expense,Maintenance,CC-00925,GL-000009,USD,Debit,Income Statement,Yes,TX5,Active,2020-01-01,
GL-003926,533926,Utilities Expense 3926,Expense,Utilities,CC-00926,GL-000010,USD,Debit,Income Statement,Yes,TX5,Active,2020-01-01,
GL-003927,543927,Quality Expense 3927,Expense,Quality,CC-00927,GL-000011,USD,Debit,Income Statement,Yes,TX5,Active,2020-01-01,
GL-003928,553928,Warehouse Expense 3928,Expense,Warehouse,CC-00928,GL-000012,USD,Debit,Income Statement,Yes,TX5,Active,2020-01-01,
GL-003929,563929,Sales Expense 3929,Expense,Sales,CC-00929,GL-000013,USD,Debit,Income Statement,Yes,TX0,Active,2020-01-01,
GL-003930,573930,Administrative Expense 3930,Expense,Administration,CC-00930,GL-000014,USD,Debit,Income Statement,Yes,TX14,Active,2020-01-01,
GL-003931,103931,Cash 3931,Asset,Current Asset,CC-00931,GL-000015,USD,Debit,Balance Sheet,Yes,TX14,Active,2020-01-01,
GL-003932,113932,Accounts Receivable 3932,Asset,Current Asset,CC-00932,GL-000001,USD,Debit,Balance Sheet,Yes,TX14,Active,2020-01-01,
GL-003933,123933,Inventory 3933,Asset,Current Asset,CC-00933,GL-000002,USD,Debit,Balance Sheet,Yes,TX0,Active,2020-01-01,
GL-003934,133934,Fixed Assets 3934,Asset,Non Current Asset,CC-00934,GL-000003,USD,Debit,Balance Sheet,Yes,EXEMPT,Active,2020-01-01,
GL-003935,203935,Accounts Payable 3935,Liability,Current Liability,CC-00935,GL-000004,USD,Credit,Balance Sheet,Yes,TX5,Active,2020-01-01,
GL-003936,303936,Equity 3936,Equity,Equity,CC-00936,GL-000005,USD,Credit,Balance Sheet,Yes,EXEMPT,Active,2020-01-01,
GL-003937,403937,Sales Revenue 3937,Revenue,Operating Revenue,CC-00937,GL-000006,USD,Credit,Income Statement,Yes,EXEMPT,Active,2020-01-01,
GL-003938,503938,Cost of Goods Sold 3938,Expense,COGS,CC-00938,GL-000007,USD,Debit,Income Statement,Yes,TX0,Active,2020-01-01,
GL-003939,513939,Production Cost 3939,Expense,Manufacturing,CC-00939,GL-000008,USD,Debit,Income Statement,Yes,TX14,Active,2020-01-01,
GL-003940,523940,Maintenance Expense 3940,Expense,Maintenance,CC-00940,GL-000009,USD,Debit,Income Statement,Yes,TX14,Active,2020-01-01,
GL-003941,533941,Utilities Expense 3941,Expense,Utilities,CC-00941,GL-000010,USD,Debit,Income Statement,Yes,TX0,Active,2020-01-01,
GL-003942,543942,Quality Expense 3942,Expense,Quality,CC-00942,GL-000011,USD,Debit,Income Statement,Yes,TX0,Active,2020-01-01,
GL-003943,553943,Warehouse Expense 3943,Expense,Warehouse,CC-00943,GL-000012,USD,Debit,Income Statement,Yes,TX5,Active,2020-01-01,
GL-003944,563944,Sales Expense 3944,Expense,Sales,CC-00944,GL-000013,USD,Debit,Income Statement,Yes,TX5,Active,2020-01-01,
GL-003945,573945,Administrative Expense 3945,Expense,Administration,CC-00945,GL-000014,USD,Debit,Income Statement,Yes,TX5,Active,2020-01-01,
GL-003946,103946,Cash 3946,Asset,Current Asset,CC-00946,GL-000015,USD,Debit,Balance Sheet,Yes,TX14,Active,2020-01-01,
GL-003947,113947,Accounts Receivable 3947,Asset,Current Asset,CC-00947,GL-000001,USD,Debit,Balance Sheet,Yes,EXEMPT,Active,2020-01-01,
GL-003948,123948,Inventory 3948,Asset,Current Asset,CC-00948,GL-000002,USD,Debit,Balance Sheet,Yes,TX5,Active,2020-01-01,
GL-003949,133949,Fixed Assets 3949,Asset,Non Current Asset,CC-00949,GL-000003,USD,Debit,Balance Sheet,Yes,EXEMPT,Active,2020-01-01,
GL-003950,203950,Accounts Payable 3950,Liability,Current Liability,CC-00950,GL-000004,USD,Credit,Balance Sheet,Yes,TX14,Active,2020-01-01,
GL-003951,303951,Equity 3951,Equity,Equity,CC-00951,GL-000005,USD,Credit,Balance Sheet,Yes,EXEMPT,Active,2020-01-01,
GL-003952,403952,Sales Revenue 3952,Revenue,Operating Revenue,CC-00952,GL-000006,USD,Credit,Income Statement,Yes,TX14,Active,2020-01-01,
GL-003953,503953,Cost of Goods Sold 3953,Expense,COGS,CC-00953,GL-000007,USD,Debit,Income Statement,Yes,EXEMPT,Active,2020-01-01,
GL-003954,513954,Production Cost 3954,Expense,Manufacturing,CC-00954,GL-000008,USD,Debit,Income Statement,Yes,TX14,Active,2020-01-01,
GL-003955,523955,Maintenance Expense 3955,Expense,Maintenance,CC-00955,GL-000009,USD,Debit,Income Statement,Yes,TX0,Active,2020-01-01,
GL-003956,533956,Utilities Expense 3956,Expense,Utilities,CC-00956,GL-000010,USD,Debit,Income Statement,Yes,TX5,Active,2020-01-01,
GL-003957,543957,Quality Expense 3957,Expense,Quality,CC-00957,GL-000011,USD,Debit,Income Statement,Yes,EXEMPT,Active,2020-01-01,
GL-003958,553958,Warehouse Expense 3958,Expense,Warehouse,CC-00958,GL-000012,USD,Debit,Income Statement,Yes,EXEMPT,Active,2020-01-01,
GL-003959,563959,Sales Expense 3959,Expense,Sales,CC-00959,GL-000013,USD,Debit,Income Statement,Yes,TX14,Active,2020-01-01,
GL-003960,573960,Administrative Expense 3960,Expense,Administration,CC-00960,GL-000014,USD,Debit,Income Statement,Yes,TX0,Active,2020-01-01,
GL-003961,103961,Cash 3961,Asset,Current Asset,CC-00961,GL-000015,USD,Debit,Balance Sheet,Yes,EXEMPT,Active,2020-01-01,
GL-003962,113962,Accounts Receivable 3962,Asset,Current Asset,CC-00962,GL-000001,USD,Debit,Balance Sheet,Yes,TX14,Active,2020-01-01,
GL-003963,123963,Inventory 3963,Asset,Current Asset,CC-00963,GL-000002,USD,Debit,Balance Sheet,Yes,TX5,Active,2020-01-01,
GL-003964,133964,Fixed Assets 3964,Asset,Non Current Asset,CC-00964,GL-000003,USD,Debit,Balance Sheet,Yes,TX14,Active,2020-01-01,
GL-003965,203965,Accounts Payable 3965,Liability,Current Liability,CC-00965,GL-000004,USD,Credit,Balance Sheet,Yes,TX5,Active,2020-01-01,
GL-003966,303966,Equity 3966,Equity,Equity,CC-00966,GL-000005,USD,Credit,Balance Sheet,Yes,TX5,Active,2020-01-01,
GL-003967,403967,Sales Revenue 3967,Revenue,Operating Revenue,CC-00967,GL-000006,USD,Credit,Income Statement,Yes,TX14,Active,2020-01-01,
GL-003968,503968,Cost of Goods Sold 3968,Expense,COGS,CC-00968,GL-000007,USD,Debit,Income Statement,Yes,TX0,Active,2020-01-01,
GL-003969,513969,Production Cost 3969,Expense,Manufacturing,CC-00969,GL-000008,USD,Debit,Income Statement,Yes,TX5,Active,2020-01-01,
GL-003970,523970,Maintenance Expense 3970,Expense,Maintenance,CC-00970,GL-000009,USD,Debit,Income Statement,Yes,TX5,Active,2020-01-01,
GL-003971,533971,Utilities Expense 3971,Expense,Utilities,CC-00971,GL-000010,USD,Debit,Income Statement,Yes,TX0,Active,2020-01-01,
GL-003972,543972,Quality Expense 3972,Expense,Quality,CC-00972,GL-000011,USD,Debit,Income Statement,Yes,TX0,Active,2020-01-01,
GL-003973,553973,Warehouse Expense 3973,Expense,Warehouse,CC-00973,GL-000012,USD,Debit,Income Statement,Yes,EXEMPT,Active,2020-01-01,
GL-003974,563974,Sales Expense 3974,Expense,Sales,CC-00974,GL-000013,USD,Debit,Income Statement,Yes,TX14,Active,2020-01-01,
GL-003975,573975,Administrative Expense 3975,Expense,Administration,CC-00975,GL-000014,USD,Debit,Income Statement,Yes,EXEMPT,Active,2020-01-01,
GL-003976,103976,Cash 3976,Asset,Current Asset,CC-00976,GL-000015,USD,Debit,Balance Sheet,Yes,EXEMPT,Active,2020-01-01,
GL-003977,113977,Accounts Receivable 3977,Asset,Current Asset,CC-00977,GL-000001,USD,Debit,Balance Sheet,Yes,TX14,Active,2020-01-01,
GL-003978,123978,Inventory 3978,Asset,Current Asset,CC-00978,GL-000002,USD,Debit,Balance Sheet,Yes,TX5,Active,2020-01-01,
GL-003979,133979,Fixed Assets 3979,Asset,Non Current Asset,CC-00979,GL-000003,USD,Debit,Balance Sheet,Yes,TX14,Active,2020-01-01,
GL-003980,203980,Accounts Payable 3980,Liability,Current Liability,CC-00980,GL-000004,USD,Credit,Balance Sheet,Yes,EXEMPT,Active,2020-01-01,
GL-003981,303981,Equity 3981,Equity,Equity,CC-00981,GL-000005,USD,Credit,Balance Sheet,Yes,TX5,Active,2020-01-01,
GL-003982,403982,Sales Revenue 3982,Revenue,Operating Revenue,CC-00982,GL-000006,USD,Credit,Income Statement,Yes,EXEMPT,Active,2020-01-01,
GL-003983,503983,Cost of Goods Sold 3983,Expense,COGS,CC-00983,GL-000007,USD,Debit,Income Statement,Yes,TX14,Active,2020-01-01,
GL-003984,513984,Production Cost 3984,Expense,Manufacturing,CC-00984,GL-000008,USD,Debit,Income Statement,Yes,TX0,Active,2020-01-01,
GL-003985,523985,Maintenance Expense 3985,Expense,Maintenance,CC-00985,GL-000009,USD,Debit,Income Statement,Yes,TX5,Active,2020-01-01,
GL-003986,533986,Utilities Expense 3986,Expense,Utilities,CC-00986,GL-000010,USD,Debit,Income Statement,Yes,EXEMPT,Active,2020-01-01,
GL-003987,543987,Quality Expense 3987,Expense,Quality,CC-00987,GL-000011,USD,Debit,Income Statement,Yes,TX5,Active,2020-01-01,
GL-003988,553988,Warehouse Expense 3988,Expense,Warehouse,CC-00988,GL-000012,USD,Debit,Income Statement,Yes,TX14,Active,2020-01-01,
GL-003989,563989,Sales Expense 3989,Expense,Sales,CC-00989,GL-000013,USD,Debit,Income Statement,Yes,TX14,Active,2020-01-01,
GL-003990,573990,Administrative Expense 3990,Expense,Administration,CC-00990,GL-000014,USD,Debit,Income Statement,Yes,TX0,Active,2020-01-01,
GL-003991,103991,Cash 3991,Asset,Current Asset,CC-00991,GL-000015,USD,Debit,Balance Sheet,Yes,TX14,Active,2020-01-01,
GL-003992,113992,Accounts Receivable 3992,Asset,Current Asset,CC-00992,GL-000001,USD,Debit,Balance Sheet,Yes,TX14,Active,2020-01-01,
GL-003993,123993,Inventory 3993,Asset,Current Asset,CC-00993,GL-000002,USD,Debit,Balance Sheet,Yes,EXEMPT,Active,2020-01-01,
GL-003994,133994,Fixed Assets 3994,Asset,Non Current Asset,CC-00994,GL-000003,USD,Debit,Balance Sheet,Yes,TX0,Active,2020-01-01,
GL-003995,203995,Accounts Payable 3995,Liability,Current Liability,CC-00995,GL-000004,USD,Credit,Balance Sheet,Yes,EXEMPT,Active,2020-01-01,
GL-003996,303996,Equity 3996,Equity,Equity,CC-00996,GL-000005,USD,Credit,Balance Sheet,Yes,TX0,Active,2020-01-01,
GL-003997,403997,Sales Revenue 3997,Revenue,Operating Revenue,CC-00997,GL-000006,USD,Credit,Income Statement,Yes,TX5,Active,2020-01-01,
GL-003998,503998,Cost of Goods Sold 3998,Expense,COGS,CC-00998,GL-000007,USD,Debit,Income Statement,Yes,TX14,Active,2020-01-01,
GL-003999,513999,Production Cost 3999,Expense,Manufacturing,CC-00999,GL-000008,USD,Debit,Income Statement,Yes,EXEMPT,Active,2020-01-01,
GL-004000,524000,Maintenance Expense 4000,Expense,Maintenance,CC-01000,GL-000009,USD,Debit,Income Statement,Yes,TX5,Active,2020-01-01,
GL-004001,534001,Utilities Expense 4001,Expense,Utilities,CC-00001,GL-000010,USD,Debit,Income Statement,Yes,TX0,Active,2020-01-01,
GL-004002,544002,Quality Expense 4002,Expense,Quality,CC-00002,GL-000011,USD,Debit,Income Statement,Yes,TX0,Active,2020-01-01,
GL-004003,554003,Warehouse Expense 4003,Expense,Warehouse,CC-00003,GL-000012,USD,Debit,Income Statement,Yes,TX0,Active,2020-01-01,
GL-004004,564004,Sales Expense 4004,Expense,Sales,CC-00004,GL-000013,USD,Debit,Income Statement,Yes,TX14,Active,2020-01-01,
GL-004005,574005,Administrative Expense 4005,Expense,Administration,CC-00005,GL-000014,USD,Debit,Income Statement,Yes,EXEMPT,Active,2020-01-01,
GL-004006,104006,Cash 4006,Asset,Current Asset,CC-00006,GL-000015,USD,Debit,Balance Sheet,Yes,TX5,Active,2020-01-01,
GL-004007,114007,Accounts Receivable 4007,Asset,Current Asset,CC-00007,GL-000001,USD,Debit,Balance Sheet,Yes,TX5,Active,2020-01-01,
GL-004008,124008,Inventory 4008,Asset,Current Asset,CC-00008,GL-000002,USD,Debit,Balance Sheet,Yes,TX0,Active,2020-01-01,
GL-004009,134009,Fixed Assets 4009,Asset,Non Current Asset,CC-00009,GL-000003,USD,Debit,Balance Sheet,Yes,EXEMPT,Active,2020-01-01,
GL-004010,204010,Accounts Payable 4010,Liability,Current Liability,CC-00010,GL-000004,USD,Credit,Balance Sheet,Yes,TX0,Active,2020-01-01,
GL-004011,304011,Equity 4011,Equity,Equity,CC-00011,GL-000005,USD,Credit,Balance Sheet,Yes,EXEMPT,Active,2020-01-01,
GL-004012,404012,Sales Revenue 4012,Revenue,Operating Revenue,CC-00012,GL-000006,USD,Credit,Income Statement,Yes,EXEMPT,Active,2020-01-01,
GL-004013,504013,Cost of Goods Sold 4013,Expense,COGS,CC-00013,GL-000007,USD,Debit,Income Statement,Yes,TX14,Active,2020-01-01,
GL-004014,514014,Production Cost 4014,Expense,Manufacturing,CC-00014,GL-000008,USD,Debit,Income Statement,Yes,EXEMPT,Active,2020-01-01,
GL-004015,524015,Maintenance Expense 4015,Expense,Maintenance,CC-00015,GL-000009,USD,Debit,Income Statement,Yes,TX5,Active,2020-01-01,
GL-004016,534016,Utilities Expense 4016,Expense,Utilities,CC-00016,GL-000010,USD,Debit,Income Statement,Yes,EXEMPT,Active,2020-01-01,
GL-004017,544017,Quality Expense 4017,Expense,Quality,CC-00017,GL-000011,USD,Debit,Income Statement,Yes,EXEMPT,Active,2020-01-01,
GL-004018,554018,Warehouse Expense 4018,Expense,Warehouse,CC-00018,GL-000012,USD,Debit,Income Statement,Yes,TX0,Active,2020-01-01,
GL-004019,564019,Sales Expense 4019,Expense,Sales,CC-00019,GL-000013,USD,Debit,Income Statement,Yes,TX5,Active,2020-01-01,
GL-004020,574020,Administrative Expense 4020,Expense,Administration,CC-00020,GL-000014,USD,Debit,Income Statement,Yes,EXEMPT,Active,2020-01-01,
GL-004021,104021,Cash 4021,Asset,Current Asset,CC-00021,GL-000015,USD,Debit,Balance Sheet,Yes,TX14,Active,2020-01-01,
GL-004022,114022,Accounts Receivable 4022,Asset,Current Asset,CC-00022,GL-000001,USD,Debit,Balance Sheet,Yes,TX14,Active,2020-01-01,
GL-004023,124023,Inventory 4023,Asset,Current Asset,CC-00023,GL-000002,USD,Debit,Balance Sheet,Yes,EXEMPT,Active,2020-01-01,
GL-004024,134024,Fixed Assets 4024,Asset,Non Current Asset,CC-00024,GL-000003,USD,Debit,Balance Sheet,Yes,TX5,Active,2020-01-01,
GL-004025,204025,Accounts Payable 4025,Liability,Current Liability,CC-00025,GL-000004,USD,Credit,Balance Sheet,Yes,TX0,Active,2020-01-01,
GL-004026,304026,Equity 4026,Equity,Equity,CC-00026,GL-000005,USD,Credit,Balance Sheet,Yes,TX0,Active,2020-01-01,
GL-004027,404027,Sales Revenue 4027,Revenue,Operating Revenue,CC-00027,GL-000006,USD,Credit,Income Statement,Yes,TX0,Active,2020-01-01,
GL-004028,504028,Cost of Goods Sold 4028,Expense,COGS,CC-00028,GL-000007,USD,Debit,Income Statement,Yes,TX14,Active,2020-01-01,
GL-004029,514029,Production Cost 4029,Expense,Manufacturing,CC-00029,GL-000008,USD,Debit,Income Statement,Yes,TX0,Active,2020-01-01,
GL-004030,524030,Maintenance Expense 4030,Expense,Maintenance,CC-00030,GL-000009,USD,Debit,Income Statement,Yes,EXEMPT,Active,2020-01-01,
GL-004031,534031,Utilities Expense 4031,Expense,Utilities,CC-00031,GL-000010,USD,Debit,Income Statement,Yes,EXEMPT,Active,2020-01-01,
GL-004032,544032,Quality Expense 4032,Expense,Quality,CC-00032,GL-000011,USD,Debit,Income Statement,Yes,TX5,Active,2020-01-01,
GL-004033,554033,Warehouse Expense 4033,Expense,Warehouse,CC-00033,GL-000012,USD,Debit,Income Statement,Yes,EXEMPT,Active,2020-01-01,
GL-004034,564034,Sales Expense 4034,Expense,Sales,CC-00034,GL-000013,USD,Debit,Income Statement,Yes,TX0,Active,2020-01-01,
GL-004035,574035,Administrative Expense 4035,Expense,Administration,CC-00035,GL-000014,USD,Debit,Income Statement,Yes,TX0,Active,2020-01-01,
GL-004036,104036,Cash 4036,Asset,Current Asset,CC-00036,GL-000015,USD,Debit,Balance Sheet,Yes,EXEMPT,Active,2020-01-01,
GL-004037,114037,Accounts Receivable 4037,Asset,Current Asset,CC-00037,GL-000001,USD,Debit,Balance Sheet,Yes,TX0,Active,2020-01-01,
GL-004038,124038,Inventory 4038,Asset,Current Asset,CC-00038,GL-000002,USD,Debit,Balance Sheet,Yes,EXEMPT,Active,2020-01-01,
GL-004039,134039,Fixed Assets 4039,Asset,Non Current Asset,CC-00039,GL-000003,USD,Debit,Balance Sheet,Yes,TX14,Active,2020-01-01,
GL-004040,204040,Accounts Payable 4040,Liability,Current Liability,CC-00040,GL-000004,USD,Credit,Balance Sheet,Yes,TX14,Active,2020-01-01,
GL-004041,304041,Equity 4041,Equity,Equity,CC-00041,GL-000005,USD,Credit,Balance Sheet,Yes,TX0,Active,2020-01-01,
GL-004042,404042,Sales Revenue 4042,Revenue,Operating Revenue,CC-00042,GL-000006,USD,Credit,Income Statement,Yes,TX0,Active,2020-01-01,
GL-004043,504043,Cost of Goods Sold 4043,Expense,COGS,CC-00043,GL-000007,USD,Debit,Income Statement,Yes,TX0,Active,2020-01-01,
GL-004044,514044,Production Cost 4044,Expense,Manufacturing,CC-00044,GL-000008,USD,Debit,Income Statement,Yes,TX0,Active,2020-01-01,
GL-004045,524045,Maintenance Expense 4045,Expense,Maintenance,CC-00045,GL-000009,USD,Debit,Income Statement,Yes,TX14,Active,2020-01-01,
GL-004046,534046,Utilities Expense 4046,Expense,Utilities,CC-00046,GL-000010,USD,Debit,Income Statement,Yes,TX5,Active,2020-01-01,
GL-004047,544047,Quality Expense 4047,Expense,Quality,CC-00047,GL-000011,USD,Debit,Income Statement,Yes,TX5,Active,2020-01-01,
GL-004048,554048,Warehouse Expense 4048,Expense,Warehouse,CC-00048,GL-000012,USD,Debit,Income Statement,Yes,TX0,Active,2020-01-01,
GL-004049,564049,Sales Expense 4049,Expense,Sales,CC-00049,GL-000013,USD,Debit,Income Statement,Yes,TX14,Active,2020-01-01,
GL-004050,574050,Administrative Expense 4050,Expense,Administration,CC-00050,GL-000014,USD,Debit,Income Statement,Yes,EXEMPT,Active,2020-01-01,
GL-004051,104051,Cash 4051,Asset,Current Asset,CC-00051,GL-000015,USD,Debit,Balance Sheet,Yes,TX14,Active,2020-01-01,
GL-004052,114052,Accounts Receivable 4052,Asset,Current Asset,CC-00052,GL-000001,USD,Debit,Balance Sheet,Yes,TX5,Active,2020-01-01,
GL-004053,124053,Inventory 4053,Asset,Current Asset,CC-00053,GL-000002,USD,Debit,Balance Sheet,Yes,EXEMPT,Active,2020-01-01,
GL-004054,134054,Fixed Assets 4054,Asset,Non Current Asset,CC-00054,GL-000003,USD,Debit,Balance Sheet,Yes,TX14,Active,2020-01-01,
GL-004055,204055,Accounts Payable 4055,Liability,Current Liability,CC-00055,GL-000004,USD,Credit,Balance Sheet,Yes,TX5,Active,2020-01-01,
GL-004056,304056,Equity 4056,Equity,Equity,CC-00056,GL-000005,USD,Credit,Balance Sheet,Yes,TX5,Active,2020-01-01,
GL-004057,404057,Sales Revenue 4057,Revenue,Operating Revenue,CC-00057,GL-000006,USD,Credit,Income Statement,Yes,TX14,Active,2020-01-01,
GL-004058,504058,Cost of Goods Sold 4058,Expense,COGS,CC-00058,GL-000007,USD,Debit,Income Statement,Yes,TX0,Active,2020-01-01,
GL-004059,514059,Production Cost 4059,Expense,Manufacturing,CC-00059,GL-000008,USD,Debit,Income Statement,Yes,EXEMPT,Active,2020-01-01,
GL-004060,524060,Maintenance Expense 4060,Expense,Maintenance,CC-00060,GL-000009,USD,Debit,Income Statement,Yes,EXEMPT,Active,2020-01-01,
GL-004061,534061,Utilities Expense 4061,Expense,Utilities,CC-00061,GL-000010,USD,Debit,Income Statement,Yes,EXEMPT,Active,2020-01-01,
GL-004062,544062,Quality Expense 4062,Expense,Quality,CC-00062,GL-000011,USD,Debit,Income Statement,Yes,TX14,Active,2020-01-01,
GL-004063,554063,Warehouse Expense 4063,Expense,Warehouse,CC-00063,GL-000012,USD,Debit,Income Statement,Yes,TX14,Active,2020-01-01,
GL-004064,564064,Sales Expense 4064,Expense,Sales,CC-00064,GL-000013,USD,Debit,Income Statement,Yes,EXEMPT,Active,2020-01-01,
GL-004065,574065,Administrative Expense 4065,Expense,Administration,CC-00065,GL-000014,USD,Debit,Income Statement,Yes,TX5,Active,2020-01-01,
GL-004066,104066,Cash 4066,Asset,Current Asset,CC-00066,GL-000015,USD,Debit,Balance Sheet,Yes,TX5,Active,2020-01-01,
GL-004067,114067,Accounts Receivable 4067,Asset,Current Asset,CC-00067,GL-000001,USD,Debit,Balance Sheet,Yes,TX14,Active,2020-01-01,
GL-004068,124068,Inventory 4068,Asset,Current Asset,CC-00068,GL-000002,USD,Debit,Balance Sheet,Yes,TX0,Active,2020-01-01,
GL-004069,134069,Fixed Assets 4069,Asset,Non Current Asset,CC-00069,GL-000003,USD,Debit,Balance Sheet,Yes,EXEMPT,Active,2020-01-01,
GL-004070,204070,Accounts Payable 4070,Liability,Current Liability,CC-00070,GL-000004,USD,Credit,Balance Sheet,Yes,TX5,Active,2020-01-01,
GL-004071,304071,Equity 4071,Equity,Equity,CC-00071,GL-000005,USD,Credit,Balance Sheet,Yes,TX14,Active,2020-01-01,
GL-004072,404072,Sales Revenue 4072,Revenue,Operating Revenue,CC-00072,GL-000006,USD,Credit,Income Statement,Yes,EXEMPT,Active,2020-01-01,
GL-004073,504073,Cost of Goods Sold 4073,Expense,COGS,CC-00073,GL-000007,USD,Debit,Income Statement,Yes,TX14,Active,2020-01-01,
GL-004074,514074,Production Cost 4074,Expense,Manufacturing,CC-00074,GL-000008,USD,Debit,Income Statement,Yes,TX0,Active,2020-01-01,
GL-004075,524075,Maintenance Expense 4075,Expense,Maintenance,CC-00075,GL-000009,USD,Debit,Income Statement,Yes,TX0,Active,2020-01-01,
GL-004076,534076,Utilities Expense 4076,Expense,Utilities,CC-00076,GL-000010,USD,Debit,Income Statement,Yes,EXEMPT,Active,2020-01-01,
GL-004077,544077,Quality Expense 4077,Expense,Quality,CC-00077,GL-000011,USD,Debit,Income Statement,Yes,TX14,Active,2020-01-01,
GL-004078,554078,Warehouse Expense 4078,Expense,Warehouse,CC-00078,GL-000012,USD,Debit,Income Statement,Yes,TX0,Active,2020-01-01,
GL-004079,564079,Sales Expense 4079,Expense,Sales,CC-00079,GL-000013,USD,Debit,Income Statement,Yes,TX5,Active,2020-01-01,
GL-004080,574080,Administrative Expense 4080,Expense,Administration,CC-00080,GL-000014,USD,Debit,Income Statement,Yes,TX14,Active,2020-01-01,
GL-004081,104081,Cash 4081,Asset,Current Asset,CC-00081,GL-000015,USD,Debit,Balance Sheet,Yes,TX0,Active,2020-01-01,
GL-004082,114082,Accounts Receivable 4082,Asset,Current Asset,CC-00082,GL-000001,USD,Debit,Balance Sheet,Yes,TX5,Active,2020-01-01,
GL-004083,124083,Inventory 4083,Asset,Current Asset,CC-00083,GL-000002,USD,Debit,Balance Sheet,Yes,TX14,Active,2020-01-01,
GL-004084,134084,Fixed Assets 4084,Asset,Non Current Asset,CC-00084,GL-000003,USD,Debit,Balance Sheet,Yes,TX5,Active,2020-01-01,
GL-004085,204085,Accounts Payable 4085,Liability,Current Liability,CC-00085,GL-000004,USD,Credit,Balance Sheet,Yes,EXEMPT,Active,2020-01-01,
GL-004086,304086,Equity 4086,Equity,Equity,CC-00086,GL-000005,USD,Credit,Balance Sheet,Yes,TX5,Active,2020-01-01,
GL-004087,404087,Sales Revenue 4087,Revenue,Operating Revenue,CC-00087,GL-000006,USD,Credit,Income Statement,Yes,TX0,Active,2020-01-01,
GL-004088,504088,Cost of Goods Sold 4088,Expense,COGS,CC-00088,GL-000007,USD,Debit,Income Statement,Yes,TX0,Active,2020-01-01,
GL-004089,514089,Production Cost 4089,Expense,Manufacturing,CC-00089,GL-000008,USD,Debit,Income Statement,Yes,EXEMPT,Active,2020-01-01,
GL-004090,524090,Maintenance Expense 4090,Expense,Maintenance,CC-00090,GL-000009,USD,Debit,Income Statement,Yes,EXEMPT,Active,2020-01-01,
GL-004091,534091,Utilities Expense 4091,Expense,Utilities,CC-00091,GL-000010,USD,Debit,Income Statement,Yes,TX0,Active,2020-01-01,
GL-004092,544092,Quality Expense 4092,Expense,Quality,CC-00092,GL-000011,USD,Debit,Income Statement,Yes,TX0,Active,2020-01-01,
GL-004093,554093,Warehouse Expense 4093,Expense,Warehouse,CC-00093,GL-000012,USD,Debit,Income Statement,Yes,TX0,Active,2020-01-01,
GL-004094,564094,Sales Expense 4094,Expense,Sales,CC-00094,GL-000013,USD,Debit,Income Statement,Yes,TX5,Active,2020-01-01,
GL-004095,574095,Administrative Expense 4095,Expense,Administration,CC-00095,GL-000014,USD,Debit,Income Statement,Yes,TX0,Active,2020-01-01,
GL-004096,104096,Cash 4096,Asset,Current Asset,CC-00096,GL-000015,USD,Debit,Balance Sheet,Yes,TX0,Active,2020-01-01,
GL-004097,114097,Accounts Receivable 4097,Asset,Current Asset,CC-00097,GL-000001,USD,Debit,Balance Sheet,Yes,EXEMPT,Active,2020-01-01,
GL-004098,124098,Inventory 4098,Asset,Current Asset,CC-00098,GL-000002,USD,Debit,Balance Sheet,Yes,TX0,Active,2020-01-01,
GL-004099,134099,Fixed Assets 4099,Asset,Non Current Asset,CC-00099,GL-000003,USD,Debit,Balance Sheet,Yes,TX14,Active,2020-01-01,
GL-004100,204100,Accounts Payable 4100,Liability,Current Liability,CC-00100,GL-000004,USD,Credit,Balance Sheet,Yes,TX0,Active,2020-01-01,
GL-004101,304101,Equity 4101,Equity,Equity,CC-00101,GL-000005,USD,Credit,Balance Sheet,Yes,TX0,Active,2020-01-01,
GL-004102,404102,Sales Revenue 4102,Revenue,Operating Revenue,CC-00102,GL-000006,USD,Credit,Income Statement,Yes,TX14,Active,2020-01-01,
GL-004103,504103,Cost of Goods Sold 4103,Expense,COGS,CC-00103,GL-000007,USD,Debit,Income Statement,Yes,TX0,Active,2020-01-01,
GL-004104,514104,Production Cost 4104,Expense,Manufacturing,CC-00104,GL-000008,USD,Debit,Income Statement,Yes,TX14,Active,2020-01-01,
GL-004105,524105,Maintenance Expense 4105,Expense,Maintenance,CC-00105,GL-000009,USD,Debit,Income Statement,Yes,EXEMPT,Active,2020-01-01,
GL-004106,534106,Utilities Expense 4106,Expense,Utilities,CC-00106,GL-000010,USD,Debit,Income Statement,Yes,TX5,Active,2020-01-01,
GL-004107,544107,Quality Expense 4107,Expense,Quality,CC-00107,GL-000011,USD,Debit,Income Statement,Yes,TX14,Active,2020-01-01,
GL-004108,554108,Warehouse Expense 4108,Expense,Warehouse,CC-00108,GL-000012,USD,Debit,Income Statement,Yes,TX0,Active,2020-01-01,
GL-004109,564109,Sales Expense 4109,Expense,Sales,CC-00109,GL-000013,USD,Debit,Income Statement,Yes,TX5,Active,2020-01-01,
GL-004110,574110,Administrative Expense 4110,Expense,Administration,CC-00110,GL-000014,USD,Debit,Income Statement,Yes,TX5,Active,2020-01-01,
GL-004111,104111,Cash 4111,Asset,Current Asset,CC-00111,GL-000015,USD,Debit,Balance Sheet,Yes,TX5,Active,2020-01-01,
GL-004112,114112,Accounts Receivable 4112,Asset,Current Asset,CC-00112,GL-000001,USD,Debit,Balance Sheet,Yes,TX0,Active,2020-01-01,
GL-004113,124113,Inventory 4113,Asset,Current Asset,CC-00113,GL-000002,USD,Debit,Balance Sheet,Yes,TX14,Active,2020-01-01,
GL-004114,134114,Fixed Assets 4114,Asset,Non Current Asset,CC-00114,GL-000003,USD,Debit,Balance Sheet,Yes,TX0,Active,2020-01-01,
GL-004115,204115,Accounts Payable 4115,Liability,Current Liability,CC-00115,GL-000004,USD,Credit,Balance Sheet,Yes,TX5,Active,2020-01-01,
GL-004116,304116,Equity 4116,Equity,Equity,CC-00116,GL-000005,USD,Credit,Balance Sheet,Yes,EXEMPT,Active,2020-01-01,
GL-004117,404117,Sales Revenue 4117,Revenue,Operating Revenue,CC-00117,GL-000006,USD,Credit,Income Statement,Yes,TX5,Active,2020-01-01,
GL-004118,504118,Cost of Goods Sold 4118,Expense,COGS,CC-00118,GL-000007,USD,Debit,Income Statement,Yes,TX0,Active,2020-01-01,
GL-004119,514119,Production Cost 4119,Expense,Manufacturing,CC-00119,GL-000008,USD,Debit,Income Statement,Yes,TX0,Active,2020-01-01,
GL-004120,524120,Maintenance Expense 4120,Expense,Maintenance,CC-00120,GL-000009,USD,Debit,Income Statement,Yes,EXEMPT,Active,2020-01-01,
GL-004121,534121,Utilities Expense 4121,Expense,Utilities,CC-00121,GL-000010,USD,Debit,Income Statement,Yes,EXEMPT,Active,2020-01-01,
GL-004122,544122,Quality Expense 4122,Expense,Quality,CC-00122,GL-000011,USD,Debit,Income Statement,Yes,EXEMPT,Active,2020-01-01,
GL-004123,554123,Warehouse Expense 4123,Expense,Warehouse,CC-00123,GL-000012,USD,Debit,Income Statement,Yes,TX0,Active,2020-01-01,
GL-004124,564124,Sales Expense 4124,Expense,Sales,CC-00124,GL-000013,USD,Debit,Income Statement,Yes,TX14,Active,2020-01-01,
GL-004125,574125,Administrative Expense 4125,Expense,Administration,CC-00125,GL-000014,USD,Debit,Income Statement,Yes,TX14,Active,2020-01-01,
GL-004126,104126,Cash 4126,Asset,Current Asset,CC-00126,GL-000015,USD,Debit,Balance Sheet,Yes,TX0,Active,2020-01-01,
GL-004127,114127,Accounts Receivable 4127,Asset,Current Asset,CC-00127,GL-000001,USD,Debit,Balance Sheet,Yes,EXEMPT,Active,2020-01-01,
GL-004128,124128,Inventory 4128,Asset,Current Asset,CC-00128,GL-000002,USD,Debit,Balance Sheet,Yes,TX0,Active,2020-01-01,
GL-004129,134129,Fixed Assets 4129,Asset,Non Current Asset,CC-00129,GL-000003,USD,Debit,Balance Sheet,Yes,TX0,Active,2020-01-01,
GL-004130,204130,Accounts Payable 4130,Liability,Current Liability,CC-00130,GL-000004,USD,Credit,Balance Sheet,Yes,TX14,Active,2020-01-01,
GL-004131,304131,Equity 4131,Equity,Equity,CC-00131,GL-000005,USD,Credit,Balance Sheet,Yes,TX14,Active,2020-01-01,
GL-004132,404132,Sales Revenue 4132,Revenue,Operating Revenue,CC-00132,GL-000006,USD,Credit,Income Statement,Yes,TX0,Active,2020-01-01,
GL-004133,504133,Cost of Goods Sold 4133,Expense,COGS,CC-00133,GL-000007,USD,Debit,Income Statement,Yes,TX5,Active,2020-01-01,
GL-004134,514134,Production Cost 4134,Expense,Manufacturing,CC-00134,GL-000008,USD,Debit,Income Statement,Yes,EXEMPT,Active,2020-01-01,
GL-004135,524135,Maintenance Expense 4135,Expense,Maintenance,CC-00135,GL-000009,USD,Debit,Income Statement,Yes,EXEMPT,Active,2020-01-01,
GL-004136,534136,Utilities Expense 4136,Expense,Utilities,CC-00136,GL-000010,USD,Debit,Income Statement,Yes,TX14,Active,2020-01-01,
GL-004137,544137,Quality Expense 4137,Expense,Quality,CC-00137,GL-000011,USD,Debit,Income Statement,Yes,TX14,Active,2020-01-01,
GL-004138,554138,Warehouse Expense 4138,Expense,Warehouse,CC-00138,GL-000012,USD,Debit,Income Statement,Yes,EXEMPT,Active,2020-01-01,
GL-004139,564139,Sales Expense 4139,Expense,Sales,CC-00139,GL-000013,USD,Debit,Income Statement,Yes,TX0,Active,2020-01-01,
GL-004140,574140,Administrative Expense 4140,Expense,Administration,CC-00140,GL-000014,USD,Debit,Income Statement,Yes,TX5,Active,2020-01-01,
GL-004141,104141,Cash 4141,Asset,Current Asset,CC-00141,GL-000015,USD,Debit,Balance Sheet,Yes,TX5,Active,2020-01-01,
GL-004142,114142,Accounts Receivable 4142,Asset,Current Asset,CC-00142,GL-000001,USD,Debit,Balance Sheet,Yes,TX5,Active,2020-01-01,
GL-004143,124143,Inventory 4143,Asset,Current Asset,CC-00143,GL-000002,USD,Debit,Balance Sheet,Yes,TX5,Active,2020-01-01,
GL-004144,134144,Fixed Assets 4144,Asset,Non Current Asset,CC-00144,GL-000003,USD,Debit,Balance Sheet,Yes,EXEMPT,Active,2020-01-01,
GL-004145,204145,Accounts Payable 4145,Liability,Current Liability,CC-00145,GL-000004,USD,Credit,Balance Sheet,Yes,EXEMPT,Active,2020-01-01,
GL-004146,304146,Equity 4146,Equity,Equity,CC-00146,GL-000005,USD,Credit,Balance Sheet,Yes,EXEMPT,Active,2020-01-01,
GL-004147,404147,Sales Revenue 4147,Revenue,Operating Revenue,CC-00147,GL-000006,USD,Credit,Income Statement,Yes,TX5,Active,2020-01-01,
GL-004148,504148,Cost of Goods Sold 4148,Expense,COGS,CC-00148,GL-000007,USD,Debit,Income Statement,Yes,TX5,Active,2020-01-01,
GL-004149,514149,Production Cost 4149,Expense,Manufacturing,CC-00149,GL-000008,USD,Debit,Income Statement,Yes,TX0,Active,2020-01-01,
GL-004150,524150,Maintenance Expense 4150,Expense,Maintenance,CC-00150,GL-000009,USD,Debit,Income Statement,Yes,TX0,Active,2020-01-01,
GL-004151,534151,Utilities Expense 4151,Expense,Utilities,CC-00151,GL-000010,USD,Debit,Income Statement,Yes,TX0,Active,2020-01-01,
GL-004152,544152,Quality Expense 4152,Expense,Quality,CC-00152,GL-000011,USD,Debit,Income Statement,Yes,TX0,Active,2020-01-01,
GL-004153,554153,Warehouse Expense 4153,Expense,Warehouse,CC-00153,GL-000012,USD,Debit,Income Statement,Yes,TX0,Active,2020-01-01,
GL-004154,564154,Sales Expense 4154,Expense,Sales,CC-00154,GL-000013,USD,Debit,Income Statement,Yes,TX5,Active,2020-01-01,
GL-004155,574155,Administrative Expense 4155,Expense,Administration,CC-00155,GL-000014,USD,Debit,Income Statement,Yes,TX0,Active,2020-01-01,
GL-004156,104156,Cash 4156,Asset,Current Asset,CC-00156,GL-000015,USD,Debit,Balance Sheet,Yes,TX5,Active,2020-01-01,
GL-004157,114157,Accounts Receivable 4157,Asset,Current Asset,CC-00157,GL-000001,USD,Debit,Balance Sheet,Yes,TX14,Active,2020-01-01,
GL-004158,124158,Inventory 4158,Asset,Current Asset,CC-00158,GL-000002,USD,Debit,Balance Sheet,Yes,TX5,Active,2020-01-01,
GL-004159,134159,Fixed Assets 4159,Asset,Non Current Asset,CC-00159,GL-000003,USD,Debit,Balance Sheet,Yes,TX5,Active,2020-01-01,
GL-004160,204160,Accounts Payable 4160,Liability,Current Liability,CC-00160,GL-000004,USD,Credit,Balance Sheet,Yes,EXEMPT,Active,2020-01-01,
GL-004161,304161,Equity 4161,Equity,Equity,CC-00161,GL-000005,USD,Credit,Balance Sheet,Yes,TX14,Active,2020-01-01,
GL-004162,404162,Sales Revenue 4162,Revenue,Operating Revenue,CC-00162,GL-000006,USD,Credit,Income Statement,Yes,EXEMPT,Active,2020-01-01,
GL-004163,504163,Cost of Goods Sold 4163,Expense,COGS,CC-00163,GL-000007,USD,Debit,Income Statement,Yes,EXEMPT,Active,2020-01-01,
GL-004164,514164,Production Cost 4164,Expense,Manufacturing,CC-00164,GL-000008,USD,Debit,Income Statement,Yes,EXEMPT,Active,2020-01-01,
GL-004165,524165,Maintenance Expense 4165,Expense,Maintenance,CC-00165,GL-000009,USD,Debit,Income Statement,Yes,TX14,Active,2020-01-01,
GL-004166,534166,Utilities Expense 4166,Expense,Utilities,CC-00166,GL-000010,USD,Debit,Income Statement,Yes,TX14,Active,2020-01-01,
GL-004167,544167,Quality Expense 4167,Expense,Quality,CC-00167,GL-000011,USD,Debit,Income Statement,Yes,EXEMPT,Active,2020-01-01,
GL-004168,554168,Warehouse Expense 4168,Expense,Warehouse,CC-00168,GL-000012,USD,Debit,Income Statement,Yes,TX5,Active,2020-01-01,
GL-004169,564169,Sales Expense 4169,Expense,Sales,CC-00169,GL-000013,USD,Debit,Income Statement,Yes,TX5,Active,2020-01-01,
GL-004170,574170,Administrative Expense 4170,Expense,Administration,CC-00170,GL-000014,USD,Debit,Income Statement,Yes,TX0,Active,2020-01-01,
GL-004171,104171,Cash 4171,Asset,Current Asset,CC-00171,GL-000015,USD,Debit,Balance Sheet,Yes,TX0,Active,2020-01-01,
GL-004172,114172,Accounts Receivable 4172,Asset,Current Asset,CC-00172,GL-000001,USD,Debit,Balance Sheet,Yes,TX0,Active,2020-01-01,
GL-004173,124173,Inventory 4173,Asset,Current Asset,CC-00173,GL-000002,USD,Debit,Balance Sheet,Yes,TX0,Active,2020-01-01,
GL-004174,134174,Fixed Assets 4174,Asset,Non Current Asset,CC-00174,GL-000003,USD,Debit,Balance Sheet,Yes,TX5,Active,2020-01-01,
GL-004175,204175,Accounts Payable 4175,Liability,Current Liability,CC-00175,GL-000004,USD,Credit,Balance Sheet,Yes,TX5,Active,2020-01-01,
GL-004176,304176,Equity 4176,Equity,Equity,CC-00176,GL-000005,USD,Credit,Balance Sheet,Yes,EXEMPT,Active,2020-01-01,
GL-004177,404177,Sales Revenue 4177,Revenue,Operating Revenue,CC-00177,GL-000006,USD,Credit,Income Statement,Yes,TX5,Active,2020-01-01,
GL-004178,504178,Cost of Goods Sold 4178,Expense,COGS,CC-00178,GL-000007,USD,Debit,Income Statement,Yes,EXEMPT,Active,2020-01-01,
GL-004179,514179,Production Cost 4179,Expense,Manufacturing,CC-00179,GL-000008,USD,Debit,Income Statement,Yes,EXEMPT,Active,2020-01-01,
GL-004180,524180,Maintenance Expense 4180,Expense,Maintenance,CC-00180,GL-000009,USD,Debit,Income Statement,Yes,EXEMPT,Active,2020-01-01,
GL-004181,534181,Utilities Expense 4181,Expense,Utilities,CC-00181,GL-000010,USD,Debit,Income Statement,Yes,TX14,Active,2020-01-01,
GL-004182,544182,Quality Expense 4182,Expense,Quality,CC-00182,GL-000011,USD,Debit,Income Statement,Yes,TX14,Active,2020-01-01,
GL-004183,554183,Warehouse Expense 4183,Expense,Warehouse,CC-00183,GL-000012,USD,Debit,Income Statement,Yes,TX14,Active,2020-01-01,
GL-004184,564184,Sales Expense 4184,Expense,Sales,CC-00184,GL-000013,USD,Debit,Income Statement,Yes,TX0,Active,2020-01-01,
GL-004185,574185,Administrative Expense 4185,Expense,Administration,CC-00185,GL-000014,USD,Debit,Income Statement,Yes,TX14,Active,2020-01-01,
GL-004186,104186,Cash 4186,Asset,Current Asset,CC-00186,GL-000015,USD,Debit,Balance Sheet,Yes,TX5,Active,2020-01-01,
GL-004187,114187,Accounts Receivable 4187,Asset,Current Asset,CC-00187,GL-000001,USD,Debit,Balance Sheet,Yes,TX14,Active,2020-01-01,
GL-004188,124188,Inventory 4188,Asset,Current Asset,CC-00188,GL-000002,USD,Debit,Balance Sheet,Yes,EXEMPT,Active,2020-01-01,
GL-004189,134189,Fixed Assets 4189,Asset,Non Current Asset,CC-00189,GL-000003,USD,Debit,Balance Sheet,Yes,TX14,Active,2020-01-01,
GL-004190,204190,Accounts Payable 4190,Liability,Current Liability,CC-00190,GL-000004,USD,Credit,Balance Sheet,Yes,EXEMPT,Active,2020-01-01,
GL-004191,304191,Equity 4191,Equity,Equity,CC-00191,GL-000005,USD,Credit,Balance Sheet,Yes,TX14,Active,2020-01-01,
GL-004192,404192,Sales Revenue 4192,Revenue,Operating Revenue,CC-00192,GL-000006,USD,Credit,Income Statement,Yes,EXEMPT,Active,2020-01-01,
GL-004193,504193,Cost of Goods Sold 4193,Expense,COGS,CC-00193,GL-000007,USD,Debit,Income Statement,Yes,TX0,Active,2020-01-01,
GL-004194,514194,Production Cost 4194,Expense,Manufacturing,CC-00194,GL-000008,USD,Debit,Income Statement,Yes,EXEMPT,Active,2020-01-01,
GL-004195,524195,Maintenance Expense 4195,Expense,Maintenance,CC-00195,GL-000009,USD,Debit,Income Statement,Yes,TX0,Active,2020-01-01,
GL-004196,534196,Utilities Expense 4196,Expense,Utilities,CC-00196,GL-000010,USD,Debit,Income Statement,Yes,EXEMPT,Active,2020-01-01,
GL-004197,544197,Quality Expense 4197,Expense,Quality,CC-00197,GL-000011,USD,Debit,Income Statement,Yes,EXEMPT,Active,2020-01-01,
GL-004198,554198,Warehouse Expense 4198,Expense,Warehouse,CC-00198,GL-000012,USD,Debit,Income Statement,Yes,TX5,Active,2020-01-01,
GL-004199,564199,Sales Expense 4199,Expense,Sales,CC-00199,GL-000013,USD,Debit,Income Statement,Yes,TX0,Active,2020-01-01,
GL-004200,574200,Administrative Expense 4200,Expense,Administration,CC-00200,GL-000014,USD,Debit,Income Statement,Yes,TX5,Active,2020-01-01,
GL-004201,104201,Cash 4201,Asset,Current Asset,CC-00201,GL-000015,USD,Debit,Balance Sheet,Yes,TX14,Active,2020-01-01,
GL-004202,114202,Accounts Receivable 4202,Asset,Current Asset,CC-00202,GL-000001,USD,Debit,Balance Sheet,Yes,TX5,Active,2020-01-01,
GL-004203,124203,Inventory 4203,Asset,Current Asset,CC-00203,GL-000002,USD,Debit,Balance Sheet,Yes,TX5,Active,2020-01-01,
GL-004204,134204,Fixed Assets 4204,Asset,Non Current Asset,CC-00204,GL-000003,USD,Debit,Balance Sheet,Yes,TX14,Active,2020-01-01,
GL-004205,204205,Accounts Payable 4205,Liability,Current Liability,CC-00205,GL-000004,USD,Credit,Balance Sheet,Yes,TX5,Active,2020-01-01,
GL-004206,304206,Equity 4206,Equity,Equity,CC-00206,GL-000005,USD,Credit,Balance Sheet,Yes,TX5,Active,2020-01-01,
GL-004207,404207,Sales Revenue 4207,Revenue,Operating Revenue,CC-00207,GL-000006,USD,Credit,Income Statement,Yes,TX14,Active,2020-01-01,
GL-004208,504208,Cost of Goods Sold 4208,Expense,COGS,CC-00208,GL-000007,USD,Debit,Income Statement,Yes,EXEMPT,Active,2020-01-01,
GL-004209,514209,Production Cost 4209,Expense,Manufacturing,CC-00209,GL-000008,USD,Debit,Income Statement,Yes,TX5,Active,2020-01-01,
GL-004210,524210,Maintenance Expense 4210,Expense,Maintenance,CC-00210,GL-000009,USD,Debit,Income Statement,Yes,TX0,Active,2020-01-01,
GL-004211,534211,Utilities Expense 4211,Expense,Utilities,CC-00211,GL-000010,USD,Debit,Income Statement,Yes,TX5,Active,2020-01-01,
GL-004212,544212,Quality Expense 4212,Expense,Quality,CC-00212,GL-000011,USD,Debit,Income Statement,Yes,EXEMPT,Active,2020-01-01,
GL-004213,554213,Warehouse Expense 4213,Expense,Warehouse,CC-00213,GL-000012,USD,Debit,Income Statement,Yes,EXEMPT,Active,2020-01-01,
GL-004214,564214,Sales Expense 4214,Expense,Sales,CC-00214,GL-000013,USD,Debit,Income Statement,Yes,TX0,Active,2020-01-01,
GL-004215,574215,Administrative Expense 4215,Expense,Administration,CC-00215,GL-000014,USD,Debit,Income Statement,Yes,TX5,Active,2020-01-01,
GL-004216,104216,Cash 4216,Asset,Current Asset,CC-00216,GL-000015,USD,Debit,Balance Sheet,Yes,TX5,Active,2020-01-01,
GL-004217,114217,Accounts Receivable 4217,Asset,Current Asset,CC-00217,GL-000001,USD,Debit,Balance Sheet,Yes,EXEMPT,Active,2020-01-01,
GL-004218,124218,Inventory 4218,Asset,Current Asset,CC-00218,GL-000002,USD,Debit,Balance Sheet,Yes,TX0,Active,2020-01-01,
GL-004219,134219,Fixed Assets 4219,Asset,Non Current Asset,CC-00219,GL-000003,USD,Debit,Balance Sheet,Yes,TX0,Active,2020-01-01,
GL-004220,204220,Accounts Payable 4220,Liability,Current Liability,CC-00220,GL-000004,USD,Credit,Balance Sheet,Yes,TX14,Active,2020-01-01,
GL-004221,304221,Equity 4221,Equity,Equity,CC-00221,GL-000005,USD,Credit,Balance Sheet,Yes,TX14,Active,2020-01-01,
GL-004222,404222,Sales Revenue 4222,Revenue,Operating Revenue,CC-00222,GL-000006,USD,Credit,Income Statement,Yes,TX0,Active,2020-01-01,
GL-004223,504223,Cost of Goods Sold 4223,Expense,COGS,CC-00223,GL-000007,USD,Debit,Income Statement,Yes,TX14,Active,2020-01-01,
GL-004224,514224,Production Cost 4224,Expense,Manufacturing,CC-00224,GL-000008,USD,Debit,Income Statement,Yes,EXEMPT,Active,2020-01-01,
GL-004225,524225,Maintenance Expense 4225,Expense,Maintenance,CC-00225,GL-000009,USD,Debit,Income Statement,Yes,TX14,Active,2020-01-01,
GL-004226,534226,Utilities Expense 4226,Expense,Utilities,CC-00226,GL-000010,USD,Debit,Income Statement,Yes,EXEMPT,Active,2020-01-01,
GL-004227,544227,Quality Expense 4227,Expense,Quality,CC-00227,GL-000011,USD,Debit,Income Statement,Yes,TX14,Active,2020-01-01,
GL-004228,554228,Warehouse Expense 4228,Expense,Warehouse,CC-00228,GL-000012,USD,Debit,Income Statement,Yes,TX14,Active,2020-01-01,
GL-004229,564229,Sales Expense 4229,Expense,Sales,CC-00229,GL-000013,USD,Debit,Income Statement,Yes,TX5,Active,2020-01-01,
GL-004230,574230,Administrative Expense 4230,Expense,Administration,CC-00230,GL-000014,USD,Debit,Income Statement,Yes,TX0,Active,2020-01-01,
GL-004231,104231,Cash 4231,Asset,Current Asset,CC-00231,GL-000015,USD,Debit,Balance Sheet,Yes,TX0,Active,2020-01-01,
GL-004232,114232,Accounts Receivable 4232,Asset,Current Asset,CC-00232,GL-000001,USD,Debit,Balance Sheet,Yes,TX5,Active,2020-01-01,
GL-004233,124233,Inventory 4233,Asset,Current Asset,CC-00233,GL-000002,USD,Debit,Balance Sheet,Yes,TX0,Active,2020-01-01,
GL-004234,134234,Fixed Assets 4234,Asset,Non Current Asset,CC-00234,GL-000003,USD,Debit,Balance Sheet,Yes,TX0,Active,2020-01-01,
GL-004235,204235,Accounts Payable 4235,Liability,Current Liability,CC-00235,GL-000004,USD,Credit,Balance Sheet,Yes,TX5,Active,2020-01-01,
GL-004236,304236,Equity 4236,Equity,Equity,CC-00236,GL-000005,USD,Credit,Balance Sheet,Yes,TX14,Active,2020-01-01,
GL-004237,404237,Sales Revenue 4237,Revenue,Operating Revenue,CC-00237,GL-000006,USD,Credit,Income Statement,Yes,TX5,Active,2020-01-01,
GL-004238,504238,Cost of Goods Sold 4238,Expense,COGS,CC-00238,GL-000007,USD,Debit,Income Statement,Yes,TX0,Active,2020-01-01,
GL-004239,514239,Production Cost 4239,Expense,Manufacturing,CC-00239,GL-000008,USD,Debit,Income Statement,Yes,TX14,Active,2020-01-01,
GL-004240,524240,Maintenance Expense 4240,Expense,Maintenance,CC-00240,GL-000009,USD,Debit,Income Statement,Yes,TX0,Active,2020-01-01,
GL-004241,534241,Utilities Expense 4241,Expense,Utilities,CC-00241,GL-000010,USD,Debit,Income Statement,Yes,EXEMPT,Active,2020-01-01,
GL-004242,544242,Quality Expense 4242,Expense,Quality,CC-00242,GL-000011,USD,Debit,Income Statement,Yes,TX14,Active,2020-01-01,
GL-004243,554243,Warehouse Expense 4243,Expense,Warehouse,CC-00243,GL-000012,USD,Debit,Income Statement,Yes,TX5,Active,2020-01-01,
GL-004244,564244,Sales Expense 4244,Expense,Sales,CC-00244,GL-000013,USD,Debit,Income Statement,Yes,TX14,Active,2020-01-01,
GL-004245,574245,Administrative Expense 4245,Expense,Administration,CC-00245,GL-000014,USD,Debit,Income Statement,Yes,TX5,Active,2020-01-01,
GL-004246,104246,Cash 4246,Asset,Current Asset,CC-00246,GL-000015,USD,Debit,Balance Sheet,Yes,TX5,Active,2020-01-01,
GL-004247,114247,Accounts Receivable 4247,Asset,Current Asset,CC-00247,GL-000001,USD,Debit,Balance Sheet,Yes,TX5,Active,2020-01-01,
GL-004248,124248,Inventory 4248,Asset,Current Asset,CC-00248,GL-000002,USD,Debit,Balance Sheet,Yes,TX0,Active,2020-01-01,
GL-004249,134249,Fixed Assets 4249,Asset,Non Current Asset,CC-00249,GL-000003,USD,Debit,Balance Sheet,Yes,TX5,Active,2020-01-01,
GL-004250,204250,Accounts Payable 4250,Liability,Current Liability,CC-00250,GL-000004,USD,Credit,Balance Sheet,Yes,TX14,Active,2020-01-01,
GL-004251,304251,Equity 4251,Equity,Equity,CC-00251,GL-000005,USD,Credit,Balance Sheet,Yes,EXEMPT,Active,2020-01-01,
GL-004252,404252,Sales Revenue 4252,Revenue,Operating Revenue,CC-00252,GL-000006,USD,Credit,Income Statement,Yes,EXEMPT,Active,2020-01-01,
GL-004253,504253,Cost of Goods Sold 4253,Expense,COGS,CC-00253,GL-000007,USD,Debit,Income Statement,Yes,EXEMPT,Active,2020-01-01,
GL-004254,514254,Production Cost 4254,Expense,Manufacturing,CC-00254,GL-000008,USD,Debit,Income Statement,Yes,EXEMPT,Active,2020-01-01,
GL-004255,524255,Maintenance Expense 4255,Expense,Maintenance,CC-00255,GL-000009,USD,Debit,Income Statement,Yes,TX5,Active,2020-01-01,
GL-004256,534256,Utilities Expense 4256,Expense,Utilities,CC-00256,GL-000010,USD,Debit,Income Statement,Yes,TX5,Active,2020-01-01,
GL-004257,544257,Quality Expense 4257,Expense,Quality,CC-00257,GL-000011,USD,Debit,Income Statement,Yes,TX14,Active,2020-01-01,
GL-004258,554258,Warehouse Expense 4258,Expense,Warehouse,CC-00258,GL-000012,USD,Debit,Income Statement,Yes,EXEMPT,Active,2020-01-01,
GL-004259,564259,Sales Expense 4259,Expense,Sales,CC-00259,GL-000013,USD,Debit,Income Statement,Yes,TX14,Active,2020-01-01,
GL-004260,574260,Administrative Expense 4260,Expense,Administration,CC-00260,GL-000014,USD,Debit,Income Statement,Yes,TX5,Active,2020-01-01,
GL-004261,104261,Cash 4261,Asset,Current Asset,CC-00261,GL-000015,USD,Debit,Balance Sheet,Yes,EXEMPT,Active,2020-01-01,
GL-004262,114262,Accounts Receivable 4262,Asset,Current Asset,CC-00262,GL-000001,USD,Debit,Balance Sheet,Yes,TX14,Active,2020-01-01,
GL-004263,124263,Inventory 4263,Asset,Current Asset,CC-00263,GL-000002,USD,Debit,Balance Sheet,Yes,EXEMPT,Active,2020-01-01,
GL-004264,134264,Fixed Assets 4264,Asset,Non Current Asset,CC-00264,GL-000003,USD,Debit,Balance Sheet,Yes,EXEMPT,Active,2020-01-01,
GL-004265,204265,Accounts Payable 4265,Liability,Current Liability,CC-00265,GL-000004,USD,Credit,Balance Sheet,Yes,TX5,Active,2020-01-01,
GL-004266,304266,Equity 4266,Equity,Equity,CC-00266,GL-000005,USD,Credit,Balance Sheet,Yes,TX14,Active,2020-01-01,
GL-004267,404267,Sales Revenue 4267,Revenue,Operating Revenue,CC-00267,GL-000006,USD,Credit,Income Statement,Yes,EXEMPT,Active,2020-01-01,
GL-004268,504268,Cost of Goods Sold 4268,Expense,COGS,CC-00268,GL-000007,USD,Debit,Income Statement,Yes,TX5,Active,2020-01-01,
GL-004269,514269,Production Cost 4269,Expense,Manufacturing,CC-00269,GL-000008,USD,Debit,Income Statement,Yes,TX14,Active,2020-01-01,
GL-004270,524270,Maintenance Expense 4270,Expense,Maintenance,CC-00270,GL-000009,USD,Debit,Income Statement,Yes,TX0,Active,2020-01-01,
GL-004271,534271,Utilities Expense 4271,Expense,Utilities,CC-00271,GL-000010,USD,Debit,Income Statement,Yes,EXEMPT,Active,2020-01-01,
GL-004272,544272,Quality Expense 4272,Expense,Quality,CC-00272,GL-000011,USD,Debit,Income Statement,Yes,TX5,Active,2020-01-01,
GL-004273,554273,Warehouse Expense 4273,Expense,Warehouse,CC-00273,GL-000012,USD,Debit,Income Statement,Yes,TX0,Active,2020-01-01,
GL-004274,564274,Sales Expense 4274,Expense,Sales,CC-00274,GL-000013,USD,Debit,Income Statement,Yes,TX0,Active,2020-01-01,
GL-004275,574275,Administrative Expense 4275,Expense,Administration,CC-00275,GL-000014,USD,Debit,Income Statement,Yes,TX5,Active,2020-01-01,
GL-004276,104276,Cash 4276,Asset,Current Asset,CC-00276,GL-000015,USD,Debit,Balance Sheet,Yes,TX0,Active,2020-01-01,
GL-004277,114277,Accounts Receivable 4277,Asset,Current Asset,CC-00277,GL-000001,USD,Debit,Balance Sheet,Yes,EXEMPT,Active,2020-01-01,
GL-004278,124278,Inventory 4278,Asset,Current Asset,CC-00278,GL-000002,USD,Debit,Balance Sheet,Yes,EXEMPT,Active,2020-01-01,
GL-004279,134279,Fixed Assets 4279,Asset,Non Current Asset,CC-00279,GL-000003,USD,Debit,Balance Sheet,Yes,EXEMPT,Active,2020-01-01,
GL-004280,204280,Accounts Payable 4280,Liability,Current Liability,CC-00280,GL-000004,USD,Credit,Balance Sheet,Yes,TX0,Active,2020-01-01,
GL-004281,304281,Equity 4281,Equity,Equity,CC-00281,GL-000005,USD,Credit,Balance Sheet,Yes,EXEMPT,Active,2020-01-01,
GL-004282,404282,Sales Revenue 4282,Revenue,Operating Revenue,CC-00282,GL-000006,USD,Credit,Income Statement,Yes,TX0,Active,2020-01-01,
GL-004283,504283,Cost of Goods Sold 4283,Expense,COGS,CC-00283,GL-000007,USD,Debit,Income Statement,Yes,EXEMPT,Active,2020-01-01,
GL-004284,514284,Production Cost 4284,Expense,Manufacturing,CC-00284,GL-000008,USD,Debit,Income Statement,Yes,TX5,Active,2020-01-01,
GL-004285,524285,Maintenance Expense 4285,Expense,Maintenance,CC-00285,GL-000009,USD,Debit,Income Statement,Yes,EXEMPT,Active,2020-01-01,
GL-004286,534286,Utilities Expense 4286,Expense,Utilities,CC-00286,GL-000010,USD,Debit,Income Statement,Yes,TX0,Active,2020-01-01,
GL-004287,544287,Quality Expense 4287,Expense,Quality,CC-00287,GL-000011,USD,Debit,Income Statement,Yes,EXEMPT,Active,2020-01-01,
GL-004288,554288,Warehouse Expense 4288,Expense,Warehouse,CC-00288,GL-000012,USD,Debit,Income Statement,Yes,TX14,Active,2020-01-01,
GL-004289,564289,Sales Expense 4289,Expense,Sales,CC-00289,GL-000013,USD,Debit,Income Statement,Yes,TX0,Active,2020-01-01,
GL-004290,574290,Administrative Expense 4290,Expense,Administration,CC-00290,GL-000014,USD,Debit,Income Statement,Yes,TX14,Active,2020-01-01,
GL-004291,104291,Cash 4291,Asset,Current Asset,CC-00291,GL-000015,USD,Debit,Balance Sheet,Yes,TX0,Active,2020-01-01,
GL-004292,114292,Accounts Receivable 4292,Asset,Current Asset,CC-00292,GL-000001,USD,Debit,Balance Sheet,Yes,EXEMPT,Active,2020-01-01,
GL-004293,124293,Inventory 4293,Asset,Current Asset,CC-00293,GL-000002,USD,Debit,Balance Sheet,Yes,TX0,Active,2020-01-01,
GL-004294,134294,Fixed Assets 4294,Asset,Non Current Asset,CC-00294,GL-000003,USD,Debit,Balance Sheet,Yes,EXEMPT,Active,2020-01-01,
GL-004295,204295,Accounts Payable 4295,Liability,Current Liability,CC-00295,GL-000004,USD,Credit,Balance Sheet,Yes,TX14,Active,2020-01-01,
GL-004296,304296,Equity 4296,Equity,Equity,CC-00296,GL-000005,USD,Credit,Balance Sheet,Yes,TX0,Active,2020-01-01,
GL-004297,404297,Sales Revenue 4297,Revenue,Operating Revenue,CC-00297,GL-000006,USD,Credit,Income Statement,Yes,TX5,Active,2020-01-01,
GL-004298,504298,Cost of Goods Sold 4298,Expense,COGS,CC-00298,GL-000007,USD,Debit,Income Statement,Yes,TX5,Active,2020-01-01,
GL-004299,514299,Production Cost 4299,Expense,Manufacturing,CC-00299,GL-000008,USD,Debit,Income Statement,Yes,TX5,Active,2020-01-01,
GL-004300,524300,Maintenance Expense 4300,Expense,Maintenance,CC-00300,GL-000009,USD,Debit,Income Statement,Yes,TX0,Active,2020-01-01,
GL-004301,534301,Utilities Expense 4301,Expense,Utilities,CC-00301,GL-000010,USD,Debit,Income Statement,Yes,TX0,Active,2020-01-01,
GL-004302,544302,Quality Expense 4302,Expense,Quality,CC-00302,GL-000011,USD,Debit,Income Statement,Yes,TX0,Active,2020-01-01,
GL-004303,554303,Warehouse Expense 4303,Expense,Warehouse,CC-00303,GL-000012,USD,Debit,Income Statement,Yes,EXEMPT,Active,2020-01-01,
GL-004304,564304,Sales Expense 4304,Expense,Sales,CC-00304,GL-000013,USD,Debit,Income Statement,Yes,TX5,Active,2020-01-01,
GL-004305,574305,Administrative Expense 4305,Expense,Administration,CC-00305,GL-000014,USD,Debit,Income Statement,Yes,TX5,Active,2020-01-01,
GL-004306,104306,Cash 4306,Asset,Current Asset,CC-00306,GL-000015,USD,Debit,Balance Sheet,Yes,TX14,Active,2020-01-01,
GL-004307,114307,Accounts Receivable 4307,Asset,Current Asset,CC-00307,GL-000001,USD,Debit,Balance Sheet,Yes,TX5,Active,2020-01-01,
GL-004308,124308,Inventory 4308,Asset,Current Asset,CC-00308,GL-000002,USD,Debit,Balance Sheet,Yes,TX5,Active,2020-01-01,
GL-004309,134309,Fixed Assets 4309,Asset,Non Current Asset,CC-00309,GL-000003,USD,Debit,Balance Sheet,Yes,EXEMPT,Active,2020-01-01,
GL-004310,204310,Accounts Payable 4310,Liability,Current Liability,CC-00310,GL-000004,USD,Credit,Balance Sheet,Yes,TX5,Active,2020-01-01,
GL-004311,304311,Equity 4311,Equity,Equity,CC-00311,GL-000005,USD,Credit,Balance Sheet,Yes,TX14,Active,2020-01-01,
GL-004312,404312,Sales Revenue 4312,Revenue,Operating Revenue,CC-00312,GL-000006,USD,Credit,Income Statement,Yes,EXEMPT,Active,2020-01-01,
GL-004313,504313,Cost of Goods Sold 4313,Expense,COGS,CC-00313,GL-000007,USD,Debit,Income Statement,Yes,TX5,Active,2020-01-01,
GL-004314,514314,Production Cost 4314,Expense,Manufacturing,CC-00314,GL-000008,USD,Debit,Income Statement,Yes,EXEMPT,Active,2020-01-01,
GL-004315,524315,Maintenance Expense 4315,Expense,Maintenance,CC-00315,GL-000009,USD,Debit,Income Statement,Yes,EXEMPT,Active,2020-01-01,
GL-004316,534316,Utilities Expense 4316,Expense,Utilities,CC-00316,GL-000010,USD,Debit,Income Statement,Yes,TX14,Active,2020-01-01,
GL-004317,544317,Quality Expense 4317,Expense,Quality,CC-00317,GL-000011,USD,Debit,Income Statement,Yes,EXEMPT,Active,2020-01-01,
GL-004318,554318,Warehouse Expense 4318,Expense,Warehouse,CC-00318,GL-000012,USD,Debit,Income Statement,Yes,TX5,Active,2020-01-01,
GL-004319,564319,Sales Expense 4319,Expense,Sales,CC-00319,GL-000013,USD,Debit,Income Statement,Yes,EXEMPT,Active,2020-01-01,
GL-004320,574320,Administrative Expense 4320,Expense,Administration,CC-00320,GL-000014,USD,Debit,Income Statement,Yes,TX14,Active,2020-01-01,
GL-004321,104321,Cash 4321,Asset,Current Asset,CC-00321,GL-000015,USD,Debit,Balance Sheet,Yes,TX0,Active,2020-01-01,
GL-004322,114322,Accounts Receivable 4322,Asset,Current Asset,CC-00322,GL-000001,USD,Debit,Balance Sheet,Yes,EXEMPT,Active,2020-01-01,
GL-004323,124323,Inventory 4323,Asset,Current Asset,CC-00323,GL-000002,USD,Debit,Balance Sheet,Yes,TX14,Active,2020-01-01,
GL-004324,134324,Fixed Assets 4324,Asset,Non Current Asset,CC-00324,GL-000003,USD,Debit,Balance Sheet,Yes,EXEMPT,Active,2020-01-01,
GL-004325,204325,Accounts Payable 4325,Liability,Current Liability,CC-00325,GL-000004,USD,Credit,Balance Sheet,Yes,TX0,Active,2020-01-01,
GL-004326,304326,Equity 4326,Equity,Equity,CC-00326,GL-000005,USD,Credit,Balance Sheet,Yes,EXEMPT,Active,2020-01-01,
GL-004327,404327,Sales Revenue 4327,Revenue,Operating Revenue,CC-00327,GL-000006,USD,Credit,Income Statement,Yes,TX5,Active,2020-01-01,
GL-004328,504328,Cost of Goods Sold 4328,Expense,COGS,CC-00328,GL-000007,USD,Debit,Income Statement,Yes,TX5,Active,2020-01-01,
GL-004329,514329,Production Cost 4329,Expense,Manufacturing,CC-00329,GL-000008,USD,Debit,Income Statement,Yes,TX5,Active,2020-01-01,
GL-004330,524330,Maintenance Expense 4330,Expense,Maintenance,CC-00330,GL-000009,USD,Debit,Income Statement,Yes,TX5,Active,2020-01-01,
GL-004331,534331,Utilities Expense 4331,Expense,Utilities,CC-00331,GL-000010,USD,Debit,Income Statement,Yes,TX0,Active,2020-01-01,
GL-004332,544332,Quality Expense 4332,Expense,Quality,CC-00332,GL-000011,USD,Debit,Income Statement,Yes,TX5,Active,2020-01-01,
GL-004333,554333,Warehouse Expense 4333,Expense,Warehouse,CC-00333,GL-000012,USD,Debit,Income Statement,Yes,TX14,Active,2020-01-01,
GL-004334,564334,Sales Expense 4334,Expense,Sales,CC-00334,GL-000013,USD,Debit,Income Statement,Yes,EXEMPT,Active,2020-01-01,
GL-004335,574335,Administrative Expense 4335,Expense,Administration,CC-00335,GL-000014,USD,Debit,Income Statement,Yes,TX5,Active,2020-01-01,
GL-004336,104336,Cash 4336,Asset,Current Asset,CC-00336,GL-000015,USD,Debit,Balance Sheet,Yes,TX0,Active,2020-01-01,
GL-004337,114337,Accounts Receivable 4337,Asset,Current Asset,CC-00337,GL-000001,USD,Debit,Balance Sheet,Yes,TX5,Active,2020-01-01,
GL-004338,124338,Inventory 4338,Asset,Current Asset,CC-00338,GL-000002,USD,Debit,Balance Sheet,Yes,TX14,Active,2020-01-01,
GL-004339,134339,Fixed Assets 4339,Asset,Non Current Asset,CC-00339,GL-000003,USD,Debit,Balance Sheet,Yes,TX14,Active,2020-01-01,
GL-004340,204340,Accounts Payable 4340,Liability,Current Liability,CC-00340,GL-000004,USD,Credit,Balance Sheet,Yes,TX5,Active,2020-01-01,
GL-004341,304341,Equity 4341,Equity,Equity,CC-00341,GL-000005,USD,Credit,Balance Sheet,Yes,TX14,Active,2020-01-01,
GL-004342,404342,Sales Revenue 4342,Revenue,Operating Revenue,CC-00342,GL-000006,USD,Credit,Income Statement,Yes,TX0,Active,2020-01-01,
GL-004343,504343,Cost of Goods Sold 4343,Expense,COGS,CC-00343,GL-000007,USD,Debit,Income Statement,Yes,TX14,Active,2020-01-01,
GL-004344,514344,Production Cost 4344,Expense,Manufacturing,CC-00344,GL-000008,USD,Debit,Income Statement,Yes,TX0,Active,2020-01-01,
GL-004345,524345,Maintenance Expense 4345,Expense,Maintenance,CC-00345,GL-000009,USD,Debit,Income Statement,Yes,TX0,Active,2020-01-01,
GL-004346,534346,Utilities Expense 4346,Expense,Utilities,CC-00346,GL-000010,USD,Debit,Income Statement,Yes,TX0,Active,2020-01-01,
GL-004347,544347,Quality Expense 4347,Expense,Quality,CC-00347,GL-000011,USD,Debit,Income Statement,Yes,EXEMPT,Active,2020-01-01,
GL-004348,554348,Warehouse Expense 4348,Expense,Warehouse,CC-00348,GL-000012,USD,Debit,Income Statement,Yes,TX14,Active,2020-01-01,
GL-004349,564349,Sales Expense 4349,Expense,Sales,CC-00349,GL-000013,USD,Debit,Income Statement,Yes,TX14,Active,2020-01-01,
GL-004350,574350,Administrative Expense 4350,Expense,Administration,CC-00350,GL-000014,USD,Debit,Income Statement,Yes,TX14,Active,2020-01-01,
GL-004351,104351,Cash 4351,Asset,Current Asset,CC-00351,GL-000015,USD,Debit,Balance Sheet,Yes,EXEMPT,Active,2020-01-01,
GL-004352,114352,Accounts Receivable 4352,Asset,Current Asset,CC-00352,GL-000001,USD,Debit,Balance Sheet,Yes,TX5,Active,2020-01-01,
GL-004353,124353,Inventory 4353,Asset,Current Asset,CC-00353,GL-000002,USD,Debit,Balance Sheet,Yes,EXEMPT,Active,2020-01-01,
GL-004354,134354,Fixed Assets 4354,Asset,Non Current Asset,CC-00354,GL-000003,USD,Debit,Balance Sheet,Yes,TX14,Active,2020-01-01,
GL-004355,204355,Accounts Payable 4355,Liability,Current Liability,CC-00355,GL-000004,USD,Credit,Balance Sheet,Yes,EXEMPT,Active,2020-01-01,
GL-004356,304356,Equity 4356,Equity,Equity,CC-00356,GL-000005,USD,Credit,Balance Sheet,Yes,TX0,Active,2020-01-01,
GL-004357,404357,Sales Revenue 4357,Revenue,Operating Revenue,CC-00357,GL-000006,USD,Credit,Income Statement,Yes,TX5,Active,2020-01-01,
GL-004358,504358,Cost of Goods Sold 4358,Expense,COGS,CC-00358,GL-000007,USD,Debit,Income Statement,Yes,TX0,Active,2020-01-01,
GL-004359,514359,Production Cost 4359,Expense,Manufacturing,CC-00359,GL-000008,USD,Debit,Income Statement,Yes,TX0,Active,2020-01-01,
GL-004360,524360,Maintenance Expense 4360,Expense,Maintenance,CC-00360,GL-000009,USD,Debit,Income Statement,Yes,EXEMPT,Active,2020-01-01,
GL-004361,534361,Utilities Expense 4361,Expense,Utilities,CC-00361,GL-000010,USD,Debit,Income Statement,Yes,TX0,Active,2020-01-01,
GL-004362,544362,Quality Expense 4362,Expense,Quality,CC-00362,GL-000011,USD,Debit,Income Statement,Yes,TX5,Active,2020-01-01,
GL-004363,554363,Warehouse Expense 4363,Expense,Warehouse,CC-00363,GL-000012,USD,Debit,Income Statement,Yes,EXEMPT,Active,2020-01-01,
GL-004364,564364,Sales Expense 4364,Expense,Sales,CC-00364,GL-000013,USD,Debit,Income Statement,Yes,TX14,Active,2020-01-01,
GL-004365,574365,Administrative Expense 4365,Expense,Administration,CC-00365,GL-000014,USD,Debit,Income Statement,Yes,TX0,Active,2020-01-01,
GL-004366,104366,Cash 4366,Asset,Current Asset,CC-00366,GL-000015,USD,Debit,Balance Sheet,Yes,EXEMPT,Active,2020-01-01,
GL-004367,114367,Accounts Receivable 4367,Asset,Current Asset,CC-00367,GL-000001,USD,Debit,Balance Sheet,Yes,EXEMPT,Active,2020-01-01,
GL-004368,124368,Inventory 4368,Asset,Current Asset,CC-00368,GL-000002,USD,Debit,Balance Sheet,Yes,TX5,Active,2020-01-01,
GL-004369,134369,Fixed Assets 4369,Asset,Non Current Asset,CC-00369,GL-000003,USD,Debit,Balance Sheet,Yes,TX14,Active,2020-01-01,
GL-004370,204370,Accounts Payable 4370,Liability,Current Liability,CC-00370,GL-000004,USD,Credit,Balance Sheet,Yes,TX14,Active,2020-01-01,
GL-004371,304371,Equity 4371,Equity,Equity,CC-00371,GL-000005,USD,Credit,Balance Sheet,Yes,TX5,Active,2020-01-01,
GL-004372,404372,Sales Revenue 4372,Revenue,Operating Revenue,CC-00372,GL-000006,USD,Credit,Income Statement,Yes,TX5,Active,2020-01-01,
GL-004373,504373,Cost of Goods Sold 4373,Expense,COGS,CC-00373,GL-000007,USD,Debit,Income Statement,Yes,TX5,Active,2020-01-01,
GL-004374,514374,Production Cost 4374,Expense,Manufacturing,CC-00374,GL-000008,USD,Debit,Income Statement,Yes,TX0,Active,2020-01-01,
GL-004375,524375,Maintenance Expense 4375,Expense,Maintenance,CC-00375,GL-000009,USD,Debit,Income Statement,Yes,TX0,Active,2020-01-01,
GL-004376,534376,Utilities Expense 4376,Expense,Utilities,CC-00376,GL-000010,USD,Debit,Income Statement,Yes,TX5,Active,2020-01-01,
GL-004377,544377,Quality Expense 4377,Expense,Quality,CC-00377,GL-000011,USD,Debit,Income Statement,Yes,TX0,Active,2020-01-01,
GL-004378,554378,Warehouse Expense 4378,Expense,Warehouse,CC-00378,GL-000012,USD,Debit,Income Statement,Yes,TX5,Active,2020-01-01,
GL-004379,564379,Sales Expense 4379,Expense,Sales,CC-00379,GL-000013,USD,Debit,Income Statement,Yes,TX0,Active,2020-01-01,
GL-004380,574380,Administrative Expense 4380,Expense,Administration,CC-00380,GL-000014,USD,Debit,Income Statement,Yes,EXEMPT,Active,2020-01-01,
GL-004381,104381,Cash 4381,Asset,Current Asset,CC-00381,GL-000015,USD,Debit,Balance Sheet,Yes,TX5,Active,2020-01-01,
GL-004382,114382,Accounts Receivable 4382,Asset,Current Asset,CC-00382,GL-000001,USD,Debit,Balance Sheet,Yes,EXEMPT,Active,2020-01-01,
GL-004383,124383,Inventory 4383,Asset,Current Asset,CC-00383,GL-000002,USD,Debit,Balance Sheet,Yes,TX0,Active,2020-01-01,
GL-004384,134384,Fixed Assets 4384,Asset,Non Current Asset,CC-00384,GL-000003,USD,Debit,Balance Sheet,Yes,TX0,Active,2020-01-01,
GL-004385,204385,Accounts Payable 4385,Liability,Current Liability,CC-00385,GL-000004,USD,Credit,Balance Sheet,Yes,TX0,Active,2020-01-01,
GL-004386,304386,Equity 4386,Equity,Equity,CC-00386,GL-000005,USD,Credit,Balance Sheet,Yes,EXEMPT,Active,2020-01-01,
GL-004387,404387,Sales Revenue 4387,Revenue,Operating Revenue,CC-00387,GL-000006,USD,Credit,Income Statement,Yes,TX5,Active,2020-01-01,
GL-004388,504388,Cost of Goods Sold 4388,Expense,COGS,CC-00388,GL-000007,USD,Debit,Income Statement,Yes,EXEMPT,Active,2020-01-01,
GL-004389,514389,Production Cost 4389,Expense,Manufacturing,CC-00389,GL-000008,USD,Debit,Income Statement,Yes,TX0,Active,2020-01-01,
GL-004390,524390,Maintenance Expense 4390,Expense,Maintenance,CC-00390,GL-000009,USD,Debit,Income Statement,Yes,EXEMPT,Active,2020-01-01,
GL-004391,534391,Utilities Expense 4391,Expense,Utilities,CC-00391,GL-000010,USD,Debit,Income Statement,Yes,TX0,Active,2020-01-01,
GL-004392,544392,Quality Expense 4392,Expense,Quality,CC-00392,GL-000011,USD,Debit,Income Statement,Yes,TX5,Active,2020-01-01,
GL-004393,554393,Warehouse Expense 4393,Expense,Warehouse,CC-00393,GL-000012,USD,Debit,Income Statement,Yes,EXEMPT,Active,2020-01-01,
GL-004394,564394,Sales Expense 4394,Expense,Sales,CC-00394,GL-000013,USD,Debit,Income Statement,Yes,TX5,Active,2020-01-01,
GL-004395,574395,Administrative Expense 4395,Expense,Administration,CC-00395,GL-000014,USD,Debit,Income Statement,Yes,EXEMPT,Active,2020-01-01,
GL-004396,104396,Cash 4396,Asset,Current Asset,CC-00396,GL-000015,USD,Debit,Balance Sheet,Yes,TX0,Active,2020-01-01,
GL-004397,114397,Accounts Receivable 4397,Asset,Current Asset,CC-00397,GL-000001,USD,Debit,Balance Sheet,Yes,TX0,Active,2020-01-01,
GL-004398,124398,Inventory 4398,Asset,Current Asset,CC-00398,GL-000002,USD,Debit,Balance Sheet,Yes,TX0,Active,2020-01-01,
GL-004399,134399,Fixed Assets 4399,Asset,Non Current Asset,CC-00399,GL-000003,USD,Debit,Balance Sheet,Yes,TX5,Active,2020-01-01,
GL-004400,204400,Accounts Payable 4400,Liability,Current Liability,CC-00400,GL-000004,USD,Credit,Balance Sheet,Yes,EXEMPT,Active,2020-01-01,
GL-004401,304401,Equity 4401,Equity,Equity,CC-00401,GL-000005,USD,Credit,Balance Sheet,Yes,TX5,Active,2020-01-01,
GL-004402,404402,Sales Revenue 4402,Revenue,Operating Revenue,CC-00402,GL-000006,USD,Credit,Income Statement,Yes,TX14,Active,2020-01-01,
GL-004403,504403,Cost of Goods Sold 4403,Expense,COGS,CC-00403,GL-000007,USD,Debit,Income Statement,Yes,EXEMPT,Active,2020-01-01,
GL-004404,514404,Production Cost 4404,Expense,Manufacturing,CC-00404,GL-000008,USD,Debit,Income Statement,Yes,TX14,Active,2020-01-01,
GL-004405,524405,Maintenance Expense 4405,Expense,Maintenance,CC-00405,GL-000009,USD,Debit,Income Statement,Yes,TX14,Active,2020-01-01,
GL-004406,534406,Utilities Expense 4406,Expense,Utilities,CC-00406,GL-000010,USD,Debit,Income Statement,Yes,TX14,Active,2020-01-01,
GL-004407,544407,Quality Expense 4407,Expense,Quality,CC-00407,GL-000011,USD,Debit,Income Statement,Yes,EXEMPT,Active,2020-01-01,
GL-004408,554408,Warehouse Expense 4408,Expense,Warehouse,CC-00408,GL-000012,USD,Debit,Income Statement,Yes,TX14,Active,2020-01-01,
GL-004409,564409,Sales Expense 4409,Expense,Sales,CC-00409,GL-000013,USD,Debit,Income Statement,Yes,TX5,Active,2020-01-01,
GL-004410,574410,Administrative Expense 4410,Expense,Administration,CC-00410,GL-000014,USD,Debit,Income Statement,Yes,EXEMPT,Active,2020-01-01,
GL-004411,104411,Cash 4411,Asset,Current Asset,CC-00411,GL-000015,USD,Debit,Balance Sheet,Yes,TX5,Active,2020-01-01,
GL-004412,114412,Accounts Receivable 4412,Asset,Current Asset,CC-00412,GL-000001,USD,Debit,Balance Sheet,Yes,TX0,Active,2020-01-01,
GL-004413,124413,Inventory 4413,Asset,Current Asset,CC-00413,GL-000002,USD,Debit,Balance Sheet,Yes,TX14,Active,2020-01-01,
GL-004414,134414,Fixed Assets 4414,Asset,Non Current Asset,CC-00414,GL-000003,USD,Debit,Balance Sheet,Yes,TX14,Active,2020-01-01,
GL-004415,204415,Accounts Payable 4415,Liability,Current Liability,CC-00415,GL-000004,USD,Credit,Balance Sheet,Yes,TX0,Active,2020-01-01,
GL-004416,304416,Equity 4416,Equity,Equity,CC-00416,GL-000005,USD,Credit,Balance Sheet,Yes,TX5,Active,2020-01-01,
GL-004417,404417,Sales Revenue 4417,Revenue,Operating Revenue,CC-00417,GL-000006,USD,Credit,Income Statement,Yes,TX14,Active,2020-01-01,
GL-004418,504418,Cost of Goods Sold 4418,Expense,COGS,CC-00418,GL-000007,USD,Debit,Income Statement,Yes,TX14,Active,2020-01-01,
GL-004419,514419,Production Cost 4419,Expense,Manufacturing,CC-00419,GL-000008,USD,Debit,Income Statement,Yes,TX0,Active,2020-01-01,
GL-004420,524420,Maintenance Expense 4420,Expense,Maintenance,CC-00420,GL-000009,USD,Debit,Income Statement,Yes,TX5,Active,2020-01-01,
GL-004421,534421,Utilities Expense 4421,Expense,Utilities,CC-00421,GL-000010,USD,Debit,Income Statement,Yes,EXEMPT,Active,2020-01-01,
GL-004422,544422,Quality Expense 4422,Expense,Quality,CC-00422,GL-000011,USD,Debit,Income Statement,Yes,EXEMPT,Active,2020-01-01,
GL-004423,554423,Warehouse Expense 4423,Expense,Warehouse,CC-00423,GL-000012,USD,Debit,Income Statement,Yes,TX5,Active,2020-01-01,
GL-004424,564424,Sales Expense 4424,Expense,Sales,CC-00424,GL-000013,USD,Debit,Income Statement,Yes,TX14,Active,2020-01-01,
GL-004425,574425,Administrative Expense 4425,Expense,Administration,CC-00425,GL-000014,USD,Debit,Income Statement,Yes,EXEMPT,Active,2020-01-01,
GL-004426,104426,Cash 4426,Asset,Current Asset,CC-00426,GL-000015,USD,Debit,Balance Sheet,Yes,TX5,Active,2020-01-01,
GL-004427,114427,Accounts Receivable 4427,Asset,Current Asset,CC-00427,GL-000001,USD,Debit,Balance Sheet,Yes,TX0,Active,2020-01-01,
GL-004428,124428,Inventory 4428,Asset,Current Asset,CC-00428,GL-000002,USD,Debit,Balance Sheet,Yes,TX0,Active,2020-01-01,
GL-004429,134429,Fixed Assets 4429,Asset,Non Current Asset,CC-00429,GL-000003,USD,Debit,Balance Sheet,Yes,EXEMPT,Active,2020-01-01,
GL-004430,204430,Accounts Payable 4430,Liability,Current Liability,CC-00430,GL-000004,USD,Credit,Balance Sheet,Yes,EXEMPT,Active,2020-01-01,
GL-004431,304431,Equity 4431,Equity,Equity,CC-00431,GL-000005,USD,Credit,Balance Sheet,Yes,EXEMPT,Active,2020-01-01,
GL-004432,404432,Sales Revenue 4432,Revenue,Operating Revenue,CC-00432,GL-000006,USD,Credit,Income Statement,Yes,TX0,Active,2020-01-01,
GL-004433,504433,Cost of Goods Sold 4433,Expense,COGS,CC-00433,GL-000007,USD,Debit,Income Statement,Yes,TX5,Active,2020-01-01,
GL-004434,514434,Production Cost 4434,Expense,Manufacturing,CC-00434,GL-000008,USD,Debit,Income Statement,Yes,TX5,Active,2020-01-01,
GL-004435,524435,Maintenance Expense 4435,Expense,Maintenance,CC-00435,GL-000009,USD,Debit,Income Statement,Yes,EXEMPT,Active,2020-01-01,
GL-004436,534436,Utilities Expense 4436,Expense,Utilities,CC-00436,GL-000010,USD,Debit,Income Statement,Yes,TX0,Active,2020-01-01,
GL-004437,544437,Quality Expense 4437,Expense,Quality,CC-00437,GL-000011,USD,Debit,Income Statement,Yes,TX5,Active,2020-01-01,
GL-004438,554438,Warehouse Expense 4438,Expense,Warehouse,CC-00438,GL-000012,USD,Debit,Income Statement,Yes,TX0,Active,2020-01-01,
GL-004439,564439,Sales Expense 4439,Expense,Sales,CC-00439,GL-000013,USD,Debit,Income Statement,Yes,TX5,Active,2020-01-01,
GL-004440,574440,Administrative Expense 4440,Expense,Administration,CC-00440,GL-000014,USD,Debit,Income Statement,Yes,TX14,Active,2020-01-01,
GL-004441,104441,Cash 4441,Asset,Current Asset,CC-00441,GL-000015,USD,Debit,Balance Sheet,Yes,TX0,Active,2020-01-01,
GL-004442,114442,Accounts Receivable 4442,Asset,Current Asset,CC-00442,GL-000001,USD,Debit,Balance Sheet,Yes,TX14,Active,2020-01-01,
GL-004443,124443,Inventory 4443,Asset,Current Asset,CC-00443,GL-000002,USD,Debit,Balance Sheet,Yes,EXEMPT,Active,2020-01-01,
GL-004444,134444,Fixed Assets 4444,Asset,Non Current Asset,CC-00444,GL-000003,USD,Debit,Balance Sheet,Yes,TX14,Active,2020-01-01,
GL-004445,204445,Accounts Payable 4445,Liability,Current Liability,CC-00445,GL-000004,USD,Credit,Balance Sheet,Yes,TX0,Active,2020-01-01,
GL-004446,304446,Equity 4446,Equity,Equity,CC-00446,GL-000005,USD,Credit,Balance Sheet,Yes,TX14,Active,2020-01-01,
GL-004447,404447,Sales Revenue 4447,Revenue,Operating Revenue,CC-00447,GL-000006,USD,Credit,Income Statement,Yes,TX14,Active,2020-01-01,
GL-004448,504448,Cost of Goods Sold 4448,Expense,COGS,CC-00448,GL-000007,USD,Debit,Income Statement,Yes,TX14,Active,2020-01-01,
GL-004449,514449,Production Cost 4449,Expense,Manufacturing,CC-00449,GL-000008,USD,Debit,Income Statement,Yes,TX0,Active,2020-01-01,
GL-004450,524450,Maintenance Expense 4450,Expense,Maintenance,CC-00450,GL-000009,USD,Debit,Income Statement,Yes,EXEMPT,Active,2020-01-01,
GL-004451,534451,Utilities Expense 4451,Expense,Utilities,CC-00451,GL-000010,USD,Debit,Income Statement,Yes,TX0,Active,2020-01-01,
GL-004452,544452,Quality Expense 4452,Expense,Quality,CC-00452,GL-000011,USD,Debit,Income Statement,Yes,TX14,Active,2020-01-01,
GL-004453,554453,Warehouse Expense 4453,Expense,Warehouse,CC-00453,GL-000012,USD,Debit,Income Statement,Yes,TX5,Active,2020-01-01,
GL-004454,564454,Sales Expense 4454,Expense,Sales,CC-00454,GL-000013,USD,Debit,Income Statement,Yes,TX0,Active,2020-01-01,
GL-004455,574455,Administrative Expense 4455,Expense,Administration,CC-00455,GL-000014,USD,Debit,Income Statement,Yes,TX14,Active,2020-01-01,
GL-004456,104456,Cash 4456,Asset,Current Asset,CC-00456,GL-000015,USD,Debit,Balance Sheet,Yes,TX5,Active,2020-01-01,
GL-004457,114457,Accounts Receivable 4457,Asset,Current Asset,CC-00457,GL-000001,USD,Debit,Balance Sheet,Yes,TX5,Active,2020-01-01,
GL-004458,124458,Inventory 4458,Asset,Current Asset,CC-00458,GL-000002,USD,Debit,Balance Sheet,Yes,TX14,Active,2020-01-01,
GL-004459,134459,Fixed Assets 4459,Asset,Non Current Asset,CC-00459,GL-000003,USD,Debit,Balance Sheet,Yes,TX0,Active,2020-01-01,
GL-004460,204460,Accounts Payable 4460,Liability,Current Liability,CC-00460,GL-000004,USD,Credit,Balance Sheet,Yes,TX5,Active,2020-01-01,
GL-004461,304461,Equity 4461,Equity,Equity,CC-00461,GL-000005,USD,Credit,Balance Sheet,Yes,TX14,Active,2020-01-01,
GL-004462,404462,Sales Revenue 4462,Revenue,Operating Revenue,CC-00462,GL-000006,USD,Credit,Income Statement,Yes,EXEMPT,Active,2020-01-01,
GL-004463,504463,Cost of Goods Sold 4463,Expense,COGS,CC-00463,GL-000007,USD,Debit,Income Statement,Yes,EXEMPT,Active,2020-01-01,
GL-004464,514464,Production Cost 4464,Expense,Manufacturing,CC-00464,GL-000008,USD,Debit,Income Statement,Yes,EXEMPT,Active,2020-01-01,
GL-004465,524465,Maintenance Expense 4465,Expense,Maintenance,CC-00465,GL-000009,USD,Debit,Income Statement,Yes,TX14,Active,2020-01-01,
GL-004466,534466,Utilities Expense 4466,Expense,Utilities,CC-00466,GL-000010,USD,Debit,Income Statement,Yes,EXEMPT,Active,2020-01-01,
GL-004467,544467,Quality Expense 4467,Expense,Quality,CC-00467,GL-000011,USD,Debit,Income Statement,Yes,TX0,Active,2020-01-01,
GL-004468,554468,Warehouse Expense 4468,Expense,Warehouse,CC-00468,GL-000012,USD,Debit,Income Statement,Yes,TX14,Active,2020-01-01,
GL-004469,564469,Sales Expense 4469,Expense,Sales,CC-00469,GL-000013,USD,Debit,Income Statement,Yes,TX5,Active,2020-01-01,
GL-004470,574470,Administrative Expense 4470,Expense,Administration,CC-00470,GL-000014,USD,Debit,Income Statement,Yes,TX0,Active,2020-01-01,
GL-004471,104471,Cash 4471,Asset,Current Asset,CC-00471,GL-000015,USD,Debit,Balance Sheet,Yes,TX0,Active,2020-01-01,
GL-004472,114472,Accounts Receivable 4472,Asset,Current Asset,CC-00472,GL-000001,USD,Debit,Balance Sheet,Yes,EXEMPT,Active,2020-01-01,
GL-004473,124473,Inventory 4473,Asset,Current Asset,CC-00473,GL-000002,USD,Debit,Balance Sheet,Yes,TX5,Active,2020-01-01,
GL-004474,134474,Fixed Assets 4474,Asset,Non Current Asset,CC-00474,GL-000003,USD,Debit,Balance Sheet,Yes,TX14,Active,2020-01-01,
GL-004475,204475,Accounts Payable 4475,Liability,Current Liability,CC-00475,GL-000004,USD,Credit,Balance Sheet,Yes,EXEMPT,Active,2020-01-01,
GL-004476,304476,Equity 4476,Equity,Equity,CC-00476,GL-000005,USD,Credit,Balance Sheet,Yes,TX14,Active,2020-01-01,
GL-004477,404477,Sales Revenue 4477,Revenue,Operating Revenue,CC-00477,GL-000006,USD,Credit,Income Statement,Yes,TX14,Active,2020-01-01,
GL-004478,504478,Cost of Goods Sold 4478,Expense,COGS,CC-00478,GL-000007,USD,Debit,Income Statement,Yes,TX5,Active,2020-01-01,
GL-004479,514479,Production Cost 4479,Expense,Manufacturing,CC-00479,GL-000008,USD,Debit,Income Statement,Yes,EXEMPT,Active,2020-01-01,
GL-004480,524480,Maintenance Expense 4480,Expense,Maintenance,CC-00480,GL-000009,USD,Debit,Income Statement,Yes,TX0,Active,2020-01-01,
GL-004481,534481,Utilities Expense 4481,Expense,Utilities,CC-00481,GL-000010,USD,Debit,Income Statement,Yes,TX14,Active,2020-01-01,
GL-004482,544482,Quality Expense 4482,Expense,Quality,CC-00482,GL-000011,USD,Debit,Income Statement,Yes,TX14,Active,2020-01-01,
GL-004483,554483,Warehouse Expense 4483,Expense,Warehouse,CC-00483,GL-000012,USD,Debit,Income Statement,Yes,TX0,Active,2020-01-01,
GL-004484,564484,Sales Expense 4484,Expense,Sales,CC-00484,GL-000013,USD,Debit,Income Statement,Yes,EXEMPT,Active,2020-01-01,
GL-004485,574485,Administrative Expense 4485,Expense,Administration,CC-00485,GL-000014,USD,Debit,Income Statement,Yes,TX5,Active,2020-01-01,
GL-004486,104486,Cash 4486,Asset,Current Asset,CC-00486,GL-000015,USD,Debit,Balance Sheet,Yes,TX5,Active,2020-01-01,
GL-004487,114487,Accounts Receivable 4487,Asset,Current Asset,CC-00487,GL-000001,USD,Debit,Balance Sheet,Yes,TX0,Active,2020-01-01,
GL-004488,124488,Inventory 4488,Asset,Current Asset,CC-00488,GL-000002,USD,Debit,Balance Sheet,Yes,EXEMPT,Active,2020-01-01,
GL-004489,134489,Fixed Assets 4489,Asset,Non Current Asset,CC-00489,GL-000003,USD,Debit,Balance Sheet,Yes,TX14,Active,2020-01-01,
GL-004490,204490,Accounts Payable 4490,Liability,Current Liability,CC-00490,GL-000004,USD,Credit,Balance Sheet,Yes,EXEMPT,Active,2020-01-01,
GL-004491,304491,Equity 4491,Equity,Equity,CC-00491,GL-000005,USD,Credit,Balance Sheet,Yes,TX14,Active,2020-01-01,
GL-004492,404492,Sales Revenue 4492,Revenue,Operating Revenue,CC-00492,GL-000006,USD,Credit,Income Statement,Yes,TX5,Active,2020-01-01,
GL-004493,504493,Cost of Goods Sold 4493,Expense,COGS,CC-00493,GL-000007,USD,Debit,Income Statement,Yes,TX14,Active,2020-01-01,
GL-004494,514494,Production Cost 4494,Expense,Manufacturing,CC-00494,GL-000008,USD,Debit,Income Statement,Yes,EXEMPT,Active,2020-01-01,
GL-004495,524495,Maintenance Expense 4495,Expense,Maintenance,CC-00495,GL-000009,USD,Debit,Income Statement,Yes,TX0,Active,2020-01-01,
GL-004496,534496,Utilities Expense 4496,Expense,Utilities,CC-00496,GL-000010,USD,Debit,Income Statement,Yes,EXEMPT,Active,2020-01-01,
GL-004497,544497,Quality Expense 4497,Expense,Quality,CC-00497,GL-000011,USD,Debit,Income Statement,Yes,TX0,Active,2020-01-01,
GL-004498,554498,Warehouse Expense 4498,Expense,Warehouse,CC-00498,GL-000012,USD,Debit,Income Statement,Yes,EXEMPT,Active,2020-01-01,
GL-004499,564499,Sales Expense 4499,Expense,Sales,CC-00499,GL-000013,USD,Debit,Income Statement,Yes,EXEMPT,Active,2020-01-01,
GL-004500,574500,Administrative Expense 4500,Expense,Administration,CC-00500,GL-000014,USD,Debit,Income Statement,Yes,TX14,Active,2020-01-01,
GL-004501,104501,Cash 4501,Asset,Current Asset,CC-00501,GL-000015,USD,Debit,Balance Sheet,Yes,TX5,Active,2020-01-01,
GL-004502,114502,Accounts Receivable 4502,Asset,Current Asset,CC-00502,GL-000001,USD,Debit,Balance Sheet,Yes,EXEMPT,Active,2020-01-01,
GL-004503,124503,Inventory 4503,Asset,Current Asset,CC-00503,GL-000002,USD,Debit,Balance Sheet,Yes,TX0,Active,2020-01-01,
GL-004504,134504,Fixed Assets 4504,Asset,Non Current Asset,CC-00504,GL-000003,USD,Debit,Balance Sheet,Yes,TX0,Active,2020-01-01,
GL-004505,204505,Accounts Payable 4505,Liability,Current Liability,CC-00505,GL-000004,USD,Credit,Balance Sheet,Yes,TX0,Active,2020-01-01,
GL-004506,304506,Equity 4506,Equity,Equity,CC-00506,GL-000005,USD,Credit,Balance Sheet,Yes,TX5,Active,2020-01-01,
GL-004507,404507,Sales Revenue 4507,Revenue,Operating Revenue,CC-00507,GL-000006,USD,Credit,Income Statement,Yes,TX0,Active,2020-01-01,
GL-004508,504508,Cost of Goods Sold 4508,Expense,COGS,CC-00508,GL-000007,USD,Debit,Income Statement,Yes,TX5,Active,2020-01-01,
GL-004509,514509,Production Cost 4509,Expense,Manufacturing,CC-00509,GL-000008,USD,Debit,Income Statement,Yes,TX14,Active,2020-01-01,
GL-004510,524510,Maintenance Expense 4510,Expense,Maintenance,CC-00510,GL-000009,USD,Debit,Income Statement,Yes,TX0,Active,2020-01-01,
GL-004511,534511,Utilities Expense 4511,Expense,Utilities,CC-00511,GL-000010,USD,Debit,Income Statement,Yes,TX14,Active,2020-01-01,
GL-004512,544512,Quality Expense 4512,Expense,Quality,CC-00512,GL-000011,USD,Debit,Income Statement,Yes,TX5,Active,2020-01-01,
GL-004513,554513,Warehouse Expense 4513,Expense,Warehouse,CC-00513,GL-000012,USD,Debit,Income Statement,Yes,TX14,Active,2020-01-01,
GL-004514,564514,Sales Expense 4514,Expense,Sales,CC-00514,GL-000013,USD,Debit,Income Statement,Yes,TX14,Active,2020-01-01,
GL-004515,574515,Administrative Expense 4515,Expense,Administration,CC-00515,GL-000014,USD,Debit,Income Statement,Yes,TX14,Active,2020-01-01,
GL-004516,104516,Cash 4516,Asset,Current Asset,CC-00516,GL-000015,USD,Debit,Balance Sheet,Yes,TX0,Active,2020-01-01,
GL-004517,114517,Accounts Receivable 4517,Asset,Current Asset,CC-00517,GL-000001,USD,Debit,Balance Sheet,Yes,TX0,Active,2020-01-01,
GL-004518,124518,Inventory 4518,Asset,Current Asset,CC-00518,GL-000002,USD,Debit,Balance Sheet,Yes,TX0,Active,2020-01-01,
GL-004519,134519,Fixed Assets 4519,Asset,Non Current Asset,CC-00519,GL-000003,USD,Debit,Balance Sheet,Yes,EXEMPT,Active,2020-01-01,
GL-004520,204520,Accounts Payable 4520,Liability,Current Liability,CC-00520,GL-000004,USD,Credit,Balance Sheet,Yes,TX5,Active,2020-01-01,
GL-004521,304521,Equity 4521,Equity,Equity,CC-00521,GL-000005,USD,Credit,Balance Sheet,Yes,TX0,Active,2020-01-01,
GL-004522,404522,Sales Revenue 4522,Revenue,Operating Revenue,CC-00522,GL-000006,USD,Credit,Income Statement,Yes,TX14,Active,2020-01-01,
GL-004523,504523,Cost of Goods Sold 4523,Expense,COGS,CC-00523,GL-000007,USD,Debit,Income Statement,Yes,TX14,Active,2020-01-01,
GL-004524,514524,Production Cost 4524,Expense,Manufacturing,CC-00524,GL-000008,USD,Debit,Income Statement,Yes,TX0,Active,2020-01-01,
GL-004525,524525,Maintenance Expense 4525,Expense,Maintenance,CC-00525,GL-000009,USD,Debit,Income Statement,Yes,TX5,Active,2020-01-01,
GL-004526,534526,Utilities Expense 4526,Expense,Utilities,CC-00526,GL-000010,USD,Debit,Income Statement,Yes,TX0,Active,2020-01-01,
GL-004527,544527,Quality Expense 4527,Expense,Quality,CC-00527,GL-000011,USD,Debit,Income Statement,Yes,TX5,Active,2020-01-01,
GL-004528,554528,Warehouse Expense 4528,Expense,Warehouse,CC-00528,GL-000012,USD,Debit,Income Statement,Yes,EXEMPT,Active,2020-01-01,
GL-004529,564529,Sales Expense 4529,Expense,Sales,CC-00529,GL-000013,USD,Debit,Income Statement,Yes,TX0,Active,2020-01-01,
GL-004530,574530,Administrative Expense 4530,Expense,Administration,CC-00530,GL-000014,USD,Debit,Income Statement,Yes,EXEMPT,Active,2020-01-01,
GL-004531,104531,Cash 4531,Asset,Current Asset,CC-00531,GL-000015,USD,Debit,Balance Sheet,Yes,EXEMPT,Active,2020-01-01,
GL-004532,114532,Accounts Receivable 4532,Asset,Current Asset,CC-00532,GL-000001,USD,Debit,Balance Sheet,Yes,EXEMPT,Active,2020-01-01,
GL-004533,124533,Inventory 4533,Asset,Current Asset,CC-00533,GL-000002,USD,Debit,Balance Sheet,Yes,TX5,Active,2020-01-01,
GL-004534,134534,Fixed Assets 4534,Asset,Non Current Asset,CC-00534,GL-000003,USD,Debit,Balance Sheet,Yes,EXEMPT,Active,2020-01-01,
GL-004535,204535,Accounts Payable 4535,Liability,Current Liability,CC-00535,GL-000004,USD,Credit,Balance Sheet,Yes,TX5,Active,2020-01-01,
GL-004536,304536,Equity 4536,Equity,Equity,CC-00536,GL-000005,USD,Credit,Balance Sheet,Yes,EXEMPT,Active,2020-01-01,
GL-004537,404537,Sales Revenue 4537,Revenue,Operating Revenue,CC-00537,GL-000006,USD,Credit,Income Statement,Yes,TX14,Active,2020-01-01,
GL-004538,504538,Cost of Goods Sold 4538,Expense,COGS,CC-00538,GL-000007,USD,Debit,Income Statement,Yes,TX5,Active,2020-01-01,
GL-004539,514539,Production Cost 4539,Expense,Manufacturing,CC-00539,GL-000008,USD,Debit,Income Statement,Yes,TX0,Active,2020-01-01,
GL-004540,524540,Maintenance Expense 4540,Expense,Maintenance,CC-00540,GL-000009,USD,Debit,Income Statement,Yes,EXEMPT,Active,2020-01-01,
GL-004541,534541,Utilities Expense 4541,Expense,Utilities,CC-00541,GL-000010,USD,Debit,Income Statement,Yes,TX0,Active,2020-01-01,
GL-004542,544542,Quality Expense 4542,Expense,Quality,CC-00542,GL-000011,USD,Debit,Income Statement,Yes,TX0,Active,2020-01-01,
GL-004543,554543,Warehouse Expense 4543,Expense,Warehouse,CC-00543,GL-000012,USD,Debit,Income Statement,Yes,TX5,Active,2020-01-01,
GL-004544,564544,Sales Expense 4544,Expense,Sales,CC-00544,GL-000013,USD,Debit,Income Statement,Yes,TX14,Active,2020-01-01,
GL-004545,574545,Administrative Expense 4545,Expense,Administration,CC-00545,GL-000014,USD,Debit,Income Statement,Yes,EXEMPT,Active,2020-01-01,
GL-004546,104546,Cash 4546,Asset,Current Asset,CC-00546,GL-000015,USD,Debit,Balance Sheet,Yes,EXEMPT,Active,2020-01-01,
GL-004547,114547,Accounts Receivable 4547,Asset,Current Asset,CC-00547,GL-000001,USD,Debit,Balance Sheet,Yes,TX14,Active,2020-01-01,
GL-004548,124548,Inventory 4548,Asset,Current Asset,CC-00548,GL-000002,USD,Debit,Balance Sheet,Yes,TX14,Active,2020-01-01,
GL-004549,134549,Fixed Assets 4549,Asset,Non Current Asset,CC-00549,GL-000003,USD,Debit,Balance Sheet,Yes,TX0,Active,2020-01-01,
GL-004550,204550,Accounts Payable 4550,Liability,Current Liability,CC-00550,GL-000004,USD,Credit,Balance Sheet,Yes,EXEMPT,Active,2020-01-01,
GL-004551,304551,Equity 4551,Equity,Equity,CC-00551,GL-000005,USD,Credit,Balance Sheet,Yes,EXEMPT,Active,2020-01-01,
GL-004552,404552,Sales Revenue 4552,Revenue,Operating Revenue,CC-00552,GL-000006,USD,Credit,Income Statement,Yes,EXEMPT,Active,2020-01-01,
GL-004553,504553,Cost of Goods Sold 4553,Expense,COGS,CC-00553,GL-000007,USD,Debit,Income Statement,Yes,TX5,Active,2020-01-01,
GL-004554,514554,Production Cost 4554,Expense,Manufacturing,CC-00554,GL-000008,USD,Debit,Income Statement,Yes,EXEMPT,Active,2020-01-01,
GL-004555,524555,Maintenance Expense 4555,Expense,Maintenance,CC-00555,GL-000009,USD,Debit,Income Statement,Yes,TX0,Active,2020-01-01,
GL-004556,534556,Utilities Expense 4556,Expense,Utilities,CC-00556,GL-000010,USD,Debit,Income Statement,Yes,EXEMPT,Active,2020-01-01,
GL-004557,544557,Quality Expense 4557,Expense,Quality,CC-00557,GL-000011,USD,Debit,Income Statement,Yes,TX0,Active,2020-01-01,
GL-004558,554558,Warehouse Expense 4558,Expense,Warehouse,CC-00558,GL-000012,USD,Debit,Income Statement,Yes,TX14,Active,2020-01-01,
GL-004559,564559,Sales Expense 4559,Expense,Sales,CC-00559,GL-000013,USD,Debit,Income Statement,Yes,EXEMPT,Active,2020-01-01,
GL-004560,574560,Administrative Expense 4560,Expense,Administration,CC-00560,GL-000014,USD,Debit,Income Statement,Yes,TX0,Active,2020-01-01,
GL-004561,104561,Cash 4561,Asset,Current Asset,CC-00561,GL-000015,USD,Debit,Balance Sheet,Yes,EXEMPT,Active,2020-01-01,
GL-004562,114562,Accounts Receivable 4562,Asset,Current Asset,CC-00562,GL-000001,USD,Debit,Balance Sheet,Yes,TX5,Active,2020-01-01,
GL-004563,124563,Inventory 4563,Asset,Current Asset,CC-00563,GL-000002,USD,Debit,Balance Sheet,Yes,EXEMPT,Active,2020-01-01,
GL-004564,134564,Fixed Assets 4564,Asset,Non Current Asset,CC-00564,GL-000003,USD,Debit,Balance Sheet,Yes,EXEMPT,Active,2020-01-01,
GL-004565,204565,Accounts Payable 4565,Liability,Current Liability,CC-00565,GL-000004,USD,Credit,Balance Sheet,Yes,TX14,Active,2020-01-01,
GL-004566,304566,Equity 4566,Equity,Equity,CC-00566,GL-000005,USD,Credit,Balance Sheet,Yes,TX5,Active,2020-01-01,
GL-004567,404567,Sales Revenue 4567,Revenue,Operating Revenue,CC-00567,GL-000006,USD,Credit,Income Statement,Yes,TX14,Active,2020-01-01,
GL-004568,504568,Cost of Goods Sold 4568,Expense,COGS,CC-00568,GL-000007,USD,Debit,Income Statement,Yes,TX0,Active,2020-01-01,
GL-004569,514569,Production Cost 4569,Expense,Manufacturing,CC-00569,GL-000008,USD,Debit,Income Statement,Yes,TX14,Active,2020-01-01,
GL-004570,524570,Maintenance Expense 4570,Expense,Maintenance,CC-00570,GL-000009,USD,Debit,Income Statement,Yes,EXEMPT,Active,2020-01-01,
GL-004571,534571,Utilities Expense 4571,Expense,Utilities,CC-00571,GL-000010,USD,Debit,Income Statement,Yes,TX14,Active,2020-01-01,
GL-004572,544572,Quality Expense 4572,Expense,Quality,CC-00572,GL-000011,USD,Debit,Income Statement,Yes,TX14,Active,2020-01-01,
GL-004573,554573,Warehouse Expense 4573,Expense,Warehouse,CC-00573,GL-000012,USD,Debit,Income Statement,Yes,TX14,Active,2020-01-01,
GL-004574,564574,Sales Expense 4574,Expense,Sales,CC-00574,GL-000013,USD,Debit,Income Statement,Yes,EXEMPT,Active,2020-01-01,
GL-004575,574575,Administrative Expense 4575,Expense,Administration,CC-00575,GL-000014,USD,Debit,Income Statement,Yes,TX0,Active,2020-01-01,
GL-004576,104576,Cash 4576,Asset,Current Asset,CC-00576,GL-000015,USD,Debit,Balance Sheet,Yes,TX5,Active,2020-01-01,
GL-004577,114577,Accounts Receivable 4577,Asset,Current Asset,CC-00577,GL-000001,USD,Debit,Balance Sheet,Yes,TX14,Active,2020-01-01,
GL-004578,124578,Inventory 4578,Asset,Current Asset,CC-00578,GL-000002,USD,Debit,Balance Sheet,Yes,TX14,Active,2020-01-01,
GL-004579,134579,Fixed Assets 4579,Asset,Non Current Asset,CC-00579,GL-000003,USD,Debit,Balance Sheet,Yes,TX0,Active,2020-01-01,
GL-004580,204580,Accounts Payable 4580,Liability,Current Liability,CC-00580,GL-000004,USD,Credit,Balance Sheet,Yes,TX14,Active,2020-01-01,
GL-004581,304581,Equity 4581,Equity,Equity,CC-00581,GL-000005,USD,Credit,Balance Sheet,Yes,TX14,Active,2020-01-01,
GL-004582,404582,Sales Revenue 4582,Revenue,Operating Revenue,CC-00582,GL-000006,USD,Credit,Income Statement,Yes,TX0,Active,2020-01-01,
GL-004583,504583,Cost of Goods Sold 4583,Expense,COGS,CC-00583,GL-000007,USD,Debit,Income Statement,Yes,TX5,Active,2020-01-01,
GL-004584,514584,Production Cost 4584,Expense,Manufacturing,CC-00584,GL-000008,USD,Debit,Income Statement,Yes,TX5,Active,2020-01-01,
GL-004585,524585,Maintenance Expense 4585,Expense,Maintenance,CC-00585,GL-000009,USD,Debit,Income Statement,Yes,TX14,Active,2020-01-01,
GL-004586,534586,Utilities Expense 4586,Expense,Utilities,CC-00586,GL-000010,USD,Debit,Income Statement,Yes,TX0,Active,2020-01-01,
GL-004587,544587,Quality Expense 4587,Expense,Quality,CC-00587,GL-000011,USD,Debit,Income Statement,Yes,TX14,Active,2020-01-01,
GL-004588,554588,Warehouse Expense 4588,Expense,Warehouse,CC-00588,GL-000012,USD,Debit,Income Statement,Yes,TX5,Active,2020-01-01,
GL-004589,564589,Sales Expense 4589,Expense,Sales,CC-00589,GL-000013,USD,Debit,Income Statement,Yes,TX0,Active,2020-01-01,
GL-004590,574590,Administrative Expense 4590,Expense,Administration,CC-00590,GL-000014,USD,Debit,Income Statement,Yes,EXEMPT,Active,2020-01-01,
GL-004591,104591,Cash 4591,Asset,Current Asset,CC-00591,GL-000015,USD,Debit,Balance Sheet,Yes,TX14,Active,2020-01-01,
GL-004592,114592,Accounts Receivable 4592,Asset,Current Asset,CC-00592,GL-000001,USD,Debit,Balance Sheet,Yes,EXEMPT,Active,2020-01-01,
GL-004593,124593,Inventory 4593,Asset,Current Asset,CC-00593,GL-000002,USD,Debit,Balance Sheet,Yes,EXEMPT,Active,2020-01-01,
GL-004594,134594,Fixed Assets 4594,Asset,Non Current Asset,CC-00594,GL-000003,USD,Debit,Balance Sheet,Yes,TX5,Active,2020-01-01,
GL-004595,204595,Accounts Payable 4595,Liability,Current Liability,CC-00595,GL-000004,USD,Credit,Balance Sheet,Yes,TX5,Active,2020-01-01,
GL-004596,304596,Equity 4596,Equity,Equity,CC-00596,GL-000005,USD,Credit,Balance Sheet,Yes,TX5,Active,2020-01-01,
GL-004597,404597,Sales Revenue 4597,Revenue,Operating Revenue,CC-00597,GL-000006,USD,Credit,Income Statement,Yes,TX0,Active,2020-01-01,
GL-004598,504598,Cost of Goods Sold 4598,Expense,COGS,CC-00598,GL-000007,USD,Debit,Income Statement,Yes,EXEMPT,Active,2020-01-01,
GL-004599,514599,Production Cost 4599,Expense,Manufacturing,CC-00599,GL-000008,USD,Debit,Income Statement,Yes,EXEMPT,Active,2020-01-01,
GL-004600,524600,Maintenance Expense 4600,Expense,Maintenance,CC-00600,GL-000009,USD,Debit,Income Statement,Yes,TX0,Active,2020-01-01,
GL-004601,534601,Utilities Expense 4601,Expense,Utilities,CC-00601,GL-000010,USD,Debit,Income Statement,Yes,EXEMPT,Active,2020-01-01,
GL-004602,544602,Quality Expense 4602,Expense,Quality,CC-00602,GL-000011,USD,Debit,Income Statement,Yes,TX5,Active,2020-01-01,
GL-004603,554603,Warehouse Expense 4603,Expense,Warehouse,CC-00603,GL-000012,USD,Debit,Income Statement,Yes,TX5,Active,2020-01-01,
GL-004604,564604,Sales Expense 4604,Expense,Sales,CC-00604,GL-000013,USD,Debit,Income Statement,Yes,EXEMPT,Active,2020-01-01,
GL-004605,574605,Administrative Expense 4605,Expense,Administration,CC-00605,GL-000014,USD,Debit,Income Statement,Yes,TX5,Active,2020-01-01,
GL-004606,104606,Cash 4606,Asset,Current Asset,CC-00606,GL-000015,USD,Debit,Balance Sheet,Yes,TX14,Active,2020-01-01,
GL-004607,114607,Accounts Receivable 4607,Asset,Current Asset,CC-00607,GL-000001,USD,Debit,Balance Sheet,Yes,TX14,Active,2020-01-01,
GL-004608,124608,Inventory 4608,Asset,Current Asset,CC-00608,GL-000002,USD,Debit,Balance Sheet,Yes,TX0,Active,2020-01-01,
GL-004609,134609,Fixed Assets 4609,Asset,Non Current Asset,CC-00609,GL-000003,USD,Debit,Balance Sheet,Yes,TX5,Active,2020-01-01,
GL-004610,204610,Accounts Payable 4610,Liability,Current Liability,CC-00610,GL-000004,USD,Credit,Balance Sheet,Yes,TX14,Active,2020-01-01,
GL-004611,304611,Equity 4611,Equity,Equity,CC-00611,GL-000005,USD,Credit,Balance Sheet,Yes,EXEMPT,Active,2020-01-01,
GL-004612,404612,Sales Revenue 4612,Revenue,Operating Revenue,CC-00612,GL-000006,USD,Credit,Income Statement,Yes,TX5,Active,2020-01-01,
GL-004613,504613,Cost of Goods Sold 4613,Expense,COGS,CC-00613,GL-000007,USD,Debit,Income Statement,Yes,TX5,Active,2020-01-01,
GL-004614,514614,Production Cost 4614,Expense,Manufacturing,CC-00614,GL-000008,USD,Debit,Income Statement,Yes,EXEMPT,Active,2020-01-01,
GL-004615,524615,Maintenance Expense 4615,Expense,Maintenance,CC-00615,GL-000009,USD,Debit,Income Statement,Yes,TX5,Active,2020-01-01,
GL-004616,534616,Utilities Expense 4616,Expense,Utilities,CC-00616,GL-000010,USD,Debit,Income Statement,Yes,TX5,Active,2020-01-01,
GL-004617,544617,Quality Expense 4617,Expense,Quality,CC-00617,GL-000011,USD,Debit,Income Statement,Yes,TX14,Active,2020-01-01,
GL-004618,554618,Warehouse Expense 4618,Expense,Warehouse,CC-00618,GL-000012,USD,Debit,Income Statement,Yes,TX0,Active,2020-01-01,
GL-004619,564619,Sales Expense 4619,Expense,Sales,CC-00619,GL-000013,USD,Debit,Income Statement,Yes,TX0,Active,2020-01-01,
GL-004620,574620,Administrative Expense 4620,Expense,Administration,CC-00620,GL-000014,USD,Debit,Income Statement,Yes,EXEMPT,Active,2020-01-01,
GL-004621,104621,Cash 4621,Asset,Current Asset,CC-00621,GL-000015,USD,Debit,Balance Sheet,Yes,EXEMPT,Active,2020-01-01,
GL-004622,114622,Accounts Receivable 4622,Asset,Current Asset,CC-00622,GL-000001,USD,Debit,Balance Sheet,Yes,TX5,Active,2020-01-01,
GL-004623,124623,Inventory 4623,Asset,Current Asset,CC-00623,GL-000002,USD,Debit,Balance Sheet,Yes,TX0,Active,2020-01-01,
GL-004624,134624,Fixed Assets 4624,Asset,Non Current Asset,CC-00624,GL-000003,USD,Debit,Balance Sheet,Yes,TX0,Active,2020-01-01,
GL-004625,204625,Accounts Payable 4625,Liability,Current Liability,CC-00625,GL-000004,USD,Credit,Balance Sheet,Yes,EXEMPT,Active,2020-01-01,
GL-004626,304626,Equity 4626,Equity,Equity,CC-00626,GL-000005,USD,Credit,Balance Sheet,Yes,TX5,Active,2020-01-01,
GL-004627,404627,Sales Revenue 4627,Revenue,Operating Revenue,CC-00627,GL-000006,USD,Credit,Income Statement,Yes,TX14,Active,2020-01-01,
GL-004628,504628,Cost of Goods Sold 4628,Expense,COGS,CC-00628,GL-000007,USD,Debit,Income Statement,Yes,TX14,Active,2020-01-01,
GL-004629,514629,Production Cost 4629,Expense,Manufacturing,CC-00629,GL-000008,USD,Debit,Income Statement,Yes,EXEMPT,Active,2020-01-01,
GL-004630,524630,Maintenance Expense 4630,Expense,Maintenance,CC-00630,GL-000009,USD,Debit,Income Statement,Yes,TX0,Active,2020-01-01,
GL-004631,534631,Utilities Expense 4631,Expense,Utilities,CC-00631,GL-000010,USD,Debit,Income Statement,Yes,TX0,Active,2020-01-01,
GL-004632,544632,Quality Expense 4632,Expense,Quality,CC-00632,GL-000011,USD,Debit,Income Statement,Yes,TX14,Active,2020-01-01,
GL-004633,554633,Warehouse Expense 4633,Expense,Warehouse,CC-00633,GL-000012,USD,Debit,Income Statement,Yes,TX5,Active,2020-01-01,
GL-004634,564634,Sales Expense 4634,Expense,Sales,CC-00634,GL-000013,USD,Debit,Income Statement,Yes,EXEMPT,Active,2020-01-01,
GL-004635,574635,Administrative Expense 4635,Expense,Administration,CC-00635,GL-000014,USD,Debit,Income Statement,Yes,TX5,Active,2020-01-01,
GL-004636,104636,Cash 4636,Asset,Current Asset,CC-00636,GL-000015,USD,Debit,Balance Sheet,Yes,TX14,Active,2020-01-01,
GL-004637,114637,Accounts Receivable 4637,Asset,Current Asset,CC-00637,GL-000001,USD,Debit,Balance Sheet,Yes,TX5,Active,2020-01-01,
GL-004638,124638,Inventory 4638,Asset,Current Asset,CC-00638,GL-000002,USD,Debit,Balance Sheet,Yes,EXEMPT,Active,2020-01-01,
GL-004639,134639,Fixed Assets 4639,Asset,Non Current Asset,CC-00639,GL-000003,USD,Debit,Balance Sheet,Yes,TX0,Active,2020-01-01,
GL-004640,204640,Accounts Payable 4640,Liability,Current Liability,CC-00640,GL-000004,USD,Credit,Balance Sheet,Yes,TX0,Active,2020-01-01,
GL-004641,304641,Equity 4641,Equity,Equity,CC-00641,GL-000005,USD,Credit,Balance Sheet,Yes,TX14,Active,2020-01-01,
GL-004642,404642,Sales Revenue 4642,Revenue,Operating Revenue,CC-00642,GL-000006,USD,Credit,Income Statement,Yes,EXEMPT,Active,2020-01-01,
GL-004643,504643,Cost of Goods Sold 4643,Expense,COGS,CC-00643,GL-000007,USD,Debit,Income Statement,Yes,TX0,Active,2020-01-01,
GL-004644,514644,Production Cost 4644,Expense,Manufacturing,CC-00644,GL-000008,USD,Debit,Income Statement,Yes,TX5,Active,2020-01-01,
GL-004645,524645,Maintenance Expense 4645,Expense,Maintenance,CC-00645,GL-000009,USD,Debit,Income Statement,Yes,TX14,Active,2020-01-01,
GL-004646,534646,Utilities Expense 4646,Expense,Utilities,CC-00646,GL-000010,USD,Debit,Income Statement,Yes,EXEMPT,Active,2020-01-01,
GL-004647,544647,Quality Expense 4647,Expense,Quality,CC-00647,GL-000011,USD,Debit,Income Statement,Yes,TX5,Active,2020-01-01,
GL-004648,554648,Warehouse Expense 4648,Expense,Warehouse,CC-00648,GL-000012,USD,Debit,Income Statement,Yes,EXEMPT,Active,2020-01-01,
GL-004649,564649,Sales Expense 4649,Expense,Sales,CC-00649,GL-000013,USD,Debit,Income Statement,Yes,EXEMPT,Active,2020-01-01,
GL-004650,574650,Administrative Expense 4650,Expense,Administration,CC-00650,GL-000014,USD,Debit,Income Statement,Yes,TX14,Active,2020-01-01,
GL-004651,104651,Cash 4651,Asset,Current Asset,CC-00651,GL-000015,USD,Debit,Balance Sheet,Yes,TX5,Active,2020-01-01,
GL-004652,114652,Accounts Receivable 4652,Asset,Current Asset,CC-00652,GL-000001,USD,Debit,Balance Sheet,Yes,TX14,Active,2020-01-01,
GL-004653,124653,Inventory 4653,Asset,Current Asset,CC-00653,GL-000002,USD,Debit,Balance Sheet,Yes,EXEMPT,Active,2020-01-01,
GL-004654,134654,Fixed Assets 4654,Asset,Non Current Asset,CC-00654,GL-000003,USD,Debit,Balance Sheet,Yes,TX14,Active,2020-01-01,
GL-004655,204655,Accounts Payable 4655,Liability,Current Liability,CC-00655,GL-000004,USD,Credit,Balance Sheet,Yes,TX0,Active,2020-01-01,
GL-004656,304656,Equity 4656,Equity,Equity,CC-00656,GL-000005,USD,Credit,Balance Sheet,Yes,TX14,Active,2020-01-01,
GL-004657,404657,Sales Revenue 4657,Revenue,Operating Revenue,CC-00657,GL-000006,USD,Credit,Income Statement,Yes,TX5,Active,2020-01-01,
GL-004658,504658,Cost of Goods Sold 4658,Expense,COGS,CC-00658,GL-000007,USD,Debit,Income Statement,Yes,TX14,Active,2020-01-01,
GL-004659,514659,Production Cost 4659,Expense,Manufacturing,CC-00659,GL-000008,USD,Debit,Income Statement,Yes,EXEMPT,Active,2020-01-01,
GL-004660,524660,Maintenance Expense 4660,Expense,Maintenance,CC-00660,GL-000009,USD,Debit,Income Statement,Yes,TX5,Active,2020-01-01,
GL-004661,534661,Utilities Expense 4661,Expense,Utilities,CC-00661,GL-000010,USD,Debit,Income Statement,Yes,TX0,Active,2020-01-01,
GL-004662,544662,Quality Expense 4662,Expense,Quality,CC-00662,GL-000011,USD,Debit,Income Statement,Yes,TX5,Active,2020-01-01,
GL-004663,554663,Warehouse Expense 4663,Expense,Warehouse,CC-00663,GL-000012,USD,Debit,Income Statement,Yes,TX14,Active,2020-01-01,
GL-004664,564664,Sales Expense 4664,Expense,Sales,CC-00664,GL-000013,USD,Debit,Income Statement,Yes,TX5,Active,2020-01-01,
GL-004665,574665,Administrative Expense 4665,Expense,Administration,CC-00665,GL-000014,USD,Debit,Income Statement,Yes,TX5,Active,2020-01-01,
GL-004666,104666,Cash 4666,Asset,Current Asset,CC-00666,GL-000015,USD,Debit,Balance Sheet,Yes,TX5,Active,2020-01-01,
GL-004667,114667,Accounts Receivable 4667,Asset,Current Asset,CC-00667,GL-000001,USD,Debit,Balance Sheet,Yes,EXEMPT,Active,2020-01-01,
GL-004668,124668,Inventory 4668,Asset,Current Asset,CC-00668,GL-000002,USD,Debit,Balance Sheet,Yes,TX0,Active,2020-01-01,
GL-004669,134669,Fixed Assets 4669,Asset,Non Current Asset,CC-00669,GL-000003,USD,Debit,Balance Sheet,Yes,TX5,Active,2020-01-01,
GL-004670,204670,Accounts Payable 4670,Liability,Current Liability,CC-00670,GL-000004,USD,Credit,Balance Sheet,Yes,EXEMPT,Active,2020-01-01,
GL-004671,304671,Equity 4671,Equity,Equity,CC-00671,GL-000005,USD,Credit,Balance Sheet,Yes,TX5,Active,2020-01-01,
GL-004672,404672,Sales Revenue 4672,Revenue,Operating Revenue,CC-00672,GL-000006,USD,Credit,Income Statement,Yes,TX14,Active,2020-01-01,
GL-004673,504673,Cost of Goods Sold 4673,Expense,COGS,CC-00673,GL-000007,USD,Debit,Income Statement,Yes,TX14,Active,2020-01-01,
GL-004674,514674,Production Cost 4674,Expense,Manufacturing,CC-00674,GL-000008,USD,Debit,Income Statement,Yes,TX5,Active,2020-01-01,
GL-004675,524675,Maintenance Expense 4675,Expense,Maintenance,CC-00675,GL-000009,USD,Debit,Income Statement,Yes,TX0,Active,2020-01-01,
GL-004676,534676,Utilities Expense 4676,Expense,Utilities,CC-00676,GL-000010,USD,Debit,Income Statement,Yes,TX5,Active,2020-01-01,
GL-004677,544677,Quality Expense 4677,Expense,Quality,CC-00677,GL-000011,USD,Debit,Income Statement,Yes,TX5,Active,2020-01-01,
GL-004678,554678,Warehouse Expense 4678,Expense,Warehouse,CC-00678,GL-000012,USD,Debit,Income Statement,Yes,TX14,Active,2020-01-01,
GL-004679,564679,Sales Expense 4679,Expense,Sales,CC-00679,GL-000013,USD,Debit,Income Statement,Yes,TX14,Active,2020-01-01,
GL-004680,574680,Administrative Expense 4680,Expense,Administration,CC-00680,GL-000014,USD,Debit,Income Statement,Yes,TX14,Active,2020-01-01,
GL-004681,104681,Cash 4681,Asset,Current Asset,CC-00681,GL-000015,USD,Debit,Balance Sheet,Yes,TX5,Active,2020-01-01,
GL-004682,114682,Accounts Receivable 4682,Asset,Current Asset,CC-00682,GL-000001,USD,Debit,Balance Sheet,Yes,TX14,Active,2020-01-01,
GL-004683,124683,Inventory 4683,Asset,Current Asset,CC-00683,GL-000002,USD,Debit,Balance Sheet,Yes,EXEMPT,Active,2020-01-01,
GL-004684,134684,Fixed Assets 4684,Asset,Non Current Asset,CC-00684,GL-000003,USD,Debit,Balance Sheet,Yes,EXEMPT,Active,2020-01-01,
GL-004685,204685,Accounts Payable 4685,Liability,Current Liability,CC-00685,GL-000004,USD,Credit,Balance Sheet,Yes,TX14,Active,2020-01-01,
GL-004686,304686,Equity 4686,Equity,Equity,CC-00686,GL-000005,USD,Credit,Balance Sheet,Yes,TX5,Active,2020-01-01,
GL-004687,404687,Sales Revenue 4687,Revenue,Operating Revenue,CC-00687,GL-000006,USD,Credit,Income Statement,Yes,TX14,Active,2020-01-01,
GL-004688,504688,Cost of Goods Sold 4688,Expense,COGS,CC-00688,GL-000007,USD,Debit,Income Statement,Yes,TX14,Active,2020-01-01,
GL-004689,514689,Production Cost 4689,Expense,Manufacturing,CC-00689,GL-000008,USD,Debit,Income Statement,Yes,TX0,Active,2020-01-01,
GL-004690,524690,Maintenance Expense 4690,Expense,Maintenance,CC-00690,GL-000009,USD,Debit,Income Statement,Yes,TX5,Active,2020-01-01,
GL-004691,534691,Utilities Expense 4691,Expense,Utilities,CC-00691,GL-000010,USD,Debit,Income Statement,Yes,TX5,Active,2020-01-01,
GL-004692,544692,Quality Expense 4692,Expense,Quality,CC-00692,GL-000011,USD,Debit,Income Statement,Yes,TX5,Active,2020-01-01,
GL-004693,554693,Warehouse Expense 4693,Expense,Warehouse,CC-00693,GL-000012,USD,Debit,Income Statement,Yes,TX14,Active,2020-01-01,
GL-004694,564694,Sales Expense 4694,Expense,Sales,CC-00694,GL-000013,USD,Debit,Income Statement,Yes,TX0,Active,2020-01-01,
GL-004695,574695,Administrative Expense 4695,Expense,Administration,CC-00695,GL-000014,USD,Debit,Income Statement,Yes,TX0,Active,2020-01-01,
GL-004696,104696,Cash 4696,Asset,Current Asset,CC-00696,GL-000015,USD,Debit,Balance Sheet,Yes,TX0,Active,2020-01-01,
GL-004697,114697,Accounts Receivable 4697,Asset,Current Asset,CC-00697,GL-000001,USD,Debit,Balance Sheet,Yes,EXEMPT,Active,2020-01-01,
GL-004698,124698,Inventory 4698,Asset,Current Asset,CC-00698,GL-000002,USD,Debit,Balance Sheet,Yes,EXEMPT,Active,2020-01-01,
GL-004699,134699,Fixed Assets 4699,Asset,Non Current Asset,CC-00699,GL-000003,USD,Debit,Balance Sheet,Yes,TX14,Active,2020-01-01,
GL-004700,204700,Accounts Payable 4700,Liability,Current Liability,CC-00700,GL-000004,USD,Credit,Balance Sheet,Yes,EXEMPT,Active,2020-01-01,
GL-004701,304701,Equity 4701,Equity,Equity,CC-00701,GL-000005,USD,Credit,Balance Sheet,Yes,TX5,Active,2020-01-01,
GL-004702,404702,Sales Revenue 4702,Revenue,Operating Revenue,CC-00702,GL-000006,USD,Credit,Income Statement,Yes,TX5,Active,2020-01-01,
GL-004703,504703,Cost of Goods Sold 4703,Expense,COGS,CC-00703,GL-000007,USD,Debit,Income Statement,Yes,TX5,Active,2020-01-01,
GL-004704,514704,Production Cost 4704,Expense,Manufacturing,CC-00704,GL-000008,USD,Debit,Income Statement,Yes,TX0,Active,2020-01-01,
GL-004705,524705,Maintenance Expense 4705,Expense,Maintenance,CC-00705,GL-000009,USD,Debit,Income Statement,Yes,TX14,Active,2020-01-01,
GL-004706,534706,Utilities Expense 4706,Expense,Utilities,CC-00706,GL-000010,USD,Debit,Income Statement,Yes,TX14,Active,2020-01-01,
GL-004707,544707,Quality Expense 4707,Expense,Quality,CC-00707,GL-000011,USD,Debit,Income Statement,Yes,TX0,Active,2020-01-01,
GL-004708,554708,Warehouse Expense 4708,Expense,Warehouse,CC-00708,GL-000012,USD,Debit,Income Statement,Yes,EXEMPT,Active,2020-01-01,
GL-004709,564709,Sales Expense 4709,Expense,Sales,CC-00709,GL-000013,USD,Debit,Income Statement,Yes,TX14,Active,2020-01-01,
GL-004710,574710,Administrative Expense 4710,Expense,Administration,CC-00710,GL-000014,USD,Debit,Income Statement,Yes,TX14,Active,2020-01-01,
GL-004711,104711,Cash 4711,Asset,Current Asset,CC-00711,GL-000015,USD,Debit,Balance Sheet,Yes,TX0,Active,2020-01-01,
GL-004712,114712,Accounts Receivable 4712,Asset,Current Asset,CC-00712,GL-000001,USD,Debit,Balance Sheet,Yes,TX14,Active,2020-01-01,
GL-004713,124713,Inventory 4713,Asset,Current Asset,CC-00713,GL-000002,USD,Debit,Balance Sheet,Yes,TX14,Active,2020-01-01,
GL-004714,134714,Fixed Assets 4714,Asset,Non Current Asset,CC-00714,GL-000003,USD,Debit,Balance Sheet,Yes,EXEMPT,Active,2020-01-01,
GL-004715,204715,Accounts Payable 4715,Liability,Current Liability,CC-00715,GL-000004,USD,Credit,Balance Sheet,Yes,TX0,Active,2020-01-01,
GL-004716,304716,Equity 4716,Equity,Equity,CC-00716,GL-000005,USD,Credit,Balance Sheet,Yes,TX0,Active,2020-01-01,
GL-004717,404717,Sales Revenue 4717,Revenue,Operating Revenue,CC-00717,GL-000006,USD,Credit,Income Statement,Yes,TX0,Active,2020-01-01,
GL-004718,504718,Cost of Goods Sold 4718,Expense,COGS,CC-00718,GL-000007,USD,Debit,Income Statement,Yes,TX14,Active,2020-01-01,
GL-004719,514719,Production Cost 4719,Expense,Manufacturing,CC-00719,GL-000008,USD,Debit,Income Statement,Yes,EXEMPT,Active,2020-01-01,
GL-004720,524720,Maintenance Expense 4720,Expense,Maintenance,CC-00720,GL-000009,USD,Debit,Income Statement,Yes,EXEMPT,Active,2020-01-01,
GL-004721,534721,Utilities Expense 4721,Expense,Utilities,CC-00721,GL-000010,USD,Debit,Income Statement,Yes,TX0,Active,2020-01-01,
GL-004722,544722,Quality Expense 4722,Expense,Quality,CC-00722,GL-000011,USD,Debit,Income Statement,Yes,TX0,Active,2020-01-01,
GL-004723,554723,Warehouse Expense 4723,Expense,Warehouse,CC-00723,GL-000012,USD,Debit,Income Statement,Yes,TX0,Active,2020-01-01,
GL-004724,564724,Sales Expense 4724,Expense,Sales,CC-00724,GL-000013,USD,Debit,Income Statement,Yes,TX14,Active,2020-01-01,
GL-004725,574725,Administrative Expense 4725,Expense,Administration,CC-00725,GL-000014,USD,Debit,Income Statement,Yes,EXEMPT,Active,2020-01-01,
GL-004726,104726,Cash 4726,Asset,Current Asset,CC-00726,GL-000015,USD,Debit,Balance Sheet,Yes,TX5,Active,2020-01-01,
GL-004727,114727,Accounts Receivable 4727,Asset,Current Asset,CC-00727,GL-000001,USD,Debit,Balance Sheet,Yes,EXEMPT,Active,2020-01-01,
GL-004728,124728,Inventory 4728,Asset,Current Asset,CC-00728,GL-000002,USD,Debit,Balance Sheet,Yes,EXEMPT,Active,2020-01-01,
GL-004729,134729,Fixed Assets 4729,Asset,Non Current Asset,CC-00729,GL-000003,USD,Debit,Balance Sheet,Yes,TX5,Active,2020-01-01,
GL-004730,204730,Accounts Payable 4730,Liability,Current Liability,CC-00730,GL-000004,USD,Credit,Balance Sheet,Yes,TX5,Active,2020-01-01,
GL-004731,304731,Equity 4731,Equity,Equity,CC-00731,GL-000005,USD,Credit,Balance Sheet,Yes,TX14,Active,2020-01-01,
GL-004732,404732,Sales Revenue 4732,Revenue,Operating Revenue,CC-00732,GL-000006,USD,Credit,Income Statement,Yes,EXEMPT,Active,2020-01-01,
GL-004733,504733,Cost of Goods Sold 4733,Expense,COGS,CC-00733,GL-000007,USD,Debit,Income Statement,Yes,TX5,Active,2020-01-01,
GL-004734,514734,Production Cost 4734,Expense,Manufacturing,CC-00734,GL-000008,USD,Debit,Income Statement,Yes,TX0,Active,2020-01-01,
GL-004735,524735,Maintenance Expense 4735,Expense,Maintenance,CC-00735,GL-000009,USD,Debit,Income Statement,Yes,TX0,Active,2020-01-01,
GL-004736,534736,Utilities Expense 4736,Expense,Utilities,CC-00736,GL-000010,USD,Debit,Income Statement,Yes,TX5,Active,2020-01-01,
GL-004737,544737,Quality Expense 4737,Expense,Quality,CC-00737,GL-000011,USD,Debit,Income Statement,Yes,TX5,Active,2020-01-01,
GL-004738,554738,Warehouse Expense 4738,Expense,Warehouse,CC-00738,GL-000012,USD,Debit,Income Statement,Yes,TX5,Active,2020-01-01,
GL-004739,564739,Sales Expense 4739,Expense,Sales,CC-00739,GL-000013,USD,Debit,Income Statement,Yes,EXEMPT,Active,2020-01-01,
GL-004740,574740,Administrative Expense 4740,Expense,Administration,CC-00740,GL-000014,USD,Debit,Income Statement,Yes,EXEMPT,Active,2020-01-01,
GL-004741,104741,Cash 4741,Asset,Current Asset,CC-00741,GL-000015,USD,Debit,Balance Sheet,Yes,EXEMPT,Active,2020-01-01,
GL-004742,114742,Accounts Receivable 4742,Asset,Current Asset,CC-00742,GL-000001,USD,Debit,Balance Sheet,Yes,TX14,Active,2020-01-01,
GL-004743,124743,Inventory 4743,Asset,Current Asset,CC-00743,GL-000002,USD,Debit,Balance Sheet,Yes,TX14,Active,2020-01-01,
GL-004744,134744,Fixed Assets 4744,Asset,Non Current Asset,CC-00744,GL-000003,USD,Debit,Balance Sheet,Yes,EXEMPT,Active,2020-01-01,
GL-004745,204745,Accounts Payable 4745,Liability,Current Liability,CC-00745,GL-000004,USD,Credit,Balance Sheet,Yes,TX14,Active,2020-01-01,
GL-004746,304746,Equity 4746,Equity,Equity,CC-00746,GL-000005,USD,Credit,Balance Sheet,Yes,TX0,Active,2020-01-01,
GL-004747,404747,Sales Revenue 4747,Revenue,Operating Revenue,CC-00747,GL-000006,USD,Credit,Income Statement,Yes,TX5,Active,2020-01-01,
GL-004748,504748,Cost of Goods Sold 4748,Expense,COGS,CC-00748,GL-000007,USD,Debit,Income Statement,Yes,TX5,Active,2020-01-01,
GL-004749,514749,Production Cost 4749,Expense,Manufacturing,CC-00749,GL-000008,USD,Debit,Income Statement,Yes,TX14,Active,2020-01-01,
GL-004750,524750,Maintenance Expense 4750,Expense,Maintenance,CC-00750,GL-000009,USD,Debit,Income Statement,Yes,EXEMPT,Active,2020-01-01,
GL-004751,534751,Utilities Expense 4751,Expense,Utilities,CC-00751,GL-000010,USD,Debit,Income Statement,Yes,TX14,Active,2020-01-01,
GL-004752,544752,Quality Expense 4752,Expense,Quality,CC-00752,GL-000011,USD,Debit,Income Statement,Yes,TX14,Active,2020-01-01,
GL-004753,554753,Warehouse Expense 4753,Expense,Warehouse,CC-00753,GL-000012,USD,Debit,Income Statement,Yes,TX5,Active,2020-01-01,
GL-004754,564754,Sales Expense 4754,Expense,Sales,CC-00754,GL-000013,USD,Debit,Income Statement,Yes,TX14,Active,2020-01-01,
GL-004755,574755,Administrative Expense 4755,Expense,Administration,CC-00755,GL-000014,USD,Debit,Income Statement,Yes,EXEMPT,Active,2020-01-01,
GL-004756,104756,Cash 4756,Asset,Current Asset,CC-00756,GL-000015,USD,Debit,Balance Sheet,Yes,TX5,Active,2020-01-01,
GL-004757,114757,Accounts Receivable 4757,Asset,Current Asset,CC-00757,GL-000001,USD,Debit,Balance Sheet,Yes,TX5,Active,2020-01-01,
GL-004758,124758,Inventory 4758,Asset,Current Asset,CC-00758,GL-000002,USD,Debit,Balance Sheet,Yes,TX0,Active,2020-01-01,
GL-004759,134759,Fixed Assets 4759,Asset,Non Current Asset,CC-00759,GL-000003,USD,Debit,Balance Sheet,Yes,TX5,Active,2020-01-01,
GL-004760,204760,Accounts Payable 4760,Liability,Current Liability,CC-00760,GL-000004,USD,Credit,Balance Sheet,Yes,TX0,Active,2020-01-01,
GL-004761,304761,Equity 4761,Equity,Equity,CC-00761,GL-000005,USD,Credit,Balance Sheet,Yes,TX0,Active,2020-01-01,
GL-004762,404762,Sales Revenue 4762,Revenue,Operating Revenue,CC-00762,GL-000006,USD,Credit,Income Statement,Yes,TX5,Active,2020-01-01,
GL-004763,504763,Cost of Goods Sold 4763,Expense,COGS,CC-00763,GL-000007,USD,Debit,Income Statement,Yes,TX0,Active,2020-01-01,
GL-004764,514764,Production Cost 4764,Expense,Manufacturing,CC-00764,GL-000008,USD,Debit,Income Statement,Yes,TX5,Active,2020-01-01,
GL-004765,524765,Maintenance Expense 4765,Expense,Maintenance,CC-00765,GL-000009,USD,Debit,Income Statement,Yes,TX5,Active,2020-01-01,
GL-004766,534766,Utilities Expense 4766,Expense,Utilities,CC-00766,GL-000010,USD,Debit,Income Statement,Yes,TX5,Active,2020-01-01,
GL-004767,544767,Quality Expense 4767,Expense,Quality,CC-00767,GL-000011,USD,Debit,Income Statement,Yes,TX14,Active,2020-01-01,
GL-004768,554768,Warehouse Expense 4768,Expense,Warehouse,CC-00768,GL-000012,USD,Debit,Income Statement,Yes,TX5,Active,2020-01-01,
GL-004769,564769,Sales Expense 4769,Expense,Sales,CC-00769,GL-000013,USD,Debit,Income Statement,Yes,EXEMPT,Active,2020-01-01,
GL-004770,574770,Administrative Expense 4770,Expense,Administration,CC-00770,GL-000014,USD,Debit,Income Statement,Yes,TX0,Active,2020-01-01,
GL-004771,104771,Cash 4771,Asset,Current Asset,CC-00771,GL-000015,USD,Debit,Balance Sheet,Yes,TX0,Active,2020-01-01,
GL-004772,114772,Accounts Receivable 4772,Asset,Current Asset,CC-00772,GL-000001,USD,Debit,Balance Sheet,Yes,TX14,Active,2020-01-01,
GL-004773,124773,Inventory 4773,Asset,Current Asset,CC-00773,GL-000002,USD,Debit,Balance Sheet,Yes,TX5,Active,2020-01-01,
GL-004774,134774,Fixed Assets 4774,Asset,Non Current Asset,CC-00774,GL-000003,USD,Debit,Balance Sheet,Yes,TX14,Active,2020-01-01,
GL-004775,204775,Accounts Payable 4775,Liability,Current Liability,CC-00775,GL-000004,USD,Credit,Balance Sheet,Yes,EXEMPT,Active,2020-01-01,
GL-004776,304776,Equity 4776,Equity,Equity,CC-00776,GL-000005,USD,Credit,Balance Sheet,Yes,TX0,Active,2020-01-01,
GL-004777,404777,Sales Revenue 4777,Revenue,Operating Revenue,CC-00777,GL-000006,USD,Credit,Income Statement,Yes,TX14,Active,2020-01-01,
GL-004778,504778,Cost of Goods Sold 4778,Expense,COGS,CC-00778,GL-000007,USD,Debit,Income Statement,Yes,TX0,Active,2020-01-01,
GL-004779,514779,Production Cost 4779,Expense,Manufacturing,CC-00779,GL-000008,USD,Debit,Income Statement,Yes,EXEMPT,Active,2020-01-01,
GL-004780,524780,Maintenance Expense 4780,Expense,Maintenance,CC-00780,GL-000009,USD,Debit,Income Statement,Yes,EXEMPT,Active,2020-01-01,
GL-004781,534781,Utilities Expense 4781,Expense,Utilities,CC-00781,GL-000010,USD,Debit,Income Statement,Yes,EXEMPT,Active,2020-01-01,
GL-004782,544782,Quality Expense 4782,Expense,Quality,CC-00782,GL-000011,USD,Debit,Income Statement,Yes,TX5,Active,2020-01-01,
GL-004783,554783,Warehouse Expense 4783,Expense,Warehouse,CC-00783,GL-000012,USD,Debit,Income Statement,Yes,TX0,Active,2020-01-01,
GL-004784,564784,Sales Expense 4784,Expense,Sales,CC-00784,GL-000013,USD,Debit,Income Statement,Yes,TX0,Active,2020-01-01,
GL-004785,574785,Administrative Expense 4785,Expense,Administration,CC-00785,GL-000014,USD,Debit,Income Statement,Yes,TX14,Active,2020-01-01,
GL-004786,104786,Cash 4786,Asset,Current Asset,CC-00786,GL-000015,USD,Debit,Balance Sheet,Yes,TX14,Active,2020-01-01,
GL-004787,114787,Accounts Receivable 4787,Asset,Current Asset,CC-00787,GL-000001,USD,Debit,Balance Sheet,Yes,TX14,Active,2020-01-01,
GL-004788,124788,Inventory 4788,Asset,Current Asset,CC-00788,GL-000002,USD,Debit,Balance Sheet,Yes,TX0,Active,2020-01-01,
GL-004789,134789,Fixed Assets 4789,Asset,Non Current Asset,CC-00789,GL-000003,USD,Debit,Balance Sheet,Yes,EXEMPT,Active,2020-01-01,
GL-004790,204790,Accounts Payable 4790,Liability,Current Liability,CC-00790,GL-000004,USD,Credit,Balance Sheet,Yes,TX5,Active,2020-01-01,
GL-004791,304791,Equity 4791,Equity,Equity,CC-00791,GL-000005,USD,Credit,Balance Sheet,Yes,TX5,Active,2020-01-01,
GL-004792,404792,Sales Revenue 4792,Revenue,Operating Revenue,CC-00792,GL-000006,USD,Credit,Income Statement,Yes,TX0,Active,2020-01-01,
GL-004793,504793,Cost of Goods Sold 4793,Expense,COGS,CC-00793,GL-000007,USD,Debit,Income Statement,Yes,TX14,Active,2020-01-01,
GL-004794,514794,Production Cost 4794,Expense,Manufacturing,CC-00794,GL-000008,USD,Debit,Income Statement,Yes,EXEMPT,Active,2020-01-01,
GL-004795,524795,Maintenance Expense 4795,Expense,Maintenance,CC-00795,GL-000009,USD,Debit,Income Statement,Yes,TX0,Active,2020-01-01,
GL-004796,534796,Utilities Expense 4796,Expense,Utilities,CC-00796,GL-000010,USD,Debit,Income Statement,Yes,TX14,Active,2020-01-01,
GL-004797,544797,Quality Expense 4797,Expense,Quality,CC-00797,GL-000011,USD,Debit,Income Statement,Yes,TX14,Active,2020-01-01,
GL-004798,554798,Warehouse Expense 4798,Expense,Warehouse,CC-00798,GL-000012,USD,Debit,Income Statement,Yes,EXEMPT,Active,2020-01-01,
GL-004799,564799,Sales Expense 4799,Expense,Sales,CC-00799,GL-000013,USD,Debit,Income Statement,Yes,TX14,Active,2020-01-01,
GL-004800,574800,Administrative Expense 4800,Expense,Administration,CC-00800,GL-000014,USD,Debit,Income Statement,Yes,TX0,Active,2020-01-01,
GL-004801,104801,Cash 4801,Asset,Current Asset,CC-00801,GL-000015,USD,Debit,Balance Sheet,Yes,TX0,Active,2020-01-01,
GL-004802,114802,Accounts Receivable 4802,Asset,Current Asset,CC-00802,GL-000001,USD,Debit,Balance Sheet,Yes,TX0,Active,2020-01-01,
GL-004803,124803,Inventory 4803,Asset,Current Asset,CC-00803,GL-000002,USD,Debit,Balance Sheet,Yes,EXEMPT,Active,2020-01-01,
GL-004804,134804,Fixed Assets 4804,Asset,Non Current Asset,CC-00804,GL-000003,USD,Debit,Balance Sheet,Yes,TX0,Active,2020-01-01,
GL-004805,204805,Accounts Payable 4805,Liability,Current Liability,CC-00805,GL-000004,USD,Credit,Balance Sheet,Yes,TX0,Active,2020-01-01,
GL-004806,304806,Equity 4806,Equity,Equity,CC-00806,GL-000005,USD,Credit,Balance Sheet,Yes,TX0,Active,2020-01-01,
GL-004807,404807,Sales Revenue 4807,Revenue,Operating Revenue,CC-00807,GL-000006,USD,Credit,Income Statement,Yes,EXEMPT,Active,2020-01-01,
GL-004808,504808,Cost of Goods Sold 4808,Expense,COGS,CC-00808,GL-000007,USD,Debit,Income Statement,Yes,TX5,Active,2020-01-01,
GL-004809,514809,Production Cost 4809,Expense,Manufacturing,CC-00809,GL-000008,USD,Debit,Income Statement,Yes,TX0,Active,2020-01-01,
GL-004810,524810,Maintenance Expense 4810,Expense,Maintenance,CC-00810,GL-000009,USD,Debit,Income Statement,Yes,EXEMPT,Active,2020-01-01,
GL-004811,534811,Utilities Expense 4811,Expense,Utilities,CC-00811,GL-000010,USD,Debit,Income Statement,Yes,TX14,Active,2020-01-01,
GL-004812,544812,Quality Expense 4812,Expense,Quality,CC-00812,GL-000011,USD,Debit,Income Statement,Yes,TX5,Active,2020-01-01,
GL-004813,554813,Warehouse Expense 4813,Expense,Warehouse,CC-00813,GL-000012,USD,Debit,Income Statement,Yes,TX0,Active,2020-01-01,
GL-004814,564814,Sales Expense 4814,Expense,Sales,CC-00814,GL-000013,USD,Debit,Income Statement,Yes,EXEMPT,Active,2020-01-01,
GL-004815,574815,Administrative Expense 4815,Expense,Administration,CC-00815,GL-000014,USD,Debit,Income Statement,Yes,TX5,Active,2020-01-01,
GL-004816,104816,Cash 4816,Asset,Current Asset,CC-00816,GL-000015,USD,Debit,Balance Sheet,Yes,TX5,Active,2020-01-01,
GL-004817,114817,Accounts Receivable 4817,Asset,Current Asset,CC-00817,GL-000001,USD,Debit,Balance Sheet,Yes,EXEMPT,Active,2020-01-01,
GL-004818,124818,Inventory 4818,Asset,Current Asset,CC-00818,GL-000002,USD,Debit,Balance Sheet,Yes,EXEMPT,Active,2020-01-01,
GL-004819,134819,Fixed Assets 4819,Asset,Non Current Asset,CC-00819,GL-000003,USD,Debit,Balance Sheet,Yes,TX0,Active,2020-01-01,
GL-004820,204820,Accounts Payable 4820,Liability,Current Liability,CC-00820,GL-000004,USD,Credit,Balance Sheet,Yes,TX5,Active,2020-01-01,
GL-004821,304821,Equity 4821,Equity,Equity,CC-00821,GL-000005,USD,Credit,Balance Sheet,Yes,TX14,Active,2020-01-01,
GL-004822,404822,Sales Revenue 4822,Revenue,Operating Revenue,CC-00822,GL-000006,USD,Credit,Income Statement,Yes,TX0,Active,2020-01-01,
GL-004823,504823,Cost of Goods Sold 4823,Expense,COGS,CC-00823,GL-000007,USD,Debit,Income Statement,Yes,TX14,Active,2020-01-01,
GL-004824,514824,Production Cost 4824,Expense,Manufacturing,CC-00824,GL-000008,USD,Debit,Income Statement,Yes,TX0,Active,2020-01-01,
GL-004825,524825,Maintenance Expense 4825,Expense,Maintenance,CC-00825,GL-000009,USD,Debit,Income Statement,Yes,EXEMPT,Active,2020-01-01,
GL-004826,534826,Utilities Expense 4826,Expense,Utilities,CC-00826,GL-000010,USD,Debit,Income Statement,Yes,TX14,Active,2020-01-01,
GL-004827,544827,Quality Expense 4827,Expense,Quality,CC-00827,GL-000011,USD,Debit,Income Statement,Yes,TX5,Active,2020-01-01,
GL-004828,554828,Warehouse Expense 4828,Expense,Warehouse,CC-00828,GL-000012,USD,Debit,Income Statement,Yes,TX14,Active,2020-01-01,
GL-004829,564829,Sales Expense 4829,Expense,Sales,CC-00829,GL-000013,USD,Debit,Income Statement,Yes,TX0,Active,2020-01-01,
GL-004830,574830,Administrative Expense 4830,Expense,Administration,CC-00830,GL-000014,USD,Debit,Income Statement,Yes,TX5,Active,2020-01-01,
GL-004831,104831,Cash 4831,Asset,Current Asset,CC-00831,GL-000015,USD,Debit,Balance Sheet,Yes,TX5,Active,2020-01-01,
GL-004832,114832,Accounts Receivable 4832,Asset,Current Asset,CC-00832,GL-000001,USD,Debit,Balance Sheet,Yes,EXEMPT,Active,2020-01-01,
GL-004833,124833,Inventory 4833,Asset,Current Asset,CC-00833,GL-000002,USD,Debit,Balance Sheet,Yes,TX5,Active,2020-01-01,
GL-004834,134834,Fixed Assets 4834,Asset,Non Current Asset,CC-00834,GL-000003,USD,Debit,Balance Sheet,Yes,TX5,Active,2020-01-01,
GL-004835,204835,Accounts Payable 4835,Liability,Current Liability,CC-00835,GL-000004,USD,Credit,Balance Sheet,Yes,EXEMPT,Active,2020-01-01,
GL-004836,304836,Equity 4836,Equity,Equity,CC-00836,GL-000005,USD,Credit,Balance Sheet,Yes,EXEMPT,Active,2020-01-01,
GL-004837,404837,Sales Revenue 4837,Revenue,Operating Revenue,CC-00837,GL-000006,USD,Credit,Income Statement,Yes,TX5,Active,2020-01-01,
GL-004838,504838,Cost of Goods Sold 4838,Expense,COGS,CC-00838,GL-000007,USD,Debit,Income Statement,Yes,TX0,Active,2020-01-01,
GL-004839,514839,Production Cost 4839,Expense,Manufacturing,CC-00839,GL-000008,USD,Debit,Income Statement,Yes,EXEMPT,Active,2020-01-01,
GL-004840,524840,Maintenance Expense 4840,Expense,Maintenance,CC-00840,GL-000009,USD,Debit,Income Statement,Yes,TX14,Active,2020-01-01,
GL-004841,534841,Utilities Expense 4841,Expense,Utilities,CC-00841,GL-000010,USD,Debit,Income Statement,Yes,TX14,Active,2020-01-01,
GL-004842,544842,Quality Expense 4842,Expense,Quality,CC-00842,GL-000011,USD,Debit,Income Statement,Yes,EXEMPT,Active,2020-01-01,
GL-004843,554843,Warehouse Expense 4843,Expense,Warehouse,CC-00843,GL-000012,USD,Debit,Income Statement,Yes,EXEMPT,Active,2020-01-01,
GL-004844,564844,Sales Expense 4844,Expense,Sales,CC-00844,GL-000013,USD,Debit,Income Statement,Yes,TX0,Active,2020-01-01,
GL-004845,574845,Administrative Expense 4845,Expense,Administration,CC-00845,GL-000014,USD,Debit,Income Statement,Yes,TX0,Active,2020-01-01,
GL-004846,104846,Cash 4846,Asset,Current Asset,CC-00846,GL-000015,USD,Debit,Balance Sheet,Yes,TX0,Active,2020-01-01,
GL-004847,114847,Accounts Receivable 4847,Asset,Current Asset,CC-00847,GL-000001,USD,Debit,Balance Sheet,Yes,TX5,Active,2020-01-01,
GL-004848,124848,Inventory 4848,Asset,Current Asset,CC-00848,GL-000002,USD,Debit,Balance Sheet,Yes,TX5,Active,2020-01-01,
GL-004849,134849,Fixed Assets 4849,Asset,Non Current Asset,CC-00849,GL-000003,USD,Debit,Balance Sheet,Yes,TX0,Active,2020-01-01,
GL-004850,204850,Accounts Payable 4850,Liability,Current Liability,CC-00850,GL-000004,USD,Credit,Balance Sheet,Yes,TX14,Active,2020-01-01,
GL-004851,304851,Equity 4851,Equity,Equity,CC-00851,GL-000005,USD,Credit,Balance Sheet,Yes,TX14,Active,2020-01-01,
GL-004852,404852,Sales Revenue 4852,Revenue,Operating Revenue,CC-00852,GL-000006,USD,Credit,Income Statement,Yes,TX14,Active,2020-01-01,
GL-004853,504853,Cost of Goods Sold 4853,Expense,COGS,CC-00853,GL-000007,USD,Debit,Income Statement,Yes,EXEMPT,Active,2020-01-01,
GL-004854,514854,Production Cost 4854,Expense,Manufacturing,CC-00854,GL-000008,USD,Debit,Income Statement,Yes,TX0,Active,2020-01-01,
GL-004855,524855,Maintenance Expense 4855,Expense,Maintenance,CC-00855,GL-000009,USD,Debit,Income Statement,Yes,TX14,Active,2020-01-01,
GL-004856,534856,Utilities Expense 4856,Expense,Utilities,CC-00856,GL-000010,USD,Debit,Income Statement,Yes,EXEMPT,Active,2020-01-01,
GL-004857,544857,Quality Expense 4857,Expense,Quality,CC-00857,GL-000011,USD,Debit,Income Statement,Yes,TX5,Active,2020-01-01,
GL-004858,554858,Warehouse Expense 4858,Expense,Warehouse,CC-00858,GL-000012,USD,Debit,Income Statement,Yes,TX14,Active,2020-01-01,
GL-004859,564859,Sales Expense 4859,Expense,Sales,CC-00859,GL-000013,USD,Debit,Income Statement,Yes,EXEMPT,Active,2020-01-01,
GL-004860,574860,Administrative Expense 4860,Expense,Administration,CC-00860,GL-000014,USD,Debit,Income Statement,Yes,TX14,Active,2020-01-01,
GL-004861,104861,Cash 4861,Asset,Current Asset,CC-00861,GL-000015,USD,Debit,Balance Sheet,Yes,TX0,Active,2020-01-01,
GL-004862,114862,Accounts Receivable 4862,Asset,Current Asset,CC-00862,GL-000001,USD,Debit,Balance Sheet,Yes,TX5,Active,2020-01-01,
GL-004863,124863,Inventory 4863,Asset,Current Asset,CC-00863,GL-000002,USD,Debit,Balance Sheet,Yes,TX5,Active,2020-01-01,
GL-004864,134864,Fixed Assets 4864,Asset,Non Current Asset,CC-00864,GL-000003,USD,Debit,Balance Sheet,Yes,EXEMPT,Active,2020-01-01,
GL-004865,204865,Accounts Payable 4865,Liability,Current Liability,CC-00865,GL-000004,USD,Credit,Balance Sheet,Yes,TX14,Active,2020-01-01,
GL-004866,304866,Equity 4866,Equity,Equity,CC-00866,GL-000005,USD,Credit,Balance Sheet,Yes,TX14,Active,2020-01-01,
GL-004867,404867,Sales Revenue 4867,Revenue,Operating Revenue,CC-00867,GL-000006,USD,Credit,Income Statement,Yes,TX0,Active,2020-01-01,
GL-004868,504868,Cost of Goods Sold 4868,Expense,COGS,CC-00868,GL-000007,USD,Debit,Income Statement,Yes,TX0,Active,2020-01-01,
GL-004869,514869,Production Cost 4869,Expense,Manufacturing,CC-00869,GL-000008,USD,Debit,Income Statement,Yes,TX14,Active,2020-01-01,
GL-004870,524870,Maintenance Expense 4870,Expense,Maintenance,CC-00870,GL-000009,USD,Debit,Income Statement,Yes,TX14,Active,2020-01-01,
GL-004871,534871,Utilities Expense 4871,Expense,Utilities,CC-00871,GL-000010,USD,Debit,Income Statement,Yes,TX14,Active,2020-01-01,
GL-004872,544872,Quality Expense 4872,Expense,Quality,CC-00872,GL-000011,USD,Debit,Income Statement,Yes,TX0,Active,2020-01-01,
GL-004873,554873,Warehouse Expense 4873,Expense,Warehouse,CC-00873,GL-000012,USD,Debit,Income Statement,Yes,EXEMPT,Active,2020-01-01,
GL-004874,564874,Sales Expense 4874,Expense,Sales,CC-00874,GL-000013,USD,Debit,Income Statement,Yes,TX0,Active,2020-01-01,
GL-004875,574875,Administrative Expense 4875,Expense,Administration,CC-00875,GL-000014,USD,Debit,Income Statement,Yes,TX14,Active,2020-01-01,
GL-004876,104876,Cash 4876,Asset,Current Asset,CC-00876,GL-000015,USD,Debit,Balance Sheet,Yes,TX14,Active,2020-01-01,
GL-004877,114877,Accounts Receivable 4877,Asset,Current Asset,CC-00877,GL-000001,USD,Debit,Balance Sheet,Yes,EXEMPT,Active,2020-01-01,
GL-004878,124878,Inventory 4878,Asset,Current Asset,CC-00878,GL-000002,USD,Debit,Balance Sheet,Yes,TX14,Active,2020-01-01,
GL-004879,134879,Fixed Assets 4879,Asset,Non Current Asset,CC-00879,GL-000003,USD,Debit,Balance Sheet,Yes,TX0,Active,2020-01-01,
GL-004880,204880,Accounts Payable 4880,Liability,Current Liability,CC-00880,GL-000004,USD,Credit,Balance Sheet,Yes,TX5,Active,2020-01-01,
GL-004881,304881,Equity 4881,Equity,Equity,CC-00881,GL-000005,USD,Credit,Balance Sheet,Yes,TX14,Active,2020-01-01,
GL-004882,404882,Sales Revenue 4882,Revenue,Operating Revenue,CC-00882,GL-000006,USD,Credit,Income Statement,Yes,TX5,Active,2020-01-01,
GL-004883,504883,Cost of Goods Sold 4883,Expense,COGS,CC-00883,GL-000007,USD,Debit,Income Statement,Yes,EXEMPT,Active,2020-01-01,
GL-004884,514884,Production Cost 4884,Expense,Manufacturing,CC-00884,GL-000008,USD,Debit,Income Statement,Yes,TX0,Active,2020-01-01,
GL-004885,524885,Maintenance Expense 4885,Expense,Maintenance,CC-00885,GL-000009,USD,Debit,Income Statement,Yes,TX0,Active,2020-01-01,
GL-004886,534886,Utilities Expense 4886,Expense,Utilities,CC-00886,GL-000010,USD,Debit,Income Statement,Yes,TX14,Active,2020-01-01,
GL-004887,544887,Quality Expense 4887,Expense,Quality,CC-00887,GL-000011,USD,Debit,Income Statement,Yes,TX14,Active,2020-01-01,
GL-004888,554888,Warehouse Expense 4888,Expense,Warehouse,CC-00888,GL-000012,USD,Debit,Income Statement,Yes,EXEMPT,Active,2020-01-01,
GL-004889,564889,Sales Expense 4889,Expense,Sales,CC-00889,GL-000013,USD,Debit,Income Statement,Yes,TX14,Active,2020-01-01,
GL-004890,574890,Administrative Expense 4890,Expense,Administration,CC-00890,GL-000014,USD,Debit,Income Statement,Yes,TX14,Active,2020-01-01,
GL-004891,104891,Cash 4891,Asset,Current Asset,CC-00891,GL-000015,USD,Debit,Balance Sheet,Yes,TX0,Active,2020-01-01,
GL-004892,114892,Accounts Receivable 4892,Asset,Current Asset,CC-00892,GL-000001,USD,Debit,Balance Sheet,Yes,TX5,Active,2020-01-01,
GL-004893,124893,Inventory 4893,Asset,Current Asset,CC-00893,GL-000002,USD,Debit,Balance Sheet,Yes,EXEMPT,Active,2020-01-01,
GL-004894,134894,Fixed Assets 4894,Asset,Non Current Asset,CC-00894,GL-000003,USD,Debit,Balance Sheet,Yes,TX5,Active,2020-01-01,
GL-004895,204895,Accounts Payable 4895,Liability,Current Liability,CC-00895,GL-000004,USD,Credit,Balance Sheet,Yes,EXEMPT,Active,2020-01-01,
GL-004896,304896,Equity 4896,Equity,Equity,CC-00896,GL-000005,USD,Credit,Balance Sheet,Yes,TX0,Active,2020-01-01,
GL-004897,404897,Sales Revenue 4897,Revenue,Operating Revenue,CC-00897,GL-000006,USD,Credit,Income Statement,Yes,EXEMPT,Active,2020-01-01,
GL-004898,504898,Cost of Goods Sold 4898,Expense,COGS,CC-00898,GL-000007,USD,Debit,Income Statement,Yes,TX5,Active,2020-01-01,
GL-004899,514899,Production Cost 4899,Expense,Manufacturing,CC-00899,GL-000008,USD,Debit,Income Statement,Yes,TX14,Active,2020-01-01,
GL-004900,524900,Maintenance Expense 4900,Expense,Maintenance,CC-00900,GL-000009,USD,Debit,Income Statement,Yes,EXEMPT,Active,2020-01-01,
GL-004901,534901,Utilities Expense 4901,Expense,Utilities,CC-00901,GL-000010,USD,Debit,Income Statement,Yes,TX0,Active,2020-01-01,
GL-004902,544902,Quality Expense 4902,Expense,Quality,CC-00902,GL-000011,USD,Debit,Income Statement,Yes,TX0,Active,2020-01-01,
GL-004903,554903,Warehouse Expense 4903,Expense,Warehouse,CC-00903,GL-000012,USD,Debit,Income Statement,Yes,TX5,Active,2020-01-01,
GL-004904,564904,Sales Expense 4904,Expense,Sales,CC-00904,GL-000013,USD,Debit,Income Statement,Yes,TX0,Active,2020-01-01,
GL-004905,574905,Administrative Expense 4905,Expense,Administration,CC-00905,GL-000014,USD,Debit,Income Statement,Yes,TX0,Active,2020-01-01,
GL-004906,104906,Cash 4906,Asset,Current Asset,CC-00906,GL-000015,USD,Debit,Balance Sheet,Yes,TX5,Active,2020-01-01,
GL-004907,114907,Accounts Receivable 4907,Asset,Current Asset,CC-00907,GL-000001,USD,Debit,Balance Sheet,Yes,TX14,Active,2020-01-01,
GL-004908,124908,Inventory 4908,Asset,Current Asset,CC-00908,GL-000002,USD,Debit,Balance Sheet,Yes,TX14,Active,2020-01-01,
GL-004909,134909,Fixed Assets 4909,Asset,Non Current Asset,CC-00909,GL-000003,USD,Debit,Balance Sheet,Yes,TX5,Active,2020-01-01,
GL-004910,204910,Accounts Payable 4910,Liability,Current Liability,CC-00910,GL-000004,USD,Credit,Balance Sheet,Yes,TX5,Active,2020-01-01,
GL-004911,304911,Equity 4911,Equity,Equity,CC-00911,GL-000005,USD,Credit,Balance Sheet,Yes,TX14,Active,2020-01-01,
GL-004912,404912,Sales Revenue 4912,Revenue,Operating Revenue,CC-00912,GL-000006,USD,Credit,Income Statement,Yes,TX5,Active,2020-01-01,
GL-004913,504913,Cost of Goods Sold 4913,Expense,COGS,CC-00913,GL-000007,USD,Debit,Income Statement,Yes,EXEMPT,Active,2020-01-01,
GL-004914,514914,Production Cost 4914,Expense,Manufacturing,CC-00914,GL-000008,USD,Debit,Income Statement,Yes,EXEMPT,Active,2020-01-01,
GL-004915,524915,Maintenance Expense 4915,Expense,Maintenance,CC-00915,GL-000009,USD,Debit,Income Statement,Yes,TX0,Active,2020-01-01,
GL-004916,534916,Utilities Expense 4916,Expense,Utilities,CC-00916,GL-000010,USD,Debit,Income Statement,Yes,TX5,Active,2020-01-01,
GL-004917,544917,Quality Expense 4917,Expense,Quality,CC-00917,GL-000011,USD,Debit,Income Statement,Yes,EXEMPT,Active,2020-01-01,
GL-004918,554918,Warehouse Expense 4918,Expense,Warehouse,CC-00918,GL-000012,USD,Debit,Income Statement,Yes,TX5,Active,2020-01-01,
GL-004919,564919,Sales Expense 4919,Expense,Sales,CC-00919,GL-000013,USD,Debit,Income Statement,Yes,TX0,Active,2020-01-01,
GL-004920,574920,Administrative Expense 4920,Expense,Administration,CC-00920,GL-000014,USD,Debit,Income Statement,Yes,TX5,Active,2020-01-01,
GL-004921,104921,Cash 4921,Asset,Current Asset,CC-00921,GL-000015,USD,Debit,Balance Sheet,Yes,TX14,Active,2020-01-01,
GL-004922,114922,Accounts Receivable 4922,Asset,Current Asset,CC-00922,GL-000001,USD,Debit,Balance Sheet,Yes,TX14,Active,2020-01-01,
GL-004923,124923,Inventory 4923,Asset,Current Asset,CC-00923,GL-000002,USD,Debit,Balance Sheet,Yes,EXEMPT,Active,2020-01-01,
GL-004924,134924,Fixed Assets 4924,Asset,Non Current Asset,CC-00924,GL-000003,USD,Debit,Balance Sheet,Yes,TX5,Active,2020-01-01,
GL-004925,204925,Accounts Payable 4925,Liability,Current Liability,CC-00925,GL-000004,USD,Credit,Balance Sheet,Yes,TX5,Active,2020-01-01,
GL-004926,304926,Equity 4926,Equity,Equity,CC-00926,GL-000005,USD,Credit,Balance Sheet,Yes,TX14,Active,2020-01-01,
GL-004927,404927,Sales Revenue 4927,Revenue,Operating Revenue,CC-00927,GL-000006,USD,Credit,Income Statement,Yes,TX5,Active,2020-01-01,
GL-004928,504928,Cost of Goods Sold 4928,Expense,COGS,CC-00928,GL-000007,USD,Debit,Income Statement,Yes,EXEMPT,Active,2020-01-01,
GL-004929,514929,Production Cost 4929,Expense,Manufacturing,CC-00929,GL-000008,USD,Debit,Income Statement,Yes,TX5,Active,2020-01-01,
GL-004930,524930,Maintenance Expense 4930,Expense,Maintenance,CC-00930,GL-000009,USD,Debit,Income Statement,Yes,EXEMPT,Active,2020-01-01,
GL-004931,534931,Utilities Expense 4931,Expense,Utilities,CC-00931,GL-000010,USD,Debit,Income Statement,Yes,TX14,Active,2020-01-01,
GL-004932,544932,Quality Expense 4932,Expense,Quality,CC-00932,GL-000011,USD,Debit,Income Statement,Yes,TX5,Active,2020-01-01,
GL-004933,554933,Warehouse Expense 4933,Expense,Warehouse,CC-00933,GL-000012,USD,Debit,Income Statement,Yes,TX5,Active,2020-01-01,
GL-004934,564934,Sales Expense 4934,Expense,Sales,CC-00934,GL-000013,USD,Debit,Income Statement,Yes,TX14,Active,2020-01-01,
GL-004935,574935,Administrative Expense 4935,Expense,Administration,CC-00935,GL-000014,USD,Debit,Income Statement,Yes,TX5,Active,2020-01-01,
GL-004936,104936,Cash 4936,Asset,Current Asset,CC-00936,GL-000015,USD,Debit,Balance Sheet,Yes,TX0,Active,2020-01-01,
GL-004937,114937,Accounts Receivable 4937,Asset,Current Asset,CC-00937,GL-000001,USD,Debit,Balance Sheet,Yes,TX0,Active,2020-01-01,
GL-004938,124938,Inventory 4938,Asset,Current Asset,CC-00938,GL-000002,USD,Debit,Balance Sheet,Yes,TX14,Active,2020-01-01,
GL-004939,134939,Fixed Assets 4939,Asset,Non Current Asset,CC-00939,GL-000003,USD,Debit,Balance Sheet,Yes,TX0,Active,2020-01-01,
GL-004940,204940,Accounts Payable 4940,Liability,Current Liability,CC-00940,GL-000004,USD,Credit,Balance Sheet,Yes,TX0,Active,2020-01-01,
GL-004941,304941,Equity 4941,Equity,Equity,CC-00941,GL-000005,USD,Credit,Balance Sheet,Yes,TX5,Active,2020-01-01,
GL-004942,404942,Sales Revenue 4942,Revenue,Operating Revenue,CC-00942,GL-000006,USD,Credit,Income Statement,Yes,TX0,Active,2020-01-01,
GL-004943,504943,Cost of Goods Sold 4943,Expense,COGS,CC-00943,GL-000007,USD,Debit,Income Statement,Yes,TX5,Active,2020-01-01,
GL-004944,514944,Production Cost 4944,Expense,Manufacturing,CC-00944,GL-000008,USD,Debit,Income Statement,Yes,TX5,Active,2020-01-01,
GL-004945,524945,Maintenance Expense 4945,Expense,Maintenance,CC-00945,GL-000009,USD,Debit,Income Statement,Yes,TX5,Active,2020-01-01,
GL-004946,534946,Utilities Expense 4946,Expense,Utilities,CC-00946,GL-000010,USD,Debit,Income Statement,Yes,TX0,Active,2020-01-01,
GL-004947,544947,Quality Expense 4947,Expense,Quality,CC-00947,GL-000011,USD,Debit,Income Statement,Yes,TX14,Active,2020-01-01,
GL-004948,554948,Warehouse Expense 4948,Expense,Warehouse,CC-00948,GL-000012,USD,Debit,Income Statement,Yes,EXEMPT,Active,2020-01-01,
GL-004949,564949,Sales Expense 4949,Expense,Sales,CC-00949,GL-000013,USD,Debit,Income Statement,Yes,EXEMPT,Active,2020-01-01,
GL-004950,574950,Administrative Expense 4950,Expense,Administration,CC-00950,GL-000014,USD,Debit,Income Statement,Yes,TX14,Active,2020-01-01,
GL-004951,104951,Cash 4951,Asset,Current Asset,CC-00951,GL-000015,USD,Debit,Balance Sheet,Yes,EXEMPT,Active,2020-01-01,
GL-004952,114952,Accounts Receivable 4952,Asset,Current Asset,CC-00952,GL-000001,USD,Debit,Balance Sheet,Yes,TX5,Active,2020-01-01,
GL-004953,124953,Inventory 4953,Asset,Current Asset,CC-00953,GL-000002,USD,Debit,Balance Sheet,Yes,EXEMPT,Active,2020-01-01,
GL-004954,134954,Fixed Assets 4954,Asset,Non Current Asset,CC-00954,GL-000003,USD,Debit,Balance Sheet,Yes,EXEMPT,Active,2020-01-01,
GL-004955,204955,Accounts Payable 4955,Liability,Current Liability,CC-00955,GL-000004,USD,Credit,Balance Sheet,Yes,EXEMPT,Active,2020-01-01,
GL-004956,304956,Equity 4956,Equity,Equity,CC-00956,GL-000005,USD,Credit,Balance Sheet,Yes,EXEMPT,Active,2020-01-01,
GL-004957,404957,Sales Revenue 4957,Revenue,Operating Revenue,CC-00957,GL-000006,USD,Credit,Income Statement,Yes,TX0,Active,2020-01-01,
GL-004958,504958,Cost of Goods Sold 4958,Expense,COGS,CC-00958,GL-000007,USD,Debit,Income Statement,Yes,TX14,Active,2020-01-01,
GL-004959,514959,Production Cost 4959,Expense,Manufacturing,CC-00959,GL-000008,USD,Debit,Income Statement,Yes,EXEMPT,Active,2020-01-01,
GL-004960,524960,Maintenance Expense 4960,Expense,Maintenance,CC-00960,GL-000009,USD,Debit,Income Statement,Yes,TX14,Active,2020-01-01,
GL-004961,534961,Utilities Expense 4961,Expense,Utilities,CC-00961,GL-000010,USD,Debit,Income Statement,Yes,TX0,Active,2020-01-01,
GL-004962,544962,Quality Expense 4962,Expense,Quality,CC-00962,GL-000011,USD,Debit,Income Statement,Yes,TX5,Active,2020-01-01,
GL-004963,554963,Warehouse Expense 4963,Expense,Warehouse,CC-00963,GL-000012,USD,Debit,Income Statement,Yes,TX14,Active,2020-01-01,
GL-004964,564964,Sales Expense 4964,Expense,Sales,CC-00964,GL-000013,USD,Debit,Income Statement,Yes,TX14,Active,2020-01-01,
GL-004965,574965,Administrative Expense 4965,Expense,Administration,CC-00965,GL-000014,USD,Debit,Income Statement,Yes,TX0,Active,2020-01-01,
GL-004966,104966,Cash 4966,Asset,Current Asset,CC-00966,GL-000015,USD,Debit,Balance Sheet,Yes,TX5,Active,2020-01-01,
GL-004967,114967,Accounts Receivable 4967,Asset,Current Asset,CC-00967,GL-000001,USD,Debit,Balance Sheet,Yes,TX14,Active,2020-01-01,
GL-004968,124968,Inventory 4968,Asset,Current Asset,CC-00968,GL-000002,USD,Debit,Balance Sheet,Yes,TX14,Active,2020-01-01,
GL-004969,134969,Fixed Assets 4969,Asset,Non Current Asset,CC-00969,GL-000003,USD,Debit,Balance Sheet,Yes,TX14,Active,2020-01-01,
GL-004970,204970,Accounts Payable 4970,Liability,Current Liability,CC-00970,GL-000004,USD,Credit,Balance Sheet,Yes,EXEMPT,Active,2020-01-01,
GL-004971,304971,Equity 4971,Equity,Equity,CC-00971,GL-000005,USD,Credit,Balance Sheet,Yes,TX14,Active,2020-01-01,
GL-004972,404972,Sales Revenue 4972,Revenue,Operating Revenue,CC-00972,GL-000006,USD,Credit,Income Statement,Yes,TX0,Active,2020-01-01,
GL-004973,504973,Cost of Goods Sold 4973,Expense,COGS,CC-00973,GL-000007,USD,Debit,Income Statement,Yes,TX5,Active,2020-01-01,
GL-004974,514974,Production Cost 4974,Expense,Manufacturing,CC-00974,GL-000008,USD,Debit,Income Statement,Yes,EXEMPT,Active,2020-01-01,
GL-004975,524975,Maintenance Expense 4975,Expense,Maintenance,CC-00975,GL-000009,USD,Debit,Income Statement,Yes,TX5,Active,2020-01-01,
GL-004976,534976,Utilities Expense 4976,Expense,Utilities,CC-00976,GL-000010,USD,Debit,Income Statement,Yes,TX0,Active,2020-01-01,
GL-004977,544977,Quality Expense 4977,Expense,Quality,CC-00977,GL-000011,USD,Debit,Income Statement,Yes,EXEMPT,Active,2020-01-01,
GL-004978,554978,Warehouse Expense 4978,Expense,Warehouse,CC-00978,GL-000012,USD,Debit,Income Statement,Yes,TX0,Active,2020-01-01,
GL-004979,564979,Sales Expense 4979,Expense,Sales,CC-00979,GL-000013,USD,Debit,Income Statement,Yes,EXEMPT,Active,2020-01-01,
GL-004980,574980,Administrative Expense 4980,Expense,Administration,CC-00980,GL-000014,USD,Debit,Income Statement,Yes,TX5,Active,2020-01-01,
GL-004981,104981,Cash 4981,Asset,Current Asset,CC-00981,GL-000015,USD,Debit,Balance Sheet,Yes,TX5,Active,2020-01-01,
GL-004982,114982,Accounts Receivable 4982,Asset,Current Asset,CC-00982,GL-000001,USD,Debit,Balance Sheet,Yes,TX0,Active,2020-01-01,
GL-004983,124983,Inventory 4983,Asset,Current Asset,CC-00983,GL-000002,USD,Debit,Balance Sheet,Yes,TX0,Active,2020-01-01,
GL-004984,134984,Fixed Assets 4984,Asset,Non Current Asset,CC-00984,GL-000003,USD,Debit,Balance Sheet,Yes,TX5,Active,2020-01-01,
GL-004985,204985,Accounts Payable 4985,Liability,Current Liability,CC-00985,GL-000004,USD,Credit,Balance Sheet,Yes,TX14,Active,2020-01-01,
GL-004986,304986,Equity 4986,Equity,Equity,CC-00986,GL-000005,USD,Credit,Balance Sheet,Yes,TX0,Active,2020-01-01,
GL-004987,404987,Sales Revenue 4987,Revenue,Operating Revenue,CC-00987,GL-000006,USD,Credit,Income Statement,Yes,TX0,Active,2020-01-01,
GL-004988,504988,Cost of Goods Sold 4988,Expense,COGS,CC-00988,GL-000007,USD,Debit,Income Statement,Yes,TX14,Active,2020-01-01,
GL-004989,514989,Production Cost 4989,Expense,Manufacturing,CC-00989,GL-000008,USD,Debit,Income Statement,Yes,TX0,Active,2020-01-01,
GL-004990,524990,Maintenance Expense 4990,Expense,Maintenance,CC-00990,GL-000009,USD,Debit,Income Statement,Yes,TX5,Active,2020-01-01,
GL-004991,534991,Utilities Expense 4991,Expense,Utilities,CC-00991,GL-000010,USD,Debit,Income Statement,Yes,TX14,Active,2020-01-01,
GL-004992,544992,Quality Expense 4992,Expense,Quality,CC-00992,GL-000011,USD,Debit,Income Statement,Yes,TX14,Active,2020-01-01,
GL-004993,554993,Warehouse Expense 4993,Expense,Warehouse,CC-00993,GL-000012,USD,Debit,Income Statement,Yes,TX0,Active,2020-01-01,
GL-004994,564994,Sales Expense 4994,Expense,Sales,CC-00994,GL-000013,USD,Debit,Income Statement,Yes,EXEMPT,Active,2020-01-01,
GL-004995,574995,Administrative Expense 4995,Expense,Administration,CC-00995,GL-000014,USD,Debit,Income Statement,Yes,EXEMPT,Active,2020-01-01,
GL-004996,104996,Cash 4996,Asset,Current Asset,CC-00996,GL-000015,USD,Debit,Balance Sheet,Yes,EXEMPT,Active,2020-01-01,
GL-004997,114997,Accounts Receivable 4997,Asset,Current Asset,CC-00997,GL-000001,USD,Debit,Balance Sheet,Yes,EXEMPT,Active,2020-01-01,
GL-004998,124998,Inventory 4998,Asset,Current Asset,CC-00998,GL-000002,USD,Debit,Balance Sheet,Yes,TX14,Active,2020-01-01,
GL-004999,134999,Fixed Assets 4999,Asset,Non Current Asset,CC-00999,GL-000003,USD,Debit,Balance Sheet,Yes,EXEMPT,Active,2020-01-01,
GL-005000,205000,Accounts Payable 5000,Liability,Current Liability,CC-01000,GL-000004,USD,Credit,Balance Sheet,Yes,EXEMPT,Active,2020-01-01,
