Date_Key,Date,Year,Quarter,Month,Month_Name,Month_Short,Week_of_Year,Day,Day_Name,Day_Short,Day_of_Week,Is_Weekend,Is_Month_Start,Is_Month_End,Fiscal_Year,Fiscal_Quarter,Fiscal_Month,Is_Leap_Year,Day_of_Year
20200101,2020-01-01,2020,1,1,January,Jan,1,1,Wednesday,Wed,3,No,Yes,No,2020,1,1,Yes,1
20200102,2020-01-02,2020,1,1,January,Jan,1,2,Thursday,Thu,4,No,No,No,2020,1,1,Yes,2
20200103,2020-01-03,2020,1,1,January,Jan,1,3,Friday,Fri,5,No,No,No,2020,1,1,Yes,3
20200104,2020-01-04,2020,1,1,January,Jan,1,4,Saturday,Sat,6,Yes,No,No,2020,1,1,Yes,4
20200105,2020-01-05,2020,1,1,January,Jan,1,5,Sunday,Sun,7,Yes,No,No,2020,1,1,Yes,5
20200106,2020-01-06,2020,1,1,January,Jan,2,6,Monday,Mon,1,No,No,No,2020,1,1,Yes,6
20200107,2020-01-07,2020,1,1,January,Jan,2,7,Tuesday,Tue,2,No,No,No,2020,1,1,Yes,7
20200108,2020-01-08,2020,1,1,January,Jan,2,8,Wednesday,Wed,3,No,No,No,2020,1,1,Yes,8
20200109,2020-01-09,2020,1,1,January,Jan,2,9,Thursday,Thu,4,No,No,No,2020,1,1,Yes,9
20200110,2020-01-10,2020,1,1,January,Jan,2,10,Friday,Fri,5,No,No,No,2020,1,1,Yes,10
20200111,2020-01-11,2020,1,1,January,Jan,2,11,Saturday,Sat,6,Yes,No,No,2020,1,1,Yes,11
20200112,2020-01-12,2020,1,1,January,Jan,2,12,Sunday,Sun,7,Yes,No,No,2020,1,1,Yes,12
20200113,2020-01-13,2020,1,1,January,Jan,3,13,Monday,Mon,1,No,No,No,2020,1,1,Yes,13
20200114,2020-01-14,2020,1,1,January,Jan,3,14,Tuesday,Tue,2,No,No,No,2020,1,1,Yes,14
20200115,2020-01-15,2020,1,1,January,Jan,3,15,Wednesday,Wed,3,No,No,No,2020,1,1,Yes,15
20200116,2020-01-16,2020,1,1,January,Jan,3,16,Thursday,Thu,4,No,No,No,2020,1,1,Yes,16
20200117,2020-01-17,2020,1,1,January,Jan,3,17,Friday,Fri,5,No,No,No,2020,1,1,Yes,17
20200118,2020-01-18,2020,1,1,January,Jan,3,18,Saturday,Sat,6,Yes,No,No,2020,1,1,Yes,18
20200119,2020-01-19,2020,1,1,January,Jan,3,19,Sunday,Sun,7,Yes,No,No,2020,1,1,Yes,19
20200120,2020-01-20,2020,1,1,January,Jan,4,20,Monday,Mon,1,No,No,No,2020,1,1,Yes,20
20200121,2020-01-21,2020,1,1,January,Jan,4,21,Tuesday,Tue,2,No,No,No,2020,1,1,Yes,21
20200122,2020-01-22,2020,1,1,January,Jan,4,22,Wednesday,Wed,3,No,No,No,2020,1,1,Yes,22
20200123,2020-01-23,2020,1,1,January,Jan,4,23,Thursday,Thu,4,No,No,No,2020,1,1,Yes,23
20200124,2020-01-24,2020,1,1,January,Jan,4,24,Friday,Fri,5,No,No,No,2020,1,1,Yes,24
20200125,2020-01-25,2020,1,1,January,Jan,4,25,Saturday,Sat,6,Yes,No,No,2020,1,1,Yes,25
20200126,2020-01-26,2020,1,1,January,Jan,4,26,Sunday,Sun,7,Yes,No,No,2020,1,1,Yes,26
20200127,2020-01-27,2020,1,1,January,Jan,5,27,Monday,Mon,1,No,No,No,2020,1,1,Yes,27
20200128,2020-01-28,2020,1,1,January,Jan,5,28,Tuesday,Tue,2,No,No,No,2020,1,1,Yes,28
20200129,2020-01-29,2020,1,1,January,Jan,5,29,Wednesday,Wed,3,No,No,No,2020,1,1,Yes,29
20200130,2020-01-30,2020,1,1,January,Jan,5,30,Thursday,Thu,4,No,No,No,2020,1,1,Yes,30
20200131,2020-01-31,2020,1,1,January,Jan,5,31,Friday,Fri,5,No,No,Yes,2020,1,1,Yes,31
20200201,2020-02-01,2020,1,2,February,Feb,5,1,Saturday,Sat,6,Yes,Yes,No,2020,1,2,Yes,32
20200202,2020-02-02,2020,1,2,February,Feb,5,2,Sunday,Sun,7,Yes,No,No,2020,1,2,Yes,33
20200203,2020-02-03,2020,1,2,February,Feb,6,3,Monday,Mon,1,No,No,No,2020,1,2,Yes,34
20200204,2020-02-04,2020,1,2,February,Feb,6,4,Tuesday,Tue,2,No,No,No,2020,1,2,Yes,35
20200205,2020-02-05,2020,1,2,February,Feb,6,5,Wednesday,Wed,3,No,No,No,2020,1,2,Yes,36
20200206,2020-02-06,2020,1,2,February,Feb,6,6,Thursday,Thu,4,No,No,No,2020,1,2,Yes,37
20200207,2020-02-07,2020,1,2,February,Feb,6,7,Friday,Fri,5,No,No,No,2020,1,2,Yes,38
20200208,2020-02-08,2020,1,2,February,Feb,6,8,Saturday,Sat,6,Yes,No,No,2020,1,2,Yes,39
20200209,2020-02-09,2020,1,2,February,Feb,6,9,Sunday,Sun,7,Yes,No,No,2020,1,2,Yes,40
20200210,2020-02-10,2020,1,2,February,Feb,7,10,Monday,Mon,1,No,No,No,2020,1,2,Yes,41
20200211,2020-02-11,2020,1,2,February,Feb,7,11,Tuesday,Tue,2,No,No,No,2020,1,2,Yes,42
20200212,2020-02-12,2020,1,2,February,Feb,7,12,Wednesday,Wed,3,No,No,No,2020,1,2,Yes,43
20200213,2020-02-13,2020,1,2,February,Feb,7,13,Thursday,Thu,4,No,No,No,2020,1,2,Yes,44
20200214,2020-02-14,2020,1,2,February,Feb,7,14,Friday,Fri,5,No,No,No,2020,1,2,Yes,45
20200215,2020-02-15,2020,1,2,February,Feb,7,15,Saturday,Sat,6,Yes,No,No,2020,1,2,Yes,46
20200216,2020-02-16,2020,1,2,February,Feb,7,16,Sunday,Sun,7,Yes,No,No,2020,1,2,Yes,47
20200217,2020-02-17,2020,1,2,February,Feb,8,17,Monday,Mon,1,No,No,No,2020,1,2,Yes,48
20200218,2020-02-18,2020,1,2,February,Feb,8,18,Tuesday,Tue,2,No,No,No,2020,1,2,Yes,49
20200219,2020-02-19,2020,1,2,February,Feb,8,19,Wednesday,Wed,3,No,No,No,2020,1,2,Yes,50
20200220,2020-02-20,2020,1,2,February,Feb,8,20,Thursday,Thu,4,No,No,No,2020,1,2,Yes,51
20200221,2020-02-21,2020,1,2,February,Feb,8,21,Friday,Fri,5,No,No,No,2020,1,2,Yes,52
20200222,2020-02-22,2020,1,2,February,Feb,8,22,Saturday,Sat,6,Yes,No,No,2020,1,2,Yes,53
20200223,2020-02-23,2020,1,2,February,Feb,8,23,Sunday,Sun,7,Yes,No,No,2020,1,2,Yes,54
20200224,2020-02-24,2020,1,2,February,Feb,9,24,Monday,Mon,1,No,No,No,2020,1,2,Yes,55
20200225,2020-02-25,2020,1,2,February,Feb,9,25,Tuesday,Tue,2,No,No,No,2020,1,2,Yes,56
20200226,2020-02-26,2020,1,2,February,Feb,9,26,Wednesday,Wed,3,No,No,No,2020,1,2,Yes,57
20200227,2020-02-27,2020,1,2,February,Feb,9,27,Thursday,Thu,4,No,No,No,2020,1,2,Yes,58
20200228,2020-02-28,2020,1,2,February,Feb,9,28,Friday,Fri,5,No,No,No,2020,1,2,Yes,59
20200229,2020-02-29,2020,1,2,February,Feb,9,29,Saturday,Sat,6,Yes,No,Yes,2020,1,2,Yes,60
20200301,2020-03-01,2020,1,3,March,Mar,9,1,Sunday,Sun,7,Yes,Yes,No,2020,1,3,Yes,61
20200302,2020-03-02,2020,1,3,March,Mar,10,2,Monday,Mon,1,No,No,No,2020,1,3,Yes,62
20200303,2020-03-03,2020,1,3,March,Mar,10,3,Tuesday,Tue,2,No,No,No,2020,1,3,Yes,63
20200304,2020-03-04,2020,1,3,March,Mar,10,4,Wednesday,Wed,3,No,No,No,2020,1,3,Yes,64
20200305,2020-03-05,2020,1,3,March,Mar,10,5,Thursday,Thu,4,No,No,No,2020,1,3,Yes,65
20200306,2020-03-06,2020,1,3,March,Mar,10,6,Friday,Fri,5,No,No,No,2020,1,3,Yes,66
20200307,2020-03-07,2020,1,3,March,Mar,10,7,Saturday,Sat,6,Yes,No,No,2020,1,3,Yes,67
20200308,2020-03-08,2020,1,3,March,Mar,10,8,Sunday,Sun,7,Yes,No,No,2020,1,3,Yes,68
20200309,2020-03-09,2020,1,3,March,Mar,11,9,Monday,Mon,1,No,No,No,2020,1,3,Yes,69
20200310,2020-03-10,2020,1,3,March,Mar,11,10,Tuesday,Tue,2,No,No,No,2020,1,3,Yes,70
20200311,2020-03-11,2020,1,3,March,Mar,11,11,Wednesday,Wed,3,No,No,No,2020,1,3,Yes,71
20200312,2020-03-12,2020,1,3,March,Mar,11,12,Thursday,Thu,4,No,No,No,2020,1,3,Yes,72
20200313,2020-03-13,2020,1,3,March,Mar,11,13,Friday,Fri,5,No,No,No,2020,1,3,Yes,73
20200314,2020-03-14,2020,1,3,March,Mar,11,14,Saturday,Sat,6,Yes,No,No,2020,1,3,Yes,74
20200315,2020-03-15,2020,1,3,March,Mar,11,15,Sunday,Sun,7,Yes,No,No,2020,1,3,Yes,75
20200316,2020-03-16,2020,1,3,March,Mar,12,16,Monday,Mon,1,No,No,No,2020,1,3,Yes,76
20200317,2020-03-17,2020,1,3,March,Mar,12,17,Tuesday,Tue,2,No,No,No,2020,1,3,Yes,77
20200318,2020-03-18,2020,1,3,March,Mar,12,18,Wednesday,Wed,3,No,No,No,2020,1,3,Yes,78
20200319,2020-03-19,2020,1,3,March,Mar,12,19,Thursday,Thu,4,No,No,No,2020,1,3,Yes,79
20200320,2020-03-20,2020,1,3,March,Mar,12,20,Friday,Fri,5,No,No,No,2020,1,3,Yes,80
20200321,2020-03-21,2020,1,3,March,Mar,12,21,Saturday,Sat,6,Yes,No,No,2020,1,3,Yes,81
20200322,2020-03-22,2020,1,3,March,Mar,12,22,Sunday,Sun,7,Yes,No,No,2020,1,3,Yes,82
20200323,2020-03-23,2020,1,3,March,Mar,13,23,Monday,Mon,1,No,No,No,2020,1,3,Yes,83
20200324,2020-03-24,2020,1,3,March,Mar,13,24,Tuesday,Tue,2,No,No,No,2020,1,3,Yes,84
20200325,2020-03-25,2020,1,3,March,Mar,13,25,Wednesday,Wed,3,No,No,No,2020,1,3,Yes,85
20200326,2020-03-26,2020,1,3,March,Mar,13,26,Thursday,Thu,4,No,No,No,2020,1,3,Yes,86
20200327,2020-03-27,2020,1,3,March,Mar,13,27,Friday,Fri,5,No,No,No,2020,1,3,Yes,87
20200328,2020-03-28,2020,1,3,March,Mar,13,28,Saturday,Sat,6,Yes,No,No,2020,1,3,Yes,88
20200329,2020-03-29,2020,1,3,March,Mar,13,29,Sunday,Sun,7,Yes,No,No,2020,1,3,Yes,89
20200330,2020-03-30,2020,1,3,March,Mar,14,30,Monday,Mon,1,No,No,No,2020,1,3,Yes,90
20200331,2020-03-31,2020,1,3,March,Mar,14,31,Tuesday,Tue,2,No,No,Yes,2020,1,3,Yes,91
20200401,2020-04-01,2020,2,4,April,Apr,14,1,Wednesday,Wed,3,No,Yes,No,2020,2,4,Yes,92
20200402,2020-04-02,2020,2,4,April,Apr,14,2,Thursday,Thu,4,No,No,No,2020,2,4,Yes,93
20200403,2020-04-03,2020,2,4,April,Apr,14,3,Friday,Fri,5,No,No,No,2020,2,4,Yes,94
20200404,2020-04-04,2020,2,4,April,Apr,14,4,Saturday,Sat,6,Yes,No,No,2020,2,4,Yes,95
20200405,2020-04-05,2020,2,4,April,Apr,14,5,Sunday,Sun,7,Yes,No,No,2020,2,4,Yes,96
20200406,2020-04-06,2020,2,4,April,Apr,15,6,Monday,Mon,1,No,No,No,2020,2,4,Yes,97
20200407,2020-04-07,2020,2,4,April,Apr,15,7,Tuesday,Tue,2,No,No,No,2020,2,4,Yes,98
20200408,2020-04-08,2020,2,4,April,Apr,15,8,Wednesday,Wed,3,No,No,No,2020,2,4,Yes,99
20200409,2020-04-09,2020,2,4,April,Apr,15,9,Thursday,Thu,4,No,No,No,2020,2,4,Yes,100
20200410,2020-04-10,2020,2,4,April,Apr,15,10,Friday,Fri,5,No,No,No,2020,2,4,Yes,101
20200411,2020-04-11,2020,2,4,April,Apr,15,11,Saturday,Sat,6,Yes,No,No,2020,2,4,Yes,102
20200412,2020-04-12,2020,2,4,April,Apr,15,12,Sunday,Sun,7,Yes,No,No,2020,2,4,Yes,103
20200413,2020-04-13,2020,2,4,April,Apr,16,13,Monday,Mon,1,No,No,No,2020,2,4,Yes,104
20200414,2020-04-14,2020,2,4,April,Apr,16,14,Tuesday,Tue,2,No,No,No,2020,2,4,Yes,105
20200415,2020-04-15,2020,2,4,April,Apr,16,15,Wednesday,Wed,3,No,No,No,2020,2,4,Yes,106
20200416,2020-04-16,2020,2,4,April,Apr,16,16,Thursday,Thu,4,No,No,No,2020,2,4,Yes,107
20200417,2020-04-17,2020,2,4,April,Apr,16,17,Friday,Fri,5,No,No,No,2020,2,4,Yes,108
20200418,2020-04-18,2020,2,4,April,Apr,16,18,Saturday,Sat,6,Yes,No,No,2020,2,4,Yes,109
20200419,2020-04-19,2020,2,4,April,Apr,16,19,Sunday,Sun,7,Yes,No,No,2020,2,4,Yes,110
20200420,2020-04-20,2020,2,4,April,Apr,17,20,Monday,Mon,1,No,No,No,2020,2,4,Yes,111
20200421,2020-04-21,2020,2,4,April,Apr,17,21,Tuesday,Tue,2,No,No,No,2020,2,4,Yes,112
20200422,2020-04-22,2020,2,4,April,Apr,17,22,Wednesday,Wed,3,No,No,No,2020,2,4,Yes,113
20200423,2020-04-23,2020,2,4,April,Apr,17,23,Thursday,Thu,4,No,No,No,2020,2,4,Yes,114
20200424,2020-04-24,2020,2,4,April,Apr,17,24,Friday,Fri,5,No,No,No,2020,2,4,Yes,115
20200425,2020-04-25,2020,2,4,April,Apr,17,25,Saturday,Sat,6,Yes,No,No,2020,2,4,Yes,116
20200426,2020-04-26,2020,2,4,April,Apr,17,26,Sunday,Sun,7,Yes,No,No,2020,2,4,Yes,117
20200427,2020-04-27,2020,2,4,April,Apr,18,27,Monday,Mon,1,No,No,No,2020,2,4,Yes,118
20200428,2020-04-28,2020,2,4,April,Apr,18,28,Tuesday,Tue,2,No,No,No,2020,2,4,Yes,119
20200429,2020-04-29,2020,2,4,April,Apr,18,29,Wednesday,Wed,3,No,No,No,2020,2,4,Yes,120
20200430,2020-04-30,2020,2,4,April,Apr,18,30,Thursday,Thu,4,No,No,Yes,2020,2,4,Yes,121
20200501,2020-05-01,2020,2,5,May,May,18,1,Friday,Fri,5,No,Yes,No,2020,2,5,Yes,122
20200502,2020-05-02,2020,2,5,May,May,18,2,Saturday,Sat,6,Yes,No,No,2020,2,5,Yes,123
20200503,2020-05-03,2020,2,5,May,May,18,3,Sunday,Sun,7,Yes,No,No,2020,2,5,Yes,124
20200504,2020-05-04,2020,2,5,May,May,19,4,Monday,Mon,1,No,No,No,2020,2,5,Yes,125
20200505,2020-05-05,2020,2,5,May,May,19,5,Tuesday,Tue,2,No,No,No,2020,2,5,Yes,126
20200506,2020-05-06,2020,2,5,May,May,19,6,Wednesday,Wed,3,No,No,No,2020,2,5,Yes,127
20200507,2020-05-07,2020,2,5,May,May,19,7,Thursday,Thu,4,No,No,No,2020,2,5,Yes,128
20200508,2020-05-08,2020,2,5,May,May,19,8,Friday,Fri,5,No,No,No,2020,2,5,Yes,129
20200509,2020-05-09,2020,2,5,May,May,19,9,Saturday,Sat,6,Yes,No,No,2020,2,5,Yes,130
20200510,2020-05-10,2020,2,5,May,May,19,10,Sunday,Sun,7,Yes,No,No,2020,2,5,Yes,131
20200511,2020-05-11,2020,2,5,May,May,20,11,Monday,Mon,1,No,No,No,2020,2,5,Yes,132
20200512,2020-05-12,2020,2,5,May,May,20,12,Tuesday,Tue,2,No,No,No,2020,2,5,Yes,133
20200513,2020-05-13,2020,2,5,May,May,20,13,Wednesday,Wed,3,No,No,No,2020,2,5,Yes,134
20200514,2020-05-14,2020,2,5,May,May,20,14,Thursday,Thu,4,No,No,No,2020,2,5,Yes,135
20200515,2020-05-15,2020,2,5,May,May,20,15,Friday,Fri,5,No,No,No,2020,2,5,Yes,136
20200516,2020-05-16,2020,2,5,May,May,20,16,Saturday,Sat,6,Yes,No,No,2020,2,5,Yes,137
20200517,2020-05-17,2020,2,5,May,May,20,17,Sunday,Sun,7,Yes,No,No,2020,2,5,Yes,138
20200518,2020-05-18,2020,2,5,May,May,21,18,Monday,Mon,1,No,No,No,2020,2,5,Yes,139
20200519,2020-05-19,2020,2,5,May,May,21,19,Tuesday,Tue,2,No,No,No,2020,2,5,Yes,140
20200520,2020-05-20,2020,2,5,May,May,21,20,Wednesday,Wed,3,No,No,No,2020,2,5,Yes,141
20200521,2020-05-21,2020,2,5,May,May,21,21,Thursday,Thu,4,No,No,No,2020,2,5,Yes,142
20200522,2020-05-22,2020,2,5,May,May,21,22,Friday,Fri,5,No,No,No,2020,2,5,Yes,143
20200523,2020-05-23,2020,2,5,May,May,21,23,Saturday,Sat,6,Yes,No,No,2020,2,5,Yes,144
20200524,2020-05-24,2020,2,5,May,May,21,24,Sunday,Sun,7,Yes,No,No,2020,2,5,Yes,145
20200525,2020-05-25,2020,2,5,May,May,22,25,Monday,Mon,1,No,No,No,2020,2,5,Yes,146
20200526,2020-05-26,2020,2,5,May,May,22,26,Tuesday,Tue,2,No,No,No,2020,2,5,Yes,147
20200527,2020-05-27,2020,2,5,May,May,22,27,Wednesday,Wed,3,No,No,No,2020,2,5,Yes,148
20200528,2020-05-28,2020,2,5,May,May,22,28,Thursday,Thu,4,No,No,No,2020,2,5,Yes,149
20200529,2020-05-29,2020,2,5,May,May,22,29,Friday,Fri,5,No,No,No,2020,2,5,Yes,150
20200530,2020-05-30,2020,2,5,May,May,22,30,Saturday,Sat,6,Yes,No,No,2020,2,5,Yes,151
20200531,2020-05-31,2020,2,5,May,May,22,31,Sunday,Sun,7,Yes,No,Yes,2020,2,5,Yes,152
20200601,2020-06-01,2020,2,6,June,Jun,23,1,Monday,Mon,1,No,Yes,No,2020,2,6,Yes,153
20200602,2020-06-02,2020,2,6,June,Jun,23,2,Tuesday,Tue,2,No,No,No,2020,2,6,Yes,154
20200603,2020-06-03,2020,2,6,June,Jun,23,3,Wednesday,Wed,3,No,No,No,2020,2,6,Yes,155
20200604,2020-06-04,2020,2,6,June,Jun,23,4,Thursday,Thu,4,No,No,No,2020,2,6,Yes,156
20200605,2020-06-05,2020,2,6,June,Jun,23,5,Friday,Fri,5,No,No,No,2020,2,6,Yes,157
20200606,2020-06-06,2020,2,6,June,Jun,23,6,Saturday,Sat,6,Yes,No,No,2020,2,6,Yes,158
20200607,2020-06-07,2020,2,6,June,Jun,23,7,Sunday,Sun,7,Yes,No,No,2020,2,6,Yes,159
20200608,2020-06-08,2020,2,6,June,Jun,24,8,Monday,Mon,1,No,No,No,2020,2,6,Yes,160
20200609,2020-06-09,2020,2,6,June,Jun,24,9,Tuesday,Tue,2,No,No,No,2020,2,6,Yes,161
20200610,2020-06-10,2020,2,6,June,Jun,24,10,Wednesday,Wed,3,No,No,No,2020,2,6,Yes,162
20200611,2020-06-11,2020,2,6,June,Jun,24,11,Thursday,Thu,4,No,No,No,2020,2,6,Yes,163
20200612,2020-06-12,2020,2,6,June,Jun,24,12,Friday,Fri,5,No,No,No,2020,2,6,Yes,164
20200613,2020-06-13,2020,2,6,June,Jun,24,13,Saturday,Sat,6,Yes,No,No,2020,2,6,Yes,165
20200614,2020-06-14,2020,2,6,June,Jun,24,14,Sunday,Sun,7,Yes,No,No,2020,2,6,Yes,166
20200615,2020-06-15,2020,2,6,June,Jun,25,15,Monday,Mon,1,No,No,No,2020,2,6,Yes,167
20200616,2020-06-16,2020,2,6,June,Jun,25,16,Tuesday,Tue,2,No,No,No,2020,2,6,Yes,168
20200617,2020-06-17,2020,2,6,June,Jun,25,17,Wednesday,Wed,3,No,No,No,2020,2,6,Yes,169
20200618,2020-06-18,2020,2,6,June,Jun,25,18,Thursday,Thu,4,No,No,No,2020,2,6,Yes,170
20200619,2020-06-19,2020,2,6,June,Jun,25,19,Friday,Fri,5,No,No,No,2020,2,6,Yes,171
20200620,2020-06-20,2020,2,6,June,Jun,25,20,Saturday,Sat,6,Yes,No,No,2020,2,6,Yes,172
20200621,2020-06-21,2020,2,6,June,Jun,25,21,Sunday,Sun,7,Yes,No,No,2020,2,6,Yes,173
20200622,2020-06-22,2020,2,6,June,Jun,26,22,Monday,Mon,1,No,No,No,2020,2,6,Yes,174
20200623,2020-06-23,2020,2,6,June,Jun,26,23,Tuesday,Tue,2,No,No,No,2020,2,6,Yes,175
20200624,2020-06-24,2020,2,6,June,Jun,26,24,Wednesday,Wed,3,No,No,No,2020,2,6,Yes,176
20200625,2020-06-25,2020,2,6,June,Jun,26,25,Thursday,Thu,4,No,No,No,2020,2,6,Yes,177
20200626,2020-06-26,2020,2,6,June,Jun,26,26,Friday,Fri,5,No,No,No,2020,2,6,Yes,178
20200627,2020-06-27,2020,2,6,June,Jun,26,27,Saturday,Sat,6,Yes,No,No,2020,2,6,Yes,179
20200628,2020-06-28,2020,2,6,June,Jun,26,28,Sunday,Sun,7,Yes,No,No,2020,2,6,Yes,180
20200629,2020-06-29,2020,2,6,June,Jun,27,29,Monday,Mon,1,No,No,No,2020,2,6,Yes,181
20200630,2020-06-30,2020,2,6,June,Jun,27,30,Tuesday,Tue,2,No,No,Yes,2020,2,6,Yes,182
20200701,2020-07-01,2020,3,7,July,Jul,27,1,Wednesday,Wed,3,No,Yes,No,2020,3,7,Yes,183
20200702,2020-07-02,2020,3,7,July,Jul,27,2,Thursday,Thu,4,No,No,No,2020,3,7,Yes,184
20200703,2020-07-03,2020,3,7,July,Jul,27,3,Friday,Fri,5,No,No,No,2020,3,7,Yes,185
20200704,2020-07-04,2020,3,7,July,Jul,27,4,Saturday,Sat,6,Yes,No,No,2020,3,7,Yes,186
20200705,2020-07-05,2020,3,7,July,Jul,27,5,Sunday,Sun,7,Yes,No,No,2020,3,7,Yes,187
20200706,2020-07-06,2020,3,7,July,Jul,28,6,Monday,Mon,1,No,No,No,2020,3,7,Yes,188
20200707,2020-07-07,2020,3,7,July,Jul,28,7,Tuesday,Tue,2,No,No,No,2020,3,7,Yes,189
20200708,2020-07-08,2020,3,7,July,Jul,28,8,Wednesday,Wed,3,No,No,No,2020,3,7,Yes,190
20200709,2020-07-09,2020,3,7,July,Jul,28,9,Thursday,Thu,4,No,No,No,2020,3,7,Yes,191
20200710,2020-07-10,2020,3,7,July,Jul,28,10,Friday,Fri,5,No,No,No,2020,3,7,Yes,192
20200711,2020-07-11,2020,3,7,July,Jul,28,11,Saturday,Sat,6,Yes,No,No,2020,3,7,Yes,193
20200712,2020-07-12,2020,3,7,July,Jul,28,12,Sunday,Sun,7,Yes,No,No,2020,3,7,Yes,194
20200713,2020-07-13,2020,3,7,July,Jul,29,13,Monday,Mon,1,No,No,No,2020,3,7,Yes,195
20200714,2020-07-14,2020,3,7,July,Jul,29,14,Tuesday,Tue,2,No,No,No,2020,3,7,Yes,196
20200715,2020-07-15,2020,3,7,July,Jul,29,15,Wednesday,Wed,3,No,No,No,2020,3,7,Yes,197
20200716,2020-07-16,2020,3,7,July,Jul,29,16,Thursday,Thu,4,No,No,No,2020,3,7,Yes,198
20200717,2020-07-17,2020,3,7,July,Jul,29,17,Friday,Fri,5,No,No,No,2020,3,7,Yes,199
20200718,2020-07-18,2020,3,7,July,Jul,29,18,Saturday,Sat,6,Yes,No,No,2020,3,7,Yes,200
20200719,2020-07-19,2020,3,7,July,Jul,29,19,Sunday,Sun,7,Yes,No,No,2020,3,7,Yes,201
20200720,2020-07-20,2020,3,7,July,Jul,30,20,Monday,Mon,1,No,No,No,2020,3,7,Yes,202
20200721,2020-07-21,2020,3,7,July,Jul,30,21,Tuesday,Tue,2,No,No,No,2020,3,7,Yes,203
20200722,2020-07-22,2020,3,7,July,Jul,30,22,Wednesday,Wed,3,No,No,No,2020,3,7,Yes,204
20200723,2020-07-23,2020,3,7,July,Jul,30,23,Thursday,Thu,4,No,No,No,2020,3,7,Yes,205
20200724,2020-07-24,2020,3,7,July,Jul,30,24,Friday,Fri,5,No,No,No,2020,3,7,Yes,206
20200725,2020-07-25,2020,3,7,July,Jul,30,25,Saturday,Sat,6,Yes,No,No,2020,3,7,Yes,207
20200726,2020-07-26,2020,3,7,July,Jul,30,26,Sunday,Sun,7,Yes,No,No,2020,3,7,Yes,208
20200727,2020-07-27,2020,3,7,July,Jul,31,27,Monday,Mon,1,No,No,No,2020,3,7,Yes,209
20200728,2020-07-28,2020,3,7,July,Jul,31,28,Tuesday,Tue,2,No,No,No,2020,3,7,Yes,210
20200729,2020-07-29,2020,3,7,July,Jul,31,29,Wednesday,Wed,3,No,No,No,2020,3,7,Yes,211
20200730,2020-07-30,2020,3,7,July,Jul,31,30,Thursday,Thu,4,No,No,No,2020,3,7,Yes,212
20200731,2020-07-31,2020,3,7,July,Jul,31,31,Friday,Fri,5,No,No,Yes,2020,3,7,Yes,213
20200801,2020-08-01,2020,3,8,August,Aug,31,1,Saturday,Sat,6,Yes,Yes,No,2020,3,8,Yes,214
20200802,2020-08-02,2020,3,8,August,Aug,31,2,Sunday,Sun,7,Yes,No,No,2020,3,8,Yes,215
20200803,2020-08-03,2020,3,8,August,Aug,32,3,Monday,Mon,1,No,No,No,2020,3,8,Yes,216
20200804,2020-08-04,2020,3,8,August,Aug,32,4,Tuesday,Tue,2,No,No,No,2020,3,8,Yes,217
20200805,2020-08-05,2020,3,8,August,Aug,32,5,Wednesday,Wed,3,No,No,No,2020,3,8,Yes,218
20200806,2020-08-06,2020,3,8,August,Aug,32,6,Thursday,Thu,4,No,No,No,2020,3,8,Yes,219
20200807,2020-08-07,2020,3,8,August,Aug,32,7,Friday,Fri,5,No,No,No,2020,3,8,Yes,220
20200808,2020-08-08,2020,3,8,August,Aug,32,8,Saturday,Sat,6,Yes,No,No,2020,3,8,Yes,221
20200809,2020-08-09,2020,3,8,August,Aug,32,9,Sunday,Sun,7,Yes,No,No,2020,3,8,Yes,222
20200810,2020-08-10,2020,3,8,August,Aug,33,10,Monday,Mon,1,No,No,No,2020,3,8,Yes,223
20200811,2020-08-11,2020,3,8,August,Aug,33,11,Tuesday,Tue,2,No,No,No,2020,3,8,Yes,224
20200812,2020-08-12,2020,3,8,August,Aug,33,12,Wednesday,Wed,3,No,No,No,2020,3,8,Yes,225
20200813,2020-08-13,2020,3,8,August,Aug,33,13,Thursday,Thu,4,No,No,No,2020,3,8,Yes,226
20200814,2020-08-14,2020,3,8,August,Aug,33,14,Friday,Fri,5,No,No,No,2020,3,8,Yes,227
20200815,2020-08-15,2020,3,8,August,Aug,33,15,Saturday,Sat,6,Yes,No,No,2020,3,8,Yes,228
20200816,2020-08-16,2020,3,8,August,Aug,33,16,Sunday,Sun,7,Yes,No,No,2020,3,8,Yes,229
20200817,2020-08-17,2020,3,8,August,Aug,34,17,Monday,Mon,1,No,No,No,2020,3,8,Yes,230
20200818,2020-08-18,2020,3,8,August,Aug,34,18,Tuesday,Tue,2,No,No,No,2020,3,8,Yes,231
20200819,2020-08-19,2020,3,8,August,Aug,34,19,Wednesday,Wed,3,No,No,No,2020,3,8,Yes,232
20200820,2020-08-20,2020,3,8,August,Aug,34,20,Thursday,Thu,4,No,No,No,2020,3,8,Yes,233
20200821,2020-08-21,2020,3,8,August,Aug,34,21,Friday,Fri,5,No,No,No,2020,3,8,Yes,234
20200822,2020-08-22,2020,3,8,August,Aug,34,22,Saturday,Sat,6,Yes,No,No,2020,3,8,Yes,235
20200823,2020-08-23,2020,3,8,August,Aug,34,23,Sunday,Sun,7,Yes,No,No,2020,3,8,Yes,236
20200824,2020-08-24,2020,3,8,August,Aug,35,24,Monday,Mon,1,No,No,No,2020,3,8,Yes,237
20200825,2020-08-25,2020,3,8,August,Aug,35,25,Tuesday,Tue,2,No,No,No,2020,3,8,Yes,238
20200826,2020-08-26,2020,3,8,August,Aug,35,26,Wednesday,Wed,3,No,No,No,2020,3,8,Yes,239
20200827,2020-08-27,2020,3,8,August,Aug,35,27,Thursday,Thu,4,No,No,No,2020,3,8,Yes,240
20200828,2020-08-28,2020,3,8,August,Aug,35,28,Friday,Fri,5,No,No,No,2020,3,8,Yes,241
20200829,2020-08-29,2020,3,8,August,Aug,35,29,Saturday,Sat,6,Yes,No,No,2020,3,8,Yes,242
20200830,2020-08-30,2020,3,8,August,Aug,35,30,Sunday,Sun,7,Yes,No,No,2020,3,8,Yes,243
20200831,2020-08-31,2020,3,8,August,Aug,36,31,Monday,Mon,1,No,No,Yes,2020,3,8,Yes,244
20200901,2020-09-01,2020,3,9,September,Sep,36,1,Tuesday,Tue,2,No,Yes,No,2020,3,9,Yes,245
20200902,2020-09-02,2020,3,9,September,Sep,36,2,Wednesday,Wed,3,No,No,No,2020,3,9,Yes,246
20200903,2020-09-03,2020,3,9,September,Sep,36,3,Thursday,Thu,4,No,No,No,2020,3,9,Yes,247
20200904,2020-09-04,2020,3,9,September,Sep,36,4,Friday,Fri,5,No,No,No,2020,3,9,Yes,248
20200905,2020-09-05,2020,3,9,September,Sep,36,5,Saturday,Sat,6,Yes,No,No,2020,3,9,Yes,249
20200906,2020-09-06,2020,3,9,September,Sep,36,6,Sunday,Sun,7,Yes,No,No,2020,3,9,Yes,250
20200907,2020-09-07,2020,3,9,September,Sep,37,7,Monday,Mon,1,No,No,No,2020,3,9,Yes,251
20200908,2020-09-08,2020,3,9,September,Sep,37,8,Tuesday,Tue,2,No,No,No,2020,3,9,Yes,252
20200909,2020-09-09,2020,3,9,September,Sep,37,9,Wednesday,Wed,3,No,No,No,2020,3,9,Yes,253
20200910,2020-09-10,2020,3,9,September,Sep,37,10,Thursday,Thu,4,No,No,No,2020,3,9,Yes,254
20200911,2020-09-11,2020,3,9,September,Sep,37,11,Friday,Fri,5,No,No,No,2020,3,9,Yes,255
20200912,2020-09-12,2020,3,9,September,Sep,37,12,Saturday,Sat,6,Yes,No,No,2020,3,9,Yes,256
20200913,2020-09-13,2020,3,9,September,Sep,37,13,Sunday,Sun,7,Yes,No,No,2020,3,9,Yes,257
20200914,2020-09-14,2020,3,9,September,Sep,38,14,Monday,Mon,1,No,No,No,2020,3,9,Yes,258
20200915,2020-09-15,2020,3,9,September,Sep,38,15,Tuesday,Tue,2,No,No,No,2020,3,9,Yes,259
20200916,2020-09-16,2020,3,9,September,Sep,38,16,Wednesday,Wed,3,No,No,No,2020,3,9,Yes,260
20200917,2020-09-17,2020,3,9,September,Sep,38,17,Thursday,Thu,4,No,No,No,2020,3,9,Yes,261
20200918,2020-09-18,2020,3,9,September,Sep,38,18,Friday,Fri,5,No,No,No,2020,3,9,Yes,262
20200919,2020-09-19,2020,3,9,September,Sep,38,19,Saturday,Sat,6,Yes,No,No,2020,3,9,Yes,263
20200920,2020-09-20,2020,3,9,September,Sep,38,20,Sunday,Sun,7,Yes,No,No,2020,3,9,Yes,264
20200921,2020-09-21,2020,3,9,September,Sep,39,21,Monday,Mon,1,No,No,No,2020,3,9,Yes,265
20200922,2020-09-22,2020,3,9,September,Sep,39,22,Tuesday,Tue,2,No,No,No,2020,3,9,Yes,266
20200923,2020-09-23,2020,3,9,September,Sep,39,23,Wednesday,Wed,3,No,No,No,2020,3,9,Yes,267
20200924,2020-09-24,2020,3,9,September,Sep,39,24,Thursday,Thu,4,No,No,No,2020,3,9,Yes,268
20200925,2020-09-25,2020,3,9,September,Sep,39,25,Friday,Fri,5,No,No,No,2020,3,9,Yes,269
20200926,2020-09-26,2020,3,9,September,Sep,39,26,Saturday,Sat,6,Yes,No,No,2020,3,9,Yes,270
20200927,2020-09-27,2020,3,9,September,Sep,39,27,Sunday,Sun,7,Yes,No,No,2020,3,9,Yes,271
20200928,2020-09-28,2020,3,9,September,Sep,40,28,Monday,Mon,1,No,No,No,2020,3,9,Yes,272
20200929,2020-09-29,2020,3,9,September,Sep,40,29,Tuesday,Tue,2,No,No,No,2020,3,9,Yes,273
20200930,2020-09-30,2020,3,9,September,Sep,40,30,Wednesday,Wed,3,No,No,Yes,2020,3,9,Yes,274
20201001,2020-10-01,2020,4,10,October,Oct,40,1,Thursday,Thu,4,No,Yes,No,2020,4,10,Yes,275
20201002,2020-10-02,2020,4,10,October,Oct,40,2,Friday,Fri,5,No,No,No,2020,4,10,Yes,276
20201003,2020-10-03,2020,4,10,October,Oct,40,3,Saturday,Sat,6,Yes,No,No,2020,4,10,Yes,277
20201004,2020-10-04,2020,4,10,October,Oct,40,4,Sunday,Sun,7,Yes,No,No,2020,4,10,Yes,278
20201005,2020-10-05,2020,4,10,October,Oct,41,5,Monday,Mon,1,No,No,No,2020,4,10,Yes,279
20201006,2020-10-06,2020,4,10,October,Oct,41,6,Tuesday,Tue,2,No,No,No,2020,4,10,Yes,280
20201007,2020-10-07,2020,4,10,October,Oct,41,7,Wednesday,Wed,3,No,No,No,2020,4,10,Yes,281
20201008,2020-10-08,2020,4,10,October,Oct,41,8,Thursday,Thu,4,No,No,No,2020,4,10,Yes,282
20201009,2020-10-09,2020,4,10,October,Oct,41,9,Friday,Fri,5,No,No,No,2020,4,10,Yes,283
20201010,2020-10-10,2020,4,10,October,Oct,41,10,Saturday,Sat,6,Yes,No,No,2020,4,10,Yes,284
20201011,2020-10-11,2020,4,10,October,Oct,41,11,Sunday,Sun,7,Yes,No,No,2020,4,10,Yes,285
20201012,2020-10-12,2020,4,10,October,Oct,42,12,Monday,Mon,1,No,No,No,2020,4,10,Yes,286
20201013,2020-10-13,2020,4,10,October,Oct,42,13,Tuesday,Tue,2,No,No,No,2020,4,10,Yes,287
20201014,2020-10-14,2020,4,10,October,Oct,42,14,Wednesday,Wed,3,No,No,No,2020,4,10,Yes,288
20201015,2020-10-15,2020,4,10,October,Oct,42,15,Thursday,Thu,4,No,No,No,2020,4,10,Yes,289
20201016,2020-10-16,2020,4,10,October,Oct,42,16,Friday,Fri,5,No,No,No,2020,4,10,Yes,290
20201017,2020-10-17,2020,4,10,October,Oct,42,17,Saturday,Sat,6,Yes,No,No,2020,4,10,Yes,291
20201018,2020-10-18,2020,4,10,October,Oct,42,18,Sunday,Sun,7,Yes,No,No,2020,4,10,Yes,292
20201019,2020-10-19,2020,4,10,October,Oct,43,19,Monday,Mon,1,No,No,No,2020,4,10,Yes,293
20201020,2020-10-20,2020,4,10,October,Oct,43,20,Tuesday,Tue,2,No,No,No,2020,4,10,Yes,294
20201021,2020-10-21,2020,4,10,October,Oct,43,21,Wednesday,Wed,3,No,No,No,2020,4,10,Yes,295
20201022,2020-10-22,2020,4,10,October,Oct,43,22,Thursday,Thu,4,No,No,No,2020,4,10,Yes,296
20201023,2020-10-23,2020,4,10,October,Oct,43,23,Friday,Fri,5,No,No,No,2020,4,10,Yes,297
20201024,2020-10-24,2020,4,10,October,Oct,43,24,Saturday,Sat,6,Yes,No,No,2020,4,10,Yes,298
20201025,2020-10-25,2020,4,10,October,Oct,43,25,Sunday,Sun,7,Yes,No,No,2020,4,10,Yes,299
20201026,2020-10-26,2020,4,10,October,Oct,44,26,Monday,Mon,1,No,No,No,2020,4,10,Yes,300
20201027,2020-10-27,2020,4,10,October,Oct,44,27,Tuesday,Tue,2,No,No,No,2020,4,10,Yes,301
20201028,2020-10-28,2020,4,10,October,Oct,44,28,Wednesday,Wed,3,No,No,No,2020,4,10,Yes,302
20201029,2020-10-29,2020,4,10,October,Oct,44,29,Thursday,Thu,4,No,No,No,2020,4,10,Yes,303
20201030,2020-10-30,2020,4,10,October,Oct,44,30,Friday,Fri,5,No,No,No,2020,4,10,Yes,304
20201031,2020-10-31,2020,4,10,October,Oct,44,31,Saturday,Sat,6,Yes,No,Yes,2020,4,10,Yes,305
20201101,2020-11-01,2020,4,11,November,Nov,44,1,Sunday,Sun,7,Yes,Yes,No,2020,4,11,Yes,306
20201102,2020-11-02,2020,4,11,November,Nov,45,2,Monday,Mon,1,No,No,No,2020,4,11,Yes,307
20201103,2020-11-03,2020,4,11,November,Nov,45,3,Tuesday,Tue,2,No,No,No,2020,4,11,Yes,308
20201104,2020-11-04,2020,4,11,November,Nov,45,4,Wednesday,Wed,3,No,No,No,2020,4,11,Yes,309
20201105,2020-11-05,2020,4,11,November,Nov,45,5,Thursday,Thu,4,No,No,No,2020,4,11,Yes,310
20201106,2020-11-06,2020,4,11,November,Nov,45,6,Friday,Fri,5,No,No,No,2020,4,11,Yes,311
20201107,2020-11-07,2020,4,11,November,Nov,45,7,Saturday,Sat,6,Yes,No,No,2020,4,11,Yes,312
20201108,2020-11-08,2020,4,11,November,Nov,45,8,Sunday,Sun,7,Yes,No,No,2020,4,11,Yes,313
20201109,2020-11-09,2020,4,11,November,Nov,46,9,Monday,Mon,1,No,No,No,2020,4,11,Yes,314
20201110,2020-11-10,2020,4,11,November,Nov,46,10,Tuesday,Tue,2,No,No,No,2020,4,11,Yes,315
20201111,2020-11-11,2020,4,11,November,Nov,46,11,Wednesday,Wed,3,No,No,No,2020,4,11,Yes,316
20201112,2020-11-12,2020,4,11,November,Nov,46,12,Thursday,Thu,4,No,No,No,2020,4,11,Yes,317
20201113,2020-11-13,2020,4,11,November,Nov,46,13,Friday,Fri,5,No,No,No,2020,4,11,Yes,318
20201114,2020-11-14,2020,4,11,November,Nov,46,14,Saturday,Sat,6,Yes,No,No,2020,4,11,Yes,319
20201115,2020-11-15,2020,4,11,November,Nov,46,15,Sunday,Sun,7,Yes,No,No,2020,4,11,Yes,320
20201116,2020-11-16,2020,4,11,November,Nov,47,16,Monday,Mon,1,No,No,No,2020,4,11,Yes,321
20201117,2020-11-17,2020,4,11,November,Nov,47,17,Tuesday,Tue,2,No,No,No,2020,4,11,Yes,322
20201118,2020-11-18,2020,4,11,November,Nov,47,18,Wednesday,Wed,3,No,No,No,2020,4,11,Yes,323
20201119,2020-11-19,2020,4,11,November,Nov,47,19,Thursday,Thu,4,No,No,No,2020,4,11,Yes,324
20201120,2020-11-20,2020,4,11,November,Nov,47,20,Friday,Fri,5,No,No,No,2020,4,11,Yes,325
20201121,2020-11-21,2020,4,11,November,Nov,47,21,Saturday,Sat,6,Yes,No,No,2020,4,11,Yes,326
20201122,2020-11-22,2020,4,11,November,Nov,47,22,Sunday,Sun,7,Yes,No,No,2020,4,11,Yes,327
20201123,2020-11-23,2020,4,11,November,Nov,48,23,Monday,Mon,1,No,No,No,2020,4,11,Yes,328
20201124,2020-11-24,2020,4,11,November,Nov,48,24,Tuesday,Tue,2,No,No,No,2020,4,11,Yes,329
20201125,2020-11-25,2020,4,11,November,Nov,48,25,Wednesday,Wed,3,No,No,No,2020,4,11,Yes,330
20201126,2020-11-26,2020,4,11,November,Nov,48,26,Thursday,Thu,4,No,No,No,2020,4,11,Yes,331
20201127,2020-11-27,2020,4,11,November,Nov,48,27,Friday,Fri,5,No,No,No,2020,4,11,Yes,332
20201128,2020-11-28,2020,4,11,November,Nov,48,28,Saturday,Sat,6,Yes,No,No,2020,4,11,Yes,333
20201129,2020-11-29,2020,4,11,November,Nov,48,29,Sunday,Sun,7,Yes,No,No,2020,4,11,Yes,334
20201130,2020-11-30,2020,4,11,November,Nov,49,30,Monday,Mon,1,No,No,Yes,2020,4,11,Yes,335
20201201,2020-12-01,2020,4,12,December,Dec,49,1,Tuesday,Tue,2,No,Yes,No,2020,4,12,Yes,336
20201202,2020-12-02,2020,4,12,December,Dec,49,2,Wednesday,Wed,3,No,No,No,2020,4,12,Yes,337
20201203,2020-12-03,2020,4,12,December,Dec,49,3,Thursday,Thu,4,No,No,No,2020,4,12,Yes,338
20201204,2020-12-04,2020,4,12,December,Dec,49,4,Friday,Fri,5,No,No,No,2020,4,12,Yes,339
20201205,2020-12-05,2020,4,12,December,Dec,49,5,Saturday,Sat,6,Yes,No,No,2020,4,12,Yes,340
20201206,2020-12-06,2020,4,12,December,Dec,49,6,Sunday,Sun,7,Yes,No,No,2020,4,12,Yes,341
20201207,2020-12-07,2020,4,12,December,Dec,50,7,Monday,Mon,1,No,No,No,2020,4,12,Yes,342
20201208,2020-12-08,2020,4,12,December,Dec,50,8,Tuesday,Tue,2,No,No,No,2020,4,12,Yes,343
20201209,2020-12-09,2020,4,12,December,Dec,50,9,Wednesday,Wed,3,No,No,No,2020,4,12,Yes,344
20201210,2020-12-10,2020,4,12,December,Dec,50,10,Thursday,Thu,4,No,No,No,2020,4,12,Yes,345
20201211,2020-12-11,2020,4,12,December,Dec,50,11,Friday,Fri,5,No,No,No,2020,4,12,Yes,346
20201212,2020-12-12,2020,4,12,December,Dec,50,12,Saturday,Sat,6,Yes,No,No,2020,4,12,Yes,347
20201213,2020-12-13,2020,4,12,December,Dec,50,13,Sunday,Sun,7,Yes,No,No,2020,4,12,Yes,348
20201214,2020-12-14,2020,4,12,December,Dec,51,14,Monday,Mon,1,No,No,No,2020,4,12,Yes,349
20201215,2020-12-15,2020,4,12,December,Dec,51,15,Tuesday,Tue,2,No,No,No,2020,4,12,Yes,350
20201216,2020-12-16,2020,4,12,December,Dec,51,16,Wednesday,Wed,3,No,No,No,2020,4,12,Yes,351
20201217,2020-12-17,2020,4,12,December,Dec,51,17,Thursday,Thu,4,No,No,No,2020,4,12,Yes,352
20201218,2020-12-18,2020,4,12,December,Dec,51,18,Friday,Fri,5,No,No,No,2020,4,12,Yes,353
20201219,2020-12-19,2020,4,12,December,Dec,51,19,Saturday,Sat,6,Yes,No,No,2020,4,12,Yes,354
20201220,2020-12-20,2020,4,12,December,Dec,51,20,Sunday,Sun,7,Yes,No,No,2020,4,12,Yes,355
20201221,2020-12-21,2020,4,12,December,Dec,52,21,Monday,Mon,1,No,No,No,2020,4,12,Yes,356
20201222,2020-12-22,2020,4,12,December,Dec,52,22,Tuesday,Tue,2,No,No,No,2020,4,12,Yes,357
20201223,2020-12-23,2020,4,12,December,Dec,52,23,Wednesday,Wed,3,No,No,No,2020,4,12,Yes,358
20201224,2020-12-24,2020,4,12,December,Dec,52,24,Thursday,Thu,4,No,No,No,2020,4,12,Yes,359
20201225,2020-12-25,2020,4,12,December,Dec,52,25,Friday,Fri,5,No,No,No,2020,4,12,Yes,360
20201226,2020-12-26,2020,4,12,December,Dec,52,26,Saturday,Sat,6,Yes,No,No,2020,4,12,Yes,361
20201227,2020-12-27,2020,4,12,December,Dec,52,27,Sunday,Sun,7,Yes,No,No,2020,4,12,Yes,362
20201228,2020-12-28,2020,4,12,December,Dec,53,28,Monday,Mon,1,No,No,No,2020,4,12,Yes,363
20201229,2020-12-29,2020,4,12,December,Dec,53,29,Tuesday,Tue,2,No,No,No,2020,4,12,Yes,364
20201230,2020-12-30,2020,4,12,December,Dec,53,30,Wednesday,Wed,3,No,No,No,2020,4,12,Yes,365
20201231,2020-12-31,2020,4,12,December,Dec,53,31,Thursday,Thu,4,No,No,Yes,2020,4,12,Yes,366
20210101,2021-01-01,2021,1,1,January,Jan,53,1,Friday,Fri,5,No,Yes,No,2021,1,1,No,1
20210102,2021-01-02,2021,1,1,January,Jan,53,2,Saturday,Sat,6,Yes,No,No,2021,1,1,No,2
20210103,2021-01-03,2021,1,1,January,Jan,53,3,Sunday,Sun,7,Yes,No,No,2021,1,1,No,3
20210104,2021-01-04,2021,1,1,January,Jan,1,4,Monday,Mon,1,No,No,No,2021,1,1,No,4
20210105,2021-01-05,2021,1,1,January,Jan,1,5,Tuesday,Tue,2,No,No,No,2021,1,1,No,5
20210106,2021-01-06,2021,1,1,January,Jan,1,6,Wednesday,Wed,3,No,No,No,2021,1,1,No,6
20210107,2021-01-07,2021,1,1,January,Jan,1,7,Thursday,Thu,4,No,No,No,2021,1,1,No,7
20210108,2021-01-08,2021,1,1,January,Jan,1,8,Friday,Fri,5,No,No,No,2021,1,1,No,8
20210109,2021-01-09,2021,1,1,January,Jan,1,9,Saturday,Sat,6,Yes,No,No,2021,1,1,No,9
20210110,2021-01-10,2021,1,1,January,Jan,1,10,Sunday,Sun,7,Yes,No,No,2021,1,1,No,10
20210111,2021-01-11,2021,1,1,January,Jan,2,11,Monday,Mon,1,No,No,No,2021,1,1,No,11
20210112,2021-01-12,2021,1,1,January,Jan,2,12,Tuesday,Tue,2,No,No,No,2021,1,1,No,12
20210113,2021-01-13,2021,1,1,January,Jan,2,13,Wednesday,Wed,3,No,No,No,2021,1,1,No,13
20210114,2021-01-14,2021,1,1,January,Jan,2,14,Thursday,Thu,4,No,No,No,2021,1,1,No,14
20210115,2021-01-15,2021,1,1,January,Jan,2,15,Friday,Fri,5,No,No,No,2021,1,1,No,15
20210116,2021-01-16,2021,1,1,January,Jan,2,16,Saturday,Sat,6,Yes,No,No,2021,1,1,No,16
20210117,2021-01-17,2021,1,1,January,Jan,2,17,Sunday,Sun,7,Yes,No,No,2021,1,1,No,17
20210118,2021-01-18,2021,1,1,January,Jan,3,18,Monday,Mon,1,No,No,No,2021,1,1,No,18
20210119,2021-01-19,2021,1,1,January,Jan,3,19,Tuesday,Tue,2,No,No,No,2021,1,1,No,19
20210120,2021-01-20,2021,1,1,January,Jan,3,20,Wednesday,Wed,3,No,No,No,2021,1,1,No,20
20210121,2021-01-21,2021,1,1,January,Jan,3,21,Thursday,Thu,4,No,No,No,2021,1,1,No,21
20210122,2021-01-22,2021,1,1,January,Jan,3,22,Friday,Fri,5,No,No,No,2021,1,1,No,22
20210123,2021-01-23,2021,1,1,January,Jan,3,23,Saturday,Sat,6,Yes,No,No,2021,1,1,No,23
20210124,2021-01-24,2021,1,1,January,Jan,3,24,Sunday,Sun,7,Yes,No,No,2021,1,1,No,24
20210125,2021-01-25,2021,1,1,January,Jan,4,25,Monday,Mon,1,No,No,No,2021,1,1,No,25
20210126,2021-01-26,2021,1,1,January,Jan,4,26,Tuesday,Tue,2,No,No,No,2021,1,1,No,26
20210127,2021-01-27,2021,1,1,January,Jan,4,27,Wednesday,Wed,3,No,No,No,2021,1,1,No,27
20210128,2021-01-28,2021,1,1,January,Jan,4,28,Thursday,Thu,4,No,No,No,2021,1,1,No,28
20210129,2021-01-29,2021,1,1,January,Jan,4,29,Friday,Fri,5,No,No,No,2021,1,1,No,29
20210130,2021-01-30,2021,1,1,January,Jan,4,30,Saturday,Sat,6,Yes,No,No,2021,1,1,No,30
20210131,2021-01-31,2021,1,1,January,Jan,4,31,Sunday,Sun,7,Yes,No,Yes,2021,1,1,No,31
20210201,2021-02-01,2021,1,2,February,Feb,5,1,Monday,Mon,1,No,Yes,No,2021,1,2,No,32
20210202,2021-02-02,2021,1,2,February,Feb,5,2,Tuesday,Tue,2,No,No,No,2021,1,2,No,33
20210203,2021-02-03,2021,1,2,February,Feb,5,3,Wednesday,Wed,3,No,No,No,2021,1,2,No,34
20210204,2021-02-04,2021,1,2,February,Feb,5,4,Thursday,Thu,4,No,No,No,2021,1,2,No,35
20210205,2021-02-05,2021,1,2,February,Feb,5,5,Friday,Fri,5,No,No,No,2021,1,2,No,36
20210206,2021-02-06,2021,1,2,February,Feb,5,6,Saturday,Sat,6,Yes,No,No,2021,1,2,No,37
20210207,2021-02-07,2021,1,2,February,Feb,5,7,Sunday,Sun,7,Yes,No,No,2021,1,2,No,38
20210208,2021-02-08,2021,1,2,February,Feb,6,8,Monday,Mon,1,No,No,No,2021,1,2,No,39
20210209,2021-02-09,2021,1,2,February,Feb,6,9,Tuesday,Tue,2,No,No,No,2021,1,2,No,40
20210210,2021-02-10,2021,1,2,February,Feb,6,10,Wednesday,Wed,3,No,No,No,2021,1,2,No,41
20210211,2021-02-11,2021,1,2,February,Feb,6,11,Thursday,Thu,4,No,No,No,2021,1,2,No,42
20210212,2021-02-12,2021,1,2,February,Feb,6,12,Friday,Fri,5,No,No,No,2021,1,2,No,43
20210213,2021-02-13,2021,1,2,February,Feb,6,13,Saturday,Sat,6,Yes,No,No,2021,1,2,No,44
20210214,2021-02-14,2021,1,2,February,Feb,6,14,Sunday,Sun,7,Yes,No,No,2021,1,2,No,45
20210215,2021-02-15,2021,1,2,February,Feb,7,15,Monday,Mon,1,No,No,No,2021,1,2,No,46
20210216,2021-02-16,2021,1,2,February,Feb,7,16,Tuesday,Tue,2,No,No,No,2021,1,2,No,47
20210217,2021-02-17,2021,1,2,February,Feb,7,17,Wednesday,Wed,3,No,No,No,2021,1,2,No,48
20210218,2021-02-18,2021,1,2,February,Feb,7,18,Thursday,Thu,4,No,No,No,2021,1,2,No,49
20210219,2021-02-19,2021,1,2,February,Feb,7,19,Friday,Fri,5,No,No,No,2021,1,2,No,50
20210220,2021-02-20,2021,1,2,February,Feb,7,20,Saturday,Sat,6,Yes,No,No,2021,1,2,No,51
20210221,2021-02-21,2021,1,2,February,Feb,7,21,Sunday,Sun,7,Yes,No,No,2021,1,2,No,52
20210222,2021-02-22,2021,1,2,February,Feb,8,22,Monday,Mon,1,No,No,No,2021,1,2,No,53
20210223,2021-02-23,2021,1,2,February,Feb,8,23,Tuesday,Tue,2,No,No,No,2021,1,2,No,54
20210224,2021-02-24,2021,1,2,February,Feb,8,24,Wednesday,Wed,3,No,No,No,2021,1,2,No,55
20210225,2021-02-25,2021,1,2,February,Feb,8,25,Thursday,Thu,4,No,No,No,2021,1,2,No,56
20210226,2021-02-26,2021,1,2,February,Feb,8,26,Friday,Fri,5,No,No,No,2021,1,2,No,57
20210227,2021-02-27,2021,1,2,February,Feb,8,27,Saturday,Sat,6,Yes,No,No,2021,1,2,No,58
20210228,2021-02-28,2021,1,2,February,Feb,8,28,Sunday,Sun,7,Yes,No,Yes,2021,1,2,No,59
20210301,2021-03-01,2021,1,3,March,Mar,9,1,Monday,Mon,1,No,Yes,No,2021,1,3,No,60
20210302,2021-03-02,2021,1,3,March,Mar,9,2,Tuesday,Tue,2,No,No,No,2021,1,3,No,61
20210303,2021-03-03,2021,1,3,March,Mar,9,3,Wednesday,Wed,3,No,No,No,2021,1,3,No,62
20210304,2021-03-04,2021,1,3,March,Mar,9,4,Thursday,Thu,4,No,No,No,2021,1,3,No,63
20210305,2021-03-05,2021,1,3,March,Mar,9,5,Friday,Fri,5,No,No,No,2021,1,3,No,64
20210306,2021-03-06,2021,1,3,March,Mar,9,6,Saturday,Sat,6,Yes,No,No,2021,1,3,No,65
20210307,2021-03-07,2021,1,3,March,Mar,9,7,Sunday,Sun,7,Yes,No,No,2021,1,3,No,66
20210308,2021-03-08,2021,1,3,March,Mar,10,8,Monday,Mon,1,No,No,No,2021,1,3,No,67
20210309,2021-03-09,2021,1,3,March,Mar,10,9,Tuesday,Tue,2,No,No,No,2021,1,3,No,68
20210310,2021-03-10,2021,1,3,March,Mar,10,10,Wednesday,Wed,3,No,No,No,2021,1,3,No,69
20210311,2021-03-11,2021,1,3,March,Mar,10,11,Thursday,Thu,4,No,No,No,2021,1,3,No,70
20210312,2021-03-12,2021,1,3,March,Mar,10,12,Friday,Fri,5,No,No,No,2021,1,3,No,71
20210313,2021-03-13,2021,1,3,March,Mar,10,13,Saturday,Sat,6,Yes,No,No,2021,1,3,No,72
20210314,2021-03-14,2021,1,3,March,Mar,10,14,Sunday,Sun,7,Yes,No,No,2021,1,3,No,73
20210315,2021-03-15,2021,1,3,March,Mar,11,15,Monday,Mon,1,No,No,No,2021,1,3,No,74
20210316,2021-03-16,2021,1,3,March,Mar,11,16,Tuesday,Tue,2,No,No,No,2021,1,3,No,75
20210317,2021-03-17,2021,1,3,March,Mar,11,17,Wednesday,Wed,3,No,No,No,2021,1,3,No,76
20210318,2021-03-18,2021,1,3,March,Mar,11,18,Thursday,Thu,4,No,No,No,2021,1,3,No,77
20210319,2021-03-19,2021,1,3,March,Mar,11,19,Friday,Fri,5,No,No,No,2021,1,3,No,78
20210320,2021-03-20,2021,1,3,March,Mar,11,20,Saturday,Sat,6,Yes,No,No,2021,1,3,No,79
20210321,2021-03-21,2021,1,3,March,Mar,11,21,Sunday,Sun,7,Yes,No,No,2021,1,3,No,80
20210322,2021-03-22,2021,1,3,March,Mar,12,22,Monday,Mon,1,No,No,No,2021,1,3,No,81
20210323,2021-03-23,2021,1,3,March,Mar,12,23,Tuesday,Tue,2,No,No,No,2021,1,3,No,82
20210324,2021-03-24,2021,1,3,March,Mar,12,24,Wednesday,Wed,3,No,No,No,2021,1,3,No,83
20210325,2021-03-25,2021,1,3,March,Mar,12,25,Thursday,Thu,4,No,No,No,2021,1,3,No,84
20210326,2021-03-26,2021,1,3,March,Mar,12,26,Friday,Fri,5,No,No,No,2021,1,3,No,85
20210327,2021-03-27,2021,1,3,March,Mar,12,27,Saturday,Sat,6,Yes,No,No,2021,1,3,No,86
20210328,2021-03-28,2021,1,3,March,Mar,12,28,Sunday,Sun,7,Yes,No,No,2021,1,3,No,87
20210329,2021-03-29,2021,1,3,March,Mar,13,29,Monday,Mon,1,No,No,No,2021,1,3,No,88
20210330,2021-03-30,2021,1,3,March,Mar,13,30,Tuesday,Tue,2,No,No,No,2021,1,3,No,89
20210331,2021-03-31,2021,1,3,March,Mar,13,31,Wednesday,Wed,3,No,No,Yes,2021,1,3,No,90
20210401,2021-04-01,2021,2,4,April,Apr,13,1,Thursday,Thu,4,No,Yes,No,2021,2,4,No,91
20210402,2021-04-02,2021,2,4,April,Apr,13,2,Friday,Fri,5,No,No,No,2021,2,4,No,92
20210403,2021-04-03,2021,2,4,April,Apr,13,3,Saturday,Sat,6,Yes,No,No,2021,2,4,No,93
20210404,2021-04-04,2021,2,4,April,Apr,13,4,Sunday,Sun,7,Yes,No,No,2021,2,4,No,94
20210405,2021-04-05,2021,2,4,April,Apr,14,5,Monday,Mon,1,No,No,No,2021,2,4,No,95
20210406,2021-04-06,2021,2,4,April,Apr,14,6,Tuesday,Tue,2,No,No,No,2021,2,4,No,96
20210407,2021-04-07,2021,2,4,April,Apr,14,7,Wednesday,Wed,3,No,No,No,2021,2,4,No,97
20210408,2021-04-08,2021,2,4,April,Apr,14,8,Thursday,Thu,4,No,No,No,2021,2,4,No,98
20210409,2021-04-09,2021,2,4,April,Apr,14,9,Friday,Fri,5,No,No,No,2021,2,4,No,99
20210410,2021-04-10,2021,2,4,April,Apr,14,10,Saturday,Sat,6,Yes,No,No,2021,2,4,No,100
20210411,2021-04-11,2021,2,4,April,Apr,14,11,Sunday,Sun,7,Yes,No,No,2021,2,4,No,101
20210412,2021-04-12,2021,2,4,April,Apr,15,12,Monday,Mon,1,No,No,No,2021,2,4,No,102
20210413,2021-04-13,2021,2,4,April,Apr,15,13,Tuesday,Tue,2,No,No,No,2021,2,4,No,103
20210414,2021-04-14,2021,2,4,April,Apr,15,14,Wednesday,Wed,3,No,No,No,2021,2,4,No,104
20210415,2021-04-15,2021,2,4,April,Apr,15,15,Thursday,Thu,4,No,No,No,2021,2,4,No,105
20210416,2021-04-16,2021,2,4,April,Apr,15,16,Friday,Fri,5,No,No,No,2021,2,4,No,106
20210417,2021-04-17,2021,2,4,April,Apr,15,17,Saturday,Sat,6,Yes,No,No,2021,2,4,No,107
20210418,2021-04-18,2021,2,4,April,Apr,15,18,Sunday,Sun,7,Yes,No,No,2021,2,4,No,108
20210419,2021-04-19,2021,2,4,April,Apr,16,19,Monday,Mon,1,No,No,No,2021,2,4,No,109
20210420,2021-04-20,2021,2,4,April,Apr,16,20,Tuesday,Tue,2,No,No,No,2021,2,4,No,110
20210421,2021-04-21,2021,2,4,April,Apr,16,21,Wednesday,Wed,3,No,No,No,2021,2,4,No,111
20210422,2021-04-22,2021,2,4,April,Apr,16,22,Thursday,Thu,4,No,No,No,2021,2,4,No,112
20210423,2021-04-23,2021,2,4,April,Apr,16,23,Friday,Fri,5,No,No,No,2021,2,4,No,113
20210424,2021-04-24,2021,2,4,April,Apr,16,24,Saturday,Sat,6,Yes,No,No,2021,2,4,No,114
20210425,2021-04-25,2021,2,4,April,Apr,16,25,Sunday,Sun,7,Yes,No,No,2021,2,4,No,115
20210426,2021-04-26,2021,2,4,April,Apr,17,26,Monday,Mon,1,No,No,No,2021,2,4,No,116
20210427,2021-04-27,2021,2,4,April,Apr,17,27,Tuesday,Tue,2,No,No,No,2021,2,4,No,117
20210428,2021-04-28,2021,2,4,April,Apr,17,28,Wednesday,Wed,3,No,No,No,2021,2,4,No,118
20210429,2021-04-29,2021,2,4,April,Apr,17,29,Thursday,Thu,4,No,No,No,2021,2,4,No,119
20210430,2021-04-30,2021,2,4,April,Apr,17,30,Friday,Fri,5,No,No,Yes,2021,2,4,No,120
20210501,2021-05-01,2021,2,5,May,May,17,1,Saturday,Sat,6,Yes,Yes,No,2021,2,5,No,121
20210502,2021-05-02,2021,2,5,May,May,17,2,Sunday,Sun,7,Yes,No,No,2021,2,5,No,122
20210503,2021-05-03,2021,2,5,May,May,18,3,Monday,Mon,1,No,No,No,2021,2,5,No,123
20210504,2021-05-04,2021,2,5,May,May,18,4,Tuesday,Tue,2,No,No,No,2021,2,5,No,124
20210505,2021-05-05,2021,2,5,May,May,18,5,Wednesday,Wed,3,No,No,No,2021,2,5,No,125
20210506,2021-05-06,2021,2,5,May,May,18,6,Thursday,Thu,4,No,No,No,2021,2,5,No,126
20210507,2021-05-07,2021,2,5,May,May,18,7,Friday,Fri,5,No,No,No,2021,2,5,No,127
20210508,2021-05-08,2021,2,5,May,May,18,8,Saturday,Sat,6,Yes,No,No,2021,2,5,No,128
20210509,2021-05-09,2021,2,5,May,May,18,9,Sunday,Sun,7,Yes,No,No,2021,2,5,No,129
20210510,2021-05-10,2021,2,5,May,May,19,10,Monday,Mon,1,No,No,No,2021,2,5,No,130
20210511,2021-05-11,2021,2,5,May,May,19,11,Tuesday,Tue,2,No,No,No,2021,2,5,No,131
20210512,2021-05-12,2021,2,5,May,May,19,12,Wednesday,Wed,3,No,No,No,2021,2,5,No,132
20210513,2021-05-13,2021,2,5,May,May,19,13,Thursday,Thu,4,No,No,No,2021,2,5,No,133
20210514,2021-05-14,2021,2,5,May,May,19,14,Friday,Fri,5,No,No,No,2021,2,5,No,134
20210515,2021-05-15,2021,2,5,May,May,19,15,Saturday,Sat,6,Yes,No,No,2021,2,5,No,135
20210516,2021-05-16,2021,2,5,May,May,19,16,Sunday,Sun,7,Yes,No,No,2021,2,5,No,136
20210517,2021-05-17,2021,2,5,May,May,20,17,Monday,Mon,1,No,No,No,2021,2,5,No,137
20210518,2021-05-18,2021,2,5,May,May,20,18,Tuesday,Tue,2,No,No,No,2021,2,5,No,138
20210519,2021-05-19,2021,2,5,May,May,20,19,Wednesday,Wed,3,No,No,No,2021,2,5,No,139
20210520,2021-05-20,2021,2,5,May,May,20,20,Thursday,Thu,4,No,No,No,2021,2,5,No,140
20210521,2021-05-21,2021,2,5,May,May,20,21,Friday,Fri,5,No,No,No,2021,2,5,No,141
20210522,2021-05-22,2021,2,5,May,May,20,22,Saturday,Sat,6,Yes,No,No,2021,2,5,No,142
20210523,2021-05-23,2021,2,5,May,May,20,23,Sunday,Sun,7,Yes,No,No,2021,2,5,No,143
20210524,2021-05-24,2021,2,5,May,May,21,24,Monday,Mon,1,No,No,No,2021,2,5,No,144
20210525,2021-05-25,2021,2,5,May,May,21,25,Tuesday,Tue,2,No,No,No,2021,2,5,No,145
20210526,2021-05-26,2021,2,5,May,May,21,26,Wednesday,Wed,3,No,No,No,2021,2,5,No,146
20210527,2021-05-27,2021,2,5,May,May,21,27,Thursday,Thu,4,No,No,No,2021,2,5,No,147
20210528,2021-05-28,2021,2,5,May,May,21,28,Friday,Fri,5,No,No,No,2021,2,5,No,148
20210529,2021-05-29,2021,2,5,May,May,21,29,Saturday,Sat,6,Yes,No,No,2021,2,5,No,149
20210530,2021-05-30,2021,2,5,May,May,21,30,Sunday,Sun,7,Yes,No,No,2021,2,5,No,150
20210531,2021-05-31,2021,2,5,May,May,22,31,Monday,Mon,1,No,No,Yes,2021,2,5,No,151
20210601,2021-06-01,2021,2,6,June,Jun,22,1,Tuesday,Tue,2,No,Yes,No,2021,2,6,No,152
20210602,2021-06-02,2021,2,6,June,Jun,22,2,Wednesday,Wed,3,No,No,No,2021,2,6,No,153
20210603,2021-06-03,2021,2,6,June,Jun,22,3,Thursday,Thu,4,No,No,No,2021,2,6,No,154
20210604,2021-06-04,2021,2,6,June,Jun,22,4,Friday,Fri,5,No,No,No,2021,2,6,No,155
20210605,2021-06-05,2021,2,6,June,Jun,22,5,Saturday,Sat,6,Yes,No,No,2021,2,6,No,156
20210606,2021-06-06,2021,2,6,June,Jun,22,6,Sunday,Sun,7,Yes,No,No,2021,2,6,No,157
20210607,2021-06-07,2021,2,6,June,Jun,23,7,Monday,Mon,1,No,No,No,2021,2,6,No,158
20210608,2021-06-08,2021,2,6,June,Jun,23,8,Tuesday,Tue,2,No,No,No,2021,2,6,No,159
20210609,2021-06-09,2021,2,6,June,Jun,23,9,Wednesday,Wed,3,No,No,No,2021,2,6,No,160
20210610,2021-06-10,2021,2,6,June,Jun,23,10,Thursday,Thu,4,No,No,No,2021,2,6,No,161
20210611,2021-06-11,2021,2,6,June,Jun,23,11,Friday,Fri,5,No,No,No,2021,2,6,No,162
20210612,2021-06-12,2021,2,6,June,Jun,23,12,Saturday,Sat,6,Yes,No,No,2021,2,6,No,163
20210613,2021-06-13,2021,2,6,June,Jun,23,13,Sunday,Sun,7,Yes,No,No,2021,2,6,No,164
20210614,2021-06-14,2021,2,6,June,Jun,24,14,Monday,Mon,1,No,No,No,2021,2,6,No,165
20210615,2021-06-15,2021,2,6,June,Jun,24,15,Tuesday,Tue,2,No,No,No,2021,2,6,No,166
20210616,2021-06-16,2021,2,6,June,Jun,24,16,Wednesday,Wed,3,No,No,No,2021,2,6,No,167
20210617,2021-06-17,2021,2,6,June,Jun,24,17,Thursday,Thu,4,No,No,No,2021,2,6,No,168
20210618,2021-06-18,2021,2,6,June,Jun,24,18,Friday,Fri,5,No,No,No,2021,2,6,No,169
20210619,2021-06-19,2021,2,6,June,Jun,24,19,Saturday,Sat,6,Yes,No,No,2021,2,6,No,170
20210620,2021-06-20,2021,2,6,June,Jun,24,20,Sunday,Sun,7,Yes,No,No,2021,2,6,No,171
20210621,2021-06-21,2021,2,6,June,Jun,25,21,Monday,Mon,1,No,No,No,2021,2,6,No,172
20210622,2021-06-22,2021,2,6,June,Jun,25,22,Tuesday,Tue,2,No,No,No,2021,2,6,No,173
20210623,2021-06-23,2021,2,6,June,Jun,25,23,Wednesday,Wed,3,No,No,No,2021,2,6,No,174
20210624,2021-06-24,2021,2,6,June,Jun,25,24,Thursday,Thu,4,No,No,No,2021,2,6,No,175
20210625,2021-06-25,2021,2,6,June,Jun,25,25,Friday,Fri,5,No,No,No,2021,2,6,No,176
20210626,2021-06-26,2021,2,6,June,Jun,25,26,Saturday,Sat,6,Yes,No,No,2021,2,6,No,177
20210627,2021-06-27,2021,2,6,June,Jun,25,27,Sunday,Sun,7,Yes,No,No,2021,2,6,No,178
20210628,2021-06-28,2021,2,6,June,Jun,26,28,Monday,Mon,1,No,No,No,2021,2,6,No,179
20210629,2021-06-29,2021,2,6,June,Jun,26,29,Tuesday,Tue,2,No,No,No,2021,2,6,No,180
20210630,2021-06-30,2021,2,6,June,Jun,26,30,Wednesday,Wed,3,No,No,Yes,2021,2,6,No,181
20210701,2021-07-01,2021,3,7,July,Jul,26,1,Thursday,Thu,4,No,Yes,No,2021,3,7,No,182
20210702,2021-07-02,2021,3,7,July,Jul,26,2,Friday,Fri,5,No,No,No,2021,3,7,No,183
20210703,2021-07-03,2021,3,7,July,Jul,26,3,Saturday,Sat,6,Yes,No,No,2021,3,7,No,184
20210704,2021-07-04,2021,3,7,July,Jul,26,4,Sunday,Sun,7,Yes,No,No,2021,3,7,No,185
20210705,2021-07-05,2021,3,7,July,Jul,27,5,Monday,Mon,1,No,No,No,2021,3,7,No,186
20210706,2021-07-06,2021,3,7,July,Jul,27,6,Tuesday,Tue,2,No,No,No,2021,3,7,No,187
20210707,2021-07-07,2021,3,7,July,Jul,27,7,Wednesday,Wed,3,No,No,No,2021,3,7,No,188
20210708,2021-07-08,2021,3,7,July,Jul,27,8,Thursday,Thu,4,No,No,No,2021,3,7,No,189
20210709,2021-07-09,2021,3,7,July,Jul,27,9,Friday,Fri,5,No,No,No,2021,3,7,No,190
20210710,2021-07-10,2021,3,7,July,Jul,27,10,Saturday,Sat,6,Yes,No,No,2021,3,7,No,191
20210711,2021-07-11,2021,3,7,July,Jul,27,11,Sunday,Sun,7,Yes,No,No,2021,3,7,No,192
20210712,2021-07-12,2021,3,7,July,Jul,28,12,Monday,Mon,1,No,No,No,2021,3,7,No,193
20210713,2021-07-13,2021,3,7,July,Jul,28,13,Tuesday,Tue,2,No,No,No,2021,3,7,No,194
20210714,2021-07-14,2021,3,7,July,Jul,28,14,Wednesday,Wed,3,No,No,No,2021,3,7,No,195
20210715,2021-07-15,2021,3,7,July,Jul,28,15,Thursday,Thu,4,No,No,No,2021,3,7,No,196
20210716,2021-07-16,2021,3,7,July,Jul,28,16,Friday,Fri,5,No,No,No,2021,3,7,No,197
20210717,2021-07-17,2021,3,7,July,Jul,28,17,Saturday,Sat,6,Yes,No,No,2021,3,7,No,198
20210718,2021-07-18,2021,3,7,July,Jul,28,18,Sunday,Sun,7,Yes,No,No,2021,3,7,No,199
20210719,2021-07-19,2021,3,7,July,Jul,29,19,Monday,Mon,1,No,No,No,2021,3,7,No,200
20210720,2021-07-20,2021,3,7,July,Jul,29,20,Tuesday,Tue,2,No,No,No,2021,3,7,No,201
20210721,2021-07-21,2021,3,7,July,Jul,29,21,Wednesday,Wed,3,No,No,No,2021,3,7,No,202
20210722,2021-07-22,2021,3,7,July,Jul,29,22,Thursday,Thu,4,No,No,No,2021,3,7,No,203
20210723,2021-07-23,2021,3,7,July,Jul,29,23,Friday,Fri,5,No,No,No,2021,3,7,No,204
20210724,2021-07-24,2021,3,7,July,Jul,29,24,Saturday,Sat,6,Yes,No,No,2021,3,7,No,205
20210725,2021-07-25,2021,3,7,July,Jul,29,25,Sunday,Sun,7,Yes,No,No,2021,3,7,No,206
20210726,2021-07-26,2021,3,7,July,Jul,30,26,Monday,Mon,1,No,No,No,2021,3,7,No,207
20210727,2021-07-27,2021,3,7,July,Jul,30,27,Tuesday,Tue,2,No,No,No,2021,3,7,No,208
20210728,2021-07-28,2021,3,7,July,Jul,30,28,Wednesday,Wed,3,No,No,No,2021,3,7,No,209
20210729,2021-07-29,2021,3,7,July,Jul,30,29,Thursday,Thu,4,No,No,No,2021,3,7,No,210
20210730,2021-07-30,2021,3,7,July,Jul,30,30,Friday,Fri,5,No,No,No,2021,3,7,No,211
20210731,2021-07-31,2021,3,7,July,Jul,30,31,Saturday,Sat,6,Yes,No,Yes,2021,3,7,No,212
20210801,2021-08-01,2021,3,8,August,Aug,30,1,Sunday,Sun,7,Yes,Yes,No,2021,3,8,No,213
20210802,2021-08-02,2021,3,8,August,Aug,31,2,Monday,Mon,1,No,No,No,2021,3,8,No,214
20210803,2021-08-03,2021,3,8,August,Aug,31,3,Tuesday,Tue,2,No,No,No,2021,3,8,No,215
20210804,2021-08-04,2021,3,8,August,Aug,31,4,Wednesday,Wed,3,No,No,No,2021,3,8,No,216
20210805,2021-08-05,2021,3,8,August,Aug,31,5,Thursday,Thu,4,No,No,No,2021,3,8,No,217
20210806,2021-08-06,2021,3,8,August,Aug,31,6,Friday,Fri,5,No,No,No,2021,3,8,No,218
20210807,2021-08-07,2021,3,8,August,Aug,31,7,Saturday,Sat,6,Yes,No,No,2021,3,8,No,219
20210808,2021-08-08,2021,3,8,August,Aug,31,8,Sunday,Sun,7,Yes,No,No,2021,3,8,No,220
20210809,2021-08-09,2021,3,8,August,Aug,32,9,Monday,Mon,1,No,No,No,2021,3,8,No,221
20210810,2021-08-10,2021,3,8,August,Aug,32,10,Tuesday,Tue,2,No,No,No,2021,3,8,No,222
20210811,2021-08-11,2021,3,8,August,Aug,32,11,Wednesday,Wed,3,No,No,No,2021,3,8,No,223
20210812,2021-08-12,2021,3,8,August,Aug,32,12,Thursday,Thu,4,No,No,No,2021,3,8,No,224
20210813,2021-08-13,2021,3,8,August,Aug,32,13,Friday,Fri,5,No,No,No,2021,3,8,No,225
20210814,2021-08-14,2021,3,8,August,Aug,32,14,Saturday,Sat,6,Yes,No,No,2021,3,8,No,226
20210815,2021-08-15,2021,3,8,August,Aug,32,15,Sunday,Sun,7,Yes,No,No,2021,3,8,No,227
20210816,2021-08-16,2021,3,8,August,Aug,33,16,Monday,Mon,1,No,No,No,2021,3,8,No,228
20210817,2021-08-17,2021,3,8,August,Aug,33,17,Tuesday,Tue,2,No,No,No,2021,3,8,No,229
20210818,2021-08-18,2021,3,8,August,Aug,33,18,Wednesday,Wed,3,No,No,No,2021,3,8,No,230
20210819,2021-08-19,2021,3,8,August,Aug,33,19,Thursday,Thu,4,No,No,No,2021,3,8,No,231
20210820,2021-08-20,2021,3,8,August,Aug,33,20,Friday,Fri,5,No,No,No,2021,3,8,No,232
20210821,2021-08-21,2021,3,8,August,Aug,33,21,Saturday,Sat,6,Yes,No,No,2021,3,8,No,233
20210822,2021-08-22,2021,3,8,August,Aug,33,22,Sunday,Sun,7,Yes,No,No,2021,3,8,No,234
20210823,2021-08-23,2021,3,8,August,Aug,34,23,Monday,Mon,1,No,No,No,2021,3,8,No,235
20210824,2021-08-24,2021,3,8,August,Aug,34,24,Tuesday,Tue,2,No,No,No,2021,3,8,No,236
20210825,2021-08-25,2021,3,8,August,Aug,34,25,Wednesday,Wed,3,No,No,No,2021,3,8,No,237
20210826,2021-08-26,2021,3,8,August,Aug,34,26,Thursday,Thu,4,No,No,No,2021,3,8,No,238
20210827,2021-08-27,2021,3,8,August,Aug,34,27,Friday,Fri,5,No,No,No,2021,3,8,No,239
20210828,2021-08-28,2021,3,8,August,Aug,34,28,Saturday,Sat,6,Yes,No,No,2021,3,8,No,240
20210829,2021-08-29,2021,3,8,August,Aug,34,29,Sunday,Sun,7,Yes,No,No,2021,3,8,No,241
20210830,2021-08-30,2021,3,8,August,Aug,35,30,Monday,Mon,1,No,No,No,2021,3,8,No,242
20210831,2021-08-31,2021,3,8,August,Aug,35,31,Tuesday,Tue,2,No,No,Yes,2021,3,8,No,243
20210901,2021-09-01,2021,3,9,September,Sep,35,1,Wednesday,Wed,3,No,Yes,No,2021,3,9,No,244
20210902,2021-09-02,2021,3,9,September,Sep,35,2,Thursday,Thu,4,No,No,No,2021,3,9,No,245
20210903,2021-09-03,2021,3,9,September,Sep,35,3,Friday,Fri,5,No,No,No,2021,3,9,No,246
20210904,2021-09-04,2021,3,9,September,Sep,35,4,Saturday,Sat,6,Yes,No,No,2021,3,9,No,247
20210905,2021-09-05,2021,3,9,September,Sep,35,5,Sunday,Sun,7,Yes,No,No,2021,3,9,No,248
20210906,2021-09-06,2021,3,9,September,Sep,36,6,Monday,Mon,1,No,No,No,2021,3,9,No,249
20210907,2021-09-07,2021,3,9,September,Sep,36,7,Tuesday,Tue,2,No,No,No,2021,3,9,No,250
20210908,2021-09-08,2021,3,9,September,Sep,36,8,Wednesday,Wed,3,No,No,No,2021,3,9,No,251
20210909,2021-09-09,2021,3,9,September,Sep,36,9,Thursday,Thu,4,No,No,No,2021,3,9,No,252
20210910,2021-09-10,2021,3,9,September,Sep,36,10,Friday,Fri,5,No,No,No,2021,3,9,No,253
20210911,2021-09-11,2021,3,9,September,Sep,36,11,Saturday,Sat,6,Yes,No,No,2021,3,9,No,254
20210912,2021-09-12,2021,3,9,September,Sep,36,12,Sunday,Sun,7,Yes,No,No,2021,3,9,No,255
20210913,2021-09-13,2021,3,9,September,Sep,37,13,Monday,Mon,1,No,No,No,2021,3,9,No,256
20210914,2021-09-14,2021,3,9,September,Sep,37,14,Tuesday,Tue,2,No,No,No,2021,3,9,No,257
20210915,2021-09-15,2021,3,9,September,Sep,37,15,Wednesday,Wed,3,No,No,No,2021,3,9,No,258
20210916,2021-09-16,2021,3,9,September,Sep,37,16,Thursday,Thu,4,No,No,No,2021,3,9,No,259
20210917,2021-09-17,2021,3,9,September,Sep,37,17,Friday,Fri,5,No,No,No,2021,3,9,No,260
20210918,2021-09-18,2021,3,9,September,Sep,37,18,Saturday,Sat,6,Yes,No,No,2021,3,9,No,261
20210919,2021-09-19,2021,3,9,September,Sep,37,19,Sunday,Sun,7,Yes,No,No,2021,3,9,No,262
20210920,2021-09-20,2021,3,9,September,Sep,38,20,Monday,Mon,1,No,No,No,2021,3,9,No,263
20210921,2021-09-21,2021,3,9,September,Sep,38,21,Tuesday,Tue,2,No,No,No,2021,3,9,No,264
20210922,2021-09-22,2021,3,9,September,Sep,38,22,Wednesday,Wed,3,No,No,No,2021,3,9,No,265
20210923,2021-09-23,2021,3,9,September,Sep,38,23,Thursday,Thu,4,No,No,No,2021,3,9,No,266
20210924,2021-09-24,2021,3,9,September,Sep,38,24,Friday,Fri,5,No,No,No,2021,3,9,No,267
20210925,2021-09-25,2021,3,9,September,Sep,38,25,Saturday,Sat,6,Yes,No,No,2021,3,9,No,268
20210926,2021-09-26,2021,3,9,September,Sep,38,26,Sunday,Sun,7,Yes,No,No,2021,3,9,No,269
20210927,2021-09-27,2021,3,9,September,Sep,39,27,Monday,Mon,1,No,No,No,2021,3,9,No,270
20210928,2021-09-28,2021,3,9,September,Sep,39,28,Tuesday,Tue,2,No,No,No,2021,3,9,No,271
20210929,2021-09-29,2021,3,9,September,Sep,39,29,Wednesday,Wed,3,No,No,No,2021,3,9,No,272
20210930,2021-09-30,2021,3,9,September,Sep,39,30,Thursday,Thu,4,No,No,Yes,2021,3,9,No,273
20211001,2021-10-01,2021,4,10,October,Oct,39,1,Friday,Fri,5,No,Yes,No,2021,4,10,No,274
20211002,2021-10-02,2021,4,10,October,Oct,39,2,Saturday,Sat,6,Yes,No,No,2021,4,10,No,275
20211003,2021-10-03,2021,4,10,October,Oct,39,3,Sunday,Sun,7,Yes,No,No,2021,4,10,No,276
20211004,2021-10-04,2021,4,10,October,Oct,40,4,Monday,Mon,1,No,No,No,2021,4,10,No,277
20211005,2021-10-05,2021,4,10,October,Oct,40,5,Tuesday,Tue,2,No,No,No,2021,4,10,No,278
20211006,2021-10-06,2021,4,10,October,Oct,40,6,Wednesday,Wed,3,No,No,No,2021,4,10,No,279
20211007,2021-10-07,2021,4,10,October,Oct,40,7,Thursday,Thu,4,No,No,No,2021,4,10,No,280
20211008,2021-10-08,2021,4,10,October,Oct,40,8,Friday,Fri,5,No,No,No,2021,4,10,No,281
20211009,2021-10-09,2021,4,10,October,Oct,40,9,Saturday,Sat,6,Yes,No,No,2021,4,10,No,282
20211010,2021-10-10,2021,4,10,October,Oct,40,10,Sunday,Sun,7,Yes,No,No,2021,4,10,No,283
20211011,2021-10-11,2021,4,10,October,Oct,41,11,Monday,Mon,1,No,No,No,2021,4,10,No,284
20211012,2021-10-12,2021,4,10,October,Oct,41,12,Tuesday,Tue,2,No,No,No,2021,4,10,No,285
20211013,2021-10-13,2021,4,10,October,Oct,41,13,Wednesday,Wed,3,No,No,No,2021,4,10,No,286
20211014,2021-10-14,2021,4,10,October,Oct,41,14,Thursday,Thu,4,No,No,No,2021,4,10,No,287
20211015,2021-10-15,2021,4,10,October,Oct,41,15,Friday,Fri,5,No,No,No,2021,4,10,No,288
20211016,2021-10-16,2021,4,10,October,Oct,41,16,Saturday,Sat,6,Yes,No,No,2021,4,10,No,289
20211017,2021-10-17,2021,4,10,October,Oct,41,17,Sunday,Sun,7,Yes,No,No,2021,4,10,No,290
20211018,2021-10-18,2021,4,10,October,Oct,42,18,Monday,Mon,1,No,No,No,2021,4,10,No,291
20211019,2021-10-19,2021,4,10,October,Oct,42,19,Tuesday,Tue,2,No,No,No,2021,4,10,No,292
20211020,2021-10-20,2021,4,10,October,Oct,42,20,Wednesday,Wed,3,No,No,No,2021,4,10,No,293
20211021,2021-10-21,2021,4,10,October,Oct,42,21,Thursday,Thu,4,No,No,No,2021,4,10,No,294
20211022,2021-10-22,2021,4,10,October,Oct,42,22,Friday,Fri,5,No,No,No,2021,4,10,No,295
20211023,2021-10-23,2021,4,10,October,Oct,42,23,Saturday,Sat,6,Yes,No,No,2021,4,10,No,296
20211024,2021-10-24,2021,4,10,October,Oct,42,24,Sunday,Sun,7,Yes,No,No,2021,4,10,No,297
20211025,2021-10-25,2021,4,10,October,Oct,43,25,Monday,Mon,1,No,No,No,2021,4,10,No,298
20211026,2021-10-26,2021,4,10,October,Oct,43,26,Tuesday,Tue,2,No,No,No,2021,4,10,No,299
20211027,2021-10-27,2021,4,10,October,Oct,43,27,Wednesday,Wed,3,No,No,No,2021,4,10,No,300
20211028,2021-10-28,2021,4,10,October,Oct,43,28,Thursday,Thu,4,No,No,No,2021,4,10,No,301
20211029,2021-10-29,2021,4,10,October,Oct,43,29,Friday,Fri,5,No,No,No,2021,4,10,No,302
20211030,2021-10-30,2021,4,10,October,Oct,43,30,Saturday,Sat,6,Yes,No,No,2021,4,10,No,303
20211031,2021-10-31,2021,4,10,October,Oct,43,31,Sunday,Sun,7,Yes,No,Yes,2021,4,10,No,304
20211101,2021-11-01,2021,4,11,November,Nov,44,1,Monday,Mon,1,No,Yes,No,2021,4,11,No,305
20211102,2021-11-02,2021,4,11,November,Nov,44,2,Tuesday,Tue,2,No,No,No,2021,4,11,No,306
20211103,2021-11-03,2021,4,11,November,Nov,44,3,Wednesday,Wed,3,No,No,No,2021,4,11,No,307
20211104,2021-11-04,2021,4,11,November,Nov,44,4,Thursday,Thu,4,No,No,No,2021,4,11,No,308
20211105,2021-11-05,2021,4,11,November,Nov,44,5,Friday,Fri,5,No,No,No,2021,4,11,No,309
20211106,2021-11-06,2021,4,11,November,Nov,44,6,Saturday,Sat,6,Yes,No,No,2021,4,11,No,310
20211107,2021-11-07,2021,4,11,November,Nov,44,7,Sunday,Sun,7,Yes,No,No,2021,4,11,No,311
20211108,2021-11-08,2021,4,11,November,Nov,45,8,Monday,Mon,1,No,No,No,2021,4,11,No,312
20211109,2021-11-09,2021,4,11,November,Nov,45,9,Tuesday,Tue,2,No,No,No,2021,4,11,No,313
20211110,2021-11-10,2021,4,11,November,Nov,45,10,Wednesday,Wed,3,No,No,No,2021,4,11,No,314
20211111,2021-11-11,2021,4,11,November,Nov,45,11,Thursday,Thu,4,No,No,No,2021,4,11,No,315
20211112,2021-11-12,2021,4,11,November,Nov,45,12,Friday,Fri,5,No,No,No,2021,4,11,No,316
20211113,2021-11-13,2021,4,11,November,Nov,45,13,Saturday,Sat,6,Yes,No,No,2021,4,11,No,317
20211114,2021-11-14,2021,4,11,November,Nov,45,14,Sunday,Sun,7,Yes,No,No,2021,4,11,No,318
20211115,2021-11-15,2021,4,11,November,Nov,46,15,Monday,Mon,1,No,No,No,2021,4,11,No,319
20211116,2021-11-16,2021,4,11,November,Nov,46,16,Tuesday,Tue,2,No,No,No,2021,4,11,No,320
20211117,2021-11-17,2021,4,11,November,Nov,46,17,Wednesday,Wed,3,No,No,No,2021,4,11,No,321
20211118,2021-11-18,2021,4,11,November,Nov,46,18,Thursday,Thu,4,No,No,No,2021,4,11,No,322
20211119,2021-11-19,2021,4,11,November,Nov,46,19,Friday,Fri,5,No,No,No,2021,4,11,No,323
20211120,2021-11-20,2021,4,11,November,Nov,46,20,Saturday,Sat,6,Yes,No,No,2021,4,11,No,324
20211121,2021-11-21,2021,4,11,November,Nov,46,21,Sunday,Sun,7,Yes,No,No,2021,4,11,No,325
20211122,2021-11-22,2021,4,11,November,Nov,47,22,Monday,Mon,1,No,No,No,2021,4,11,No,326
20211123,2021-11-23,2021,4,11,November,Nov,47,23,Tuesday,Tue,2,No,No,No,2021,4,11,No,327
20211124,2021-11-24,2021,4,11,November,Nov,47,24,Wednesday,Wed,3,No,No,No,2021,4,11,No,328
20211125,2021-11-25,2021,4,11,November,Nov,47,25,Thursday,Thu,4,No,No,No,2021,4,11,No,329
20211126,2021-11-26,2021,4,11,November,Nov,47,26,Friday,Fri,5,No,No,No,2021,4,11,No,330
20211127,2021-11-27,2021,4,11,November,Nov,47,27,Saturday,Sat,6,Yes,No,No,2021,4,11,No,331
20211128,2021-11-28,2021,4,11,November,Nov,47,28,Sunday,Sun,7,Yes,No,No,2021,4,11,No,332
20211129,2021-11-29,2021,4,11,November,Nov,48,29,Monday,Mon,1,No,No,No,2021,4,11,No,333
20211130,2021-11-30,2021,4,11,November,Nov,48,30,Tuesday,Tue,2,No,No,Yes,2021,4,11,No,334
20211201,2021-12-01,2021,4,12,December,Dec,48,1,Wednesday,Wed,3,No,Yes,No,2021,4,12,No,335
20211202,2021-12-02,2021,4,12,December,Dec,48,2,Thursday,Thu,4,No,No,No,2021,4,12,No,336
20211203,2021-12-03,2021,4,12,December,Dec,48,3,Friday,Fri,5,No,No,No,2021,4,12,No,337
20211204,2021-12-04,2021,4,12,December,Dec,48,4,Saturday,Sat,6,Yes,No,No,2021,4,12,No,338
20211205,2021-12-05,2021,4,12,December,Dec,48,5,Sunday,Sun,7,Yes,No,No,2021,4,12,No,339
20211206,2021-12-06,2021,4,12,December,Dec,49,6,Monday,Mon,1,No,No,No,2021,4,12,No,340
20211207,2021-12-07,2021,4,12,December,Dec,49,7,Tuesday,Tue,2,No,No,No,2021,4,12,No,341
20211208,2021-12-08,2021,4,12,December,Dec,49,8,Wednesday,Wed,3,No,No,No,2021,4,12,No,342
20211209,2021-12-09,2021,4,12,December,Dec,49,9,Thursday,Thu,4,No,No,No,2021,4,12,No,343
20211210,2021-12-10,2021,4,12,December,Dec,49,10,Friday,Fri,5,No,No,No,2021,4,12,No,344
20211211,2021-12-11,2021,4,12,December,Dec,49,11,Saturday,Sat,6,Yes,No,No,2021,4,12,No,345
20211212,2021-12-12,2021,4,12,December,Dec,49,12,Sunday,Sun,7,Yes,No,No,2021,4,12,No,346
20211213,2021-12-13,2021,4,12,December,Dec,50,13,Monday,Mon,1,No,No,No,2021,4,12,No,347
20211214,2021-12-14,2021,4,12,December,Dec,50,14,Tuesday,Tue,2,No,No,No,2021,4,12,No,348
20211215,2021-12-15,2021,4,12,December,Dec,50,15,Wednesday,Wed,3,No,No,No,2021,4,12,No,349
20211216,2021-12-16,2021,4,12,December,Dec,50,16,Thursday,Thu,4,No,No,No,2021,4,12,No,350
20211217,2021-12-17,2021,4,12,December,Dec,50,17,Friday,Fri,5,No,No,No,2021,4,12,No,351
20211218,2021-12-18,2021,4,12,December,Dec,50,18,Saturday,Sat,6,Yes,No,No,2021,4,12,No,352
20211219,2021-12-19,2021,4,12,December,Dec,50,19,Sunday,Sun,7,Yes,No,No,2021,4,12,No,353
20211220,2021-12-20,2021,4,12,December,Dec,51,20,Monday,Mon,1,No,No,No,2021,4,12,No,354
20211221,2021-12-21,2021,4,12,December,Dec,51,21,Tuesday,Tue,2,No,No,No,2021,4,12,No,355
20211222,2021-12-22,2021,4,12,December,Dec,51,22,Wednesday,Wed,3,No,No,No,2021,4,12,No,356
20211223,2021-12-23,2021,4,12,December,Dec,51,23,Thursday,Thu,4,No,No,No,2021,4,12,No,357
20211224,2021-12-24,2021,4,12,December,Dec,51,24,Friday,Fri,5,No,No,No,2021,4,12,No,358
20211225,2021-12-25,2021,4,12,December,Dec,51,25,Saturday,Sat,6,Yes,No,No,2021,4,12,No,359
20211226,2021-12-26,2021,4,12,December,Dec,51,26,Sunday,Sun,7,Yes,No,No,2021,4,12,No,360
20211227,2021-12-27,2021,4,12,December,Dec,52,27,Monday,Mon,1,No,No,No,2021,4,12,No,361
20211228,2021-12-28,2021,4,12,December,Dec,52,28,Tuesday,Tue,2,No,No,No,2021,4,12,No,362
20211229,2021-12-29,2021,4,12,December,Dec,52,29,Wednesday,Wed,3,No,No,No,2021,4,12,No,363
20211230,2021-12-30,2021,4,12,December,Dec,52,30,Thursday,Thu,4,No,No,No,2021,4,12,No,364
20211231,2021-12-31,2021,4,12,December,Dec,52,31,Friday,Fri,5,No,No,Yes,2021,4,12,No,365
20220101,2022-01-01,2022,1,1,January,Jan,52,1,Saturday,Sat,6,Yes,Yes,No,2022,1,1,No,1
20220102,2022-01-02,2022,1,1,January,Jan,52,2,Sunday,Sun,7,Yes,No,No,2022,1,1,No,2
20220103,2022-01-03,2022,1,1,January,Jan,1,3,Monday,Mon,1,No,No,No,2022,1,1,No,3
20220104,2022-01-04,2022,1,1,January,Jan,1,4,Tuesday,Tue,2,No,No,No,2022,1,1,No,4
20220105,2022-01-05,2022,1,1,January,Jan,1,5,Wednesday,Wed,3,No,No,No,2022,1,1,No,5
20220106,2022-01-06,2022,1,1,January,Jan,1,6,Thursday,Thu,4,No,No,No,2022,1,1,No,6
20220107,2022-01-07,2022,1,1,January,Jan,1,7,Friday,Fri,5,No,No,No,2022,1,1,No,7
20220108,2022-01-08,2022,1,1,January,Jan,1,8,Saturday,Sat,6,Yes,No,No,2022,1,1,No,8
20220109,2022-01-09,2022,1,1,January,Jan,1,9,Sunday,Sun,7,Yes,No,No,2022,1,1,No,9
20220110,2022-01-10,2022,1,1,January,Jan,2,10,Monday,Mon,1,No,No,No,2022,1,1,No,10
20220111,2022-01-11,2022,1,1,January,Jan,2,11,Tuesday,Tue,2,No,No,No,2022,1,1,No,11
20220112,2022-01-12,2022,1,1,January,Jan,2,12,Wednesday,Wed,3,No,No,No,2022,1,1,No,12
20220113,2022-01-13,2022,1,1,January,Jan,2,13,Thursday,Thu,4,No,No,No,2022,1,1,No,13
20220114,2022-01-14,2022,1,1,January,Jan,2,14,Friday,Fri,5,No,No,No,2022,1,1,No,14
20220115,2022-01-15,2022,1,1,January,Jan,2,15,Saturday,Sat,6,Yes,No,No,2022,1,1,No,15
20220116,2022-01-16,2022,1,1,January,Jan,2,16,Sunday,Sun,7,Yes,No,No,2022,1,1,No,16
20220117,2022-01-17,2022,1,1,January,Jan,3,17,Monday,Mon,1,No,No,No,2022,1,1,No,17
20220118,2022-01-18,2022,1,1,January,Jan,3,18,Tuesday,Tue,2,No,No,No,2022,1,1,No,18
20220119,2022-01-19,2022,1,1,January,Jan,3,19,Wednesday,Wed,3,No,No,No,2022,1,1,No,19
20220120,2022-01-20,2022,1,1,January,Jan,3,20,Thursday,Thu,4,No,No,No,2022,1,1,No,20
20220121,2022-01-21,2022,1,1,January,Jan,3,21,Friday,Fri,5,No,No,No,2022,1,1,No,21
20220122,2022-01-22,2022,1,1,January,Jan,3,22,Saturday,Sat,6,Yes,No,No,2022,1,1,No,22
20220123,2022-01-23,2022,1,1,January,Jan,3,23,Sunday,Sun,7,Yes,No,No,2022,1,1,No,23
20220124,2022-01-24,2022,1,1,January,Jan,4,24,Monday,Mon,1,No,No,No,2022,1,1,No,24
20220125,2022-01-25,2022,1,1,January,Jan,4,25,Tuesday,Tue,2,No,No,No,2022,1,1,No,25
20220126,2022-01-26,2022,1,1,January,Jan,4,26,Wednesday,Wed,3,No,No,No,2022,1,1,No,26
20220127,2022-01-27,2022,1,1,January,Jan,4,27,Thursday,Thu,4,No,No,No,2022,1,1,No,27
20220128,2022-01-28,2022,1,1,January,Jan,4,28,Friday,Fri,5,No,No,No,2022,1,1,No,28
20220129,2022-01-29,2022,1,1,January,Jan,4,29,Saturday,Sat,6,Yes,No,No,2022,1,1,No,29
20220130,2022-01-30,2022,1,1,January,Jan,4,30,Sunday,Sun,7,Yes,No,No,2022,1,1,No,30
20220131,2022-01-31,2022,1,1,January,Jan,5,31,Monday,Mon,1,No,No,Yes,2022,1,1,No,31
20220201,2022-02-01,2022,1,2,February,Feb,5,1,Tuesday,Tue,2,No,Yes,No,2022,1,2,No,32
20220202,2022-02-02,2022,1,2,February,Feb,5,2,Wednesday,Wed,3,No,No,No,2022,1,2,No,33
20220203,2022-02-03,2022,1,2,February,Feb,5,3,Thursday,Thu,4,No,No,No,2022,1,2,No,34
20220204,2022-02-04,2022,1,2,February,Feb,5,4,Friday,Fri,5,No,No,No,2022,1,2,No,35
20220205,2022-02-05,2022,1,2,February,Feb,5,5,Saturday,Sat,6,Yes,No,No,2022,1,2,No,36
20220206,2022-02-06,2022,1,2,February,Feb,5,6,Sunday,Sun,7,Yes,No,No,2022,1,2,No,37
20220207,2022-02-07,2022,1,2,February,Feb,6,7,Monday,Mon,1,No,No,No,2022,1,2,No,38
20220208,2022-02-08,2022,1,2,February,Feb,6,8,Tuesday,Tue,2,No,No,No,2022,1,2,No,39
20220209,2022-02-09,2022,1,2,February,Feb,6,9,Wednesday,Wed,3,No,No,No,2022,1,2,No,40
20220210,2022-02-10,2022,1,2,February,Feb,6,10,Thursday,Thu,4,No,No,No,2022,1,2,No,41
20220211,2022-02-11,2022,1,2,February,Feb,6,11,Friday,Fri,5,No,No,No,2022,1,2,No,42
20220212,2022-02-12,2022,1,2,February,Feb,6,12,Saturday,Sat,6,Yes,No,No,2022,1,2,No,43
20220213,2022-02-13,2022,1,2,February,Feb,6,13,Sunday,Sun,7,Yes,No,No,2022,1,2,No,44
20220214,2022-02-14,2022,1,2,February,Feb,7,14,Monday,Mon,1,No,No,No,2022,1,2,No,45
20220215,2022-02-15,2022,1,2,February,Feb,7,15,Tuesday,Tue,2,No,No,No,2022,1,2,No,46
20220216,2022-02-16,2022,1,2,February,Feb,7,16,Wednesday,Wed,3,No,No,No,2022,1,2,No,47
20220217,2022-02-17,2022,1,2,February,Feb,7,17,Thursday,Thu,4,No,No,No,2022,1,2,No,48
20220218,2022-02-18,2022,1,2,February,Feb,7,18,Friday,Fri,5,No,No,No,2022,1,2,No,49
20220219,2022-02-19,2022,1,2,February,Feb,7,19,Saturday,Sat,6,Yes,No,No,2022,1,2,No,50
20220220,2022-02-20,2022,1,2,February,Feb,7,20,Sunday,Sun,7,Yes,No,No,2022,1,2,No,51
20220221,2022-02-21,2022,1,2,February,Feb,8,21,Monday,Mon,1,No,No,No,2022,1,2,No,52
20220222,2022-02-22,2022,1,2,February,Feb,8,22,Tuesday,Tue,2,No,No,No,2022,1,2,No,53
20220223,2022-02-23,2022,1,2,February,Feb,8,23,Wednesday,Wed,3,No,No,No,2022,1,2,No,54
20220224,2022-02-24,2022,1,2,February,Feb,8,24,Thursday,Thu,4,No,No,No,2022,1,2,No,55
20220225,2022-02-25,2022,1,2,February,Feb,8,25,Friday,Fri,5,No,No,No,2022,1,2,No,56
20220226,2022-02-26,2022,1,2,February,Feb,8,26,Saturday,Sat,6,Yes,No,No,2022,1,2,No,57
20220227,2022-02-27,2022,1,2,February,Feb,8,27,Sunday,Sun,7,Yes,No,No,2022,1,2,No,58
20220228,2022-02-28,2022,1,2,February,Feb,9,28,Monday,Mon,1,No,No,Yes,2022,1,2,No,59
20220301,2022-03-01,2022,1,3,March,Mar,9,1,Tuesday,Tue,2,No,Yes,No,2022,1,3,No,60
20220302,2022-03-02,2022,1,3,March,Mar,9,2,Wednesday,Wed,3,No,No,No,2022,1,3,No,61
20220303,2022-03-03,2022,1,3,March,Mar,9,3,Thursday,Thu,4,No,No,No,2022,1,3,No,62
20220304,2022-03-04,2022,1,3,March,Mar,9,4,Friday,Fri,5,No,No,No,2022,1,3,No,63
20220305,2022-03-05,2022,1,3,March,Mar,9,5,Saturday,Sat,6,Yes,No,No,2022,1,3,No,64
20220306,2022-03-06,2022,1,3,March,Mar,9,6,Sunday,Sun,7,Yes,No,No,2022,1,3,No,65
20220307,2022-03-07,2022,1,3,March,Mar,10,7,Monday,Mon,1,No,No,No,2022,1,3,No,66
20220308,2022-03-08,2022,1,3,March,Mar,10,8,Tuesday,Tue,2,No,No,No,2022,1,3,No,67
20220309,2022-03-09,2022,1,3,March,Mar,10,9,Wednesday,Wed,3,No,No,No,2022,1,3,No,68
20220310,2022-03-10,2022,1,3,March,Mar,10,10,Thursday,Thu,4,No,No,No,2022,1,3,No,69
20220311,2022-03-11,2022,1,3,March,Mar,10,11,Friday,Fri,5,No,No,No,2022,1,3,No,70
20220312,2022-03-12,2022,1,3,March,Mar,10,12,Saturday,Sat,6,Yes,No,No,2022,1,3,No,71
20220313,2022-03-13,2022,1,3,March,Mar,10,13,Sunday,Sun,7,Yes,No,No,2022,1,3,No,72
20220314,2022-03-14,2022,1,3,March,Mar,11,14,Monday,Mon,1,No,No,No,2022,1,3,No,73
20220315,2022-03-15,2022,1,3,March,Mar,11,15,Tuesday,Tue,2,No,No,No,2022,1,3,No,74
20220316,2022-03-16,2022,1,3,March,Mar,11,16,Wednesday,Wed,3,No,No,No,2022,1,3,No,75
20220317,2022-03-17,2022,1,3,March,Mar,11,17,Thursday,Thu,4,No,No,No,2022,1,3,No,76
20220318,2022-03-18,2022,1,3,March,Mar,11,18,Friday,Fri,5,No,No,No,2022,1,3,No,77
20220319,2022-03-19,2022,1,3,March,Mar,11,19,Saturday,Sat,6,Yes,No,No,2022,1,3,No,78
20220320,2022-03-20,2022,1,3,March,Mar,11,20,Sunday,Sun,7,Yes,No,No,2022,1,3,No,79
20220321,2022-03-21,2022,1,3,March,Mar,12,21,Monday,Mon,1,No,No,No,2022,1,3,No,80
20220322,2022-03-22,2022,1,3,March,Mar,12,22,Tuesday,Tue,2,No,No,No,2022,1,3,No,81
20220323,2022-03-23,2022,1,3,March,Mar,12,23,Wednesday,Wed,3,No,No,No,2022,1,3,No,82
20220324,2022-03-24,2022,1,3,March,Mar,12,24,Thursday,Thu,4,No,No,No,2022,1,3,No,83
20220325,2022-03-25,2022,1,3,March,Mar,12,25,Friday,Fri,5,No,No,No,2022,1,3,No,84
20220326,2022-03-26,2022,1,3,March,Mar,12,26,Saturday,Sat,6,Yes,No,No,2022,1,3,No,85
20220327,2022-03-27,2022,1,3,March,Mar,12,27,Sunday,Sun,7,Yes,No,No,2022,1,3,No,86
20220328,2022-03-28,2022,1,3,March,Mar,13,28,Monday,Mon,1,No,No,No,2022,1,3,No,87
20220329,2022-03-29,2022,1,3,March,Mar,13,29,Tuesday,Tue,2,No,No,No,2022,1,3,No,88
20220330,2022-03-30,2022,1,3,March,Mar,13,30,Wednesday,Wed,3,No,No,No,2022,1,3,No,89
20220331,2022-03-31,2022,1,3,March,Mar,13,31,Thursday,Thu,4,No,No,Yes,2022,1,3,No,90
20220401,2022-04-01,2022,2,4,April,Apr,13,1,Friday,Fri,5,No,Yes,No,2022,2,4,No,91
20220402,2022-04-02,2022,2,4,April,Apr,13,2,Saturday,Sat,6,Yes,No,No,2022,2,4,No,92
20220403,2022-04-03,2022,2,4,April,Apr,13,3,Sunday,Sun,7,Yes,No,No,2022,2,4,No,93
20220404,2022-04-04,2022,2,4,April,Apr,14,4,Monday,Mon,1,No,No,No,2022,2,4,No,94
20220405,2022-04-05,2022,2,4,April,Apr,14,5,Tuesday,Tue,2,No,No,No,2022,2,4,No,95
20220406,2022-04-06,2022,2,4,April,Apr,14,6,Wednesday,Wed,3,No,No,No,2022,2,4,No,96
20220407,2022-04-07,2022,2,4,April,Apr,14,7,Thursday,Thu,4,No,No,No,2022,2,4,No,97
20220408,2022-04-08,2022,2,4,April,Apr,14,8,Friday,Fri,5,No,No,No,2022,2,4,No,98
20220409,2022-04-09,2022,2,4,April,Apr,14,9,Saturday,Sat,6,Yes,No,No,2022,2,4,No,99
20220410,2022-04-10,2022,2,4,April,Apr,14,10,Sunday,Sun,7,Yes,No,No,2022,2,4,No,100
20220411,2022-04-11,2022,2,4,April,Apr,15,11,Monday,Mon,1,No,No,No,2022,2,4,No,101
20220412,2022-04-12,2022,2,4,April,Apr,15,12,Tuesday,Tue,2,No,No,No,2022,2,4,No,102
20220413,2022-04-13,2022,2,4,April,Apr,15,13,Wednesday,Wed,3,No,No,No,2022,2,4,No,103
20220414,2022-04-14,2022,2,4,April,Apr,15,14,Thursday,Thu,4,No,No,No,2022,2,4,No,104
20220415,2022-04-15,2022,2,4,April,Apr,15,15,Friday,Fri,5,No,No,No,2022,2,4,No,105
20220416,2022-04-16,2022,2,4,April,Apr,15,16,Saturday,Sat,6,Yes,No,No,2022,2,4,No,106
20220417,2022-04-17,2022,2,4,April,Apr,15,17,Sunday,Sun,7,Yes,No,No,2022,2,4,No,107
20220418,2022-04-18,2022,2,4,April,Apr,16,18,Monday,Mon,1,No,No,No,2022,2,4,No,108
20220419,2022-04-19,2022,2,4,April,Apr,16,19,Tuesday,Tue,2,No,No,No,2022,2,4,No,109
20220420,2022-04-20,2022,2,4,April,Apr,16,20,Wednesday,Wed,3,No,No,No,2022,2,4,No,110
20220421,2022-04-21,2022,2,4,April,Apr,16,21,Thursday,Thu,4,No,No,No,2022,2,4,No,111
20220422,2022-04-22,2022,2,4,April,Apr,16,22,Friday,Fri,5,No,No,No,2022,2,4,No,112
20220423,2022-04-23,2022,2,4,April,Apr,16,23,Saturday,Sat,6,Yes,No,No,2022,2,4,No,113
20220424,2022-04-24,2022,2,4,April,Apr,16,24,Sunday,Sun,7,Yes,No,No,2022,2,4,No,114
20220425,2022-04-25,2022,2,4,April,Apr,17,25,Monday,Mon,1,No,No,No,2022,2,4,No,115
20220426,2022-04-26,2022,2,4,April,Apr,17,26,Tuesday,Tue,2,No,No,No,2022,2,4,No,116
20220427,2022-04-27,2022,2,4,April,Apr,17,27,Wednesday,Wed,3,No,No,No,2022,2,4,No,117
20220428,2022-04-28,2022,2,4,April,Apr,17,28,Thursday,Thu,4,No,No,No,2022,2,4,No,118
20220429,2022-04-29,2022,2,4,April,Apr,17,29,Friday,Fri,5,No,No,No,2022,2,4,No,119
20220430,2022-04-30,2022,2,4,April,Apr,17,30,Saturday,Sat,6,Yes,No,Yes,2022,2,4,No,120
20220501,2022-05-01,2022,2,5,May,May,17,1,Sunday,Sun,7,Yes,Yes,No,2022,2,5,No,121
20220502,2022-05-02,2022,2,5,May,May,18,2,Monday,Mon,1,No,No,No,2022,2,5,No,122
20220503,2022-05-03,2022,2,5,May,May,18,3,Tuesday,Tue,2,No,No,No,2022,2,5,No,123
20220504,2022-05-04,2022,2,5,May,May,18,4,Wednesday,Wed,3,No,No,No,2022,2,5,No,124
20220505,2022-05-05,2022,2,5,May,May,18,5,Thursday,Thu,4,No,No,No,2022,2,5,No,125
20220506,2022-05-06,2022,2,5,May,May,18,6,Friday,Fri,5,No,No,No,2022,2,5,No,126
20220507,2022-05-07,2022,2,5,May,May,18,7,Saturday,Sat,6,Yes,No,No,2022,2,5,No,127
20220508,2022-05-08,2022,2,5,May,May,18,8,Sunday,Sun,7,Yes,No,No,2022,2,5,No,128
20220509,2022-05-09,2022,2,5,May,May,19,9,Monday,Mon,1,No,No,No,2022,2,5,No,129
20220510,2022-05-10,2022,2,5,May,May,19,10,Tuesday,Tue,2,No,No,No,2022,2,5,No,130
20220511,2022-05-11,2022,2,5,May,May,19,11,Wednesday,Wed,3,No,No,No,2022,2,5,No,131
20220512,2022-05-12,2022,2,5,May,May,19,12,Thursday,Thu,4,No,No,No,2022,2,5,No,132
20220513,2022-05-13,2022,2,5,May,May,19,13,Friday,Fri,5,No,No,No,2022,2,5,No,133
20220514,2022-05-14,2022,2,5,May,May,19,14,Saturday,Sat,6,Yes,No,No,2022,2,5,No,134
20220515,2022-05-15,2022,2,5,May,May,19,15,Sunday,Sun,7,Yes,No,No,2022,2,5,No,135
20220516,2022-05-16,2022,2,5,May,May,20,16,Monday,Mon,1,No,No,No,2022,2,5,No,136
20220517,2022-05-17,2022,2,5,May,May,20,17,Tuesday,Tue,2,No,No,No,2022,2,5,No,137
20220518,2022-05-18,2022,2,5,May,May,20,18,Wednesday,Wed,3,No,No,No,2022,2,5,No,138
20220519,2022-05-19,2022,2,5,May,May,20,19,Thursday,Thu,4,No,No,No,2022,2,5,No,139
20220520,2022-05-20,2022,2,5,May,May,20,20,Friday,Fri,5,No,No,No,2022,2,5,No,140
20220521,2022-05-21,2022,2,5,May,May,20,21,Saturday,Sat,6,Yes,No,No,2022,2,5,No,141
20220522,2022-05-22,2022,2,5,May,May,20,22,Sunday,Sun,7,Yes,No,No,2022,2,5,No,142
20220523,2022-05-23,2022,2,5,May,May,21,23,Monday,Mon,1,No,No,No,2022,2,5,No,143
20220524,2022-05-24,2022,2,5,May,May,21,24,Tuesday,Tue,2,No,No,No,2022,2,5,No,144
20220525,2022-05-25,2022,2,5,May,May,21,25,Wednesday,Wed,3,No,No,No,2022,2,5,No,145
20220526,2022-05-26,2022,2,5,May,May,21,26,Thursday,Thu,4,No,No,No,2022,2,5,No,146
20220527,2022-05-27,2022,2,5,May,May,21,27,Friday,Fri,5,No,No,No,2022,2,5,No,147
20220528,2022-05-28,2022,2,5,May,May,21,28,Saturday,Sat,6,Yes,No,No,2022,2,5,No,148
20220529,2022-05-29,2022,2,5,May,May,21,29,Sunday,Sun,7,Yes,No,No,2022,2,5,No,149
20220530,2022-05-30,2022,2,5,May,May,22,30,Monday,Mon,1,No,No,No,2022,2,5,No,150
20220531,2022-05-31,2022,2,5,May,May,22,31,Tuesday,Tue,2,No,No,Yes,2022,2,5,No,151
20220601,2022-06-01,2022,2,6,June,Jun,22,1,Wednesday,Wed,3,No,Yes,No,2022,2,6,No,152
20220602,2022-06-02,2022,2,6,June,Jun,22,2,Thursday,Thu,4,No,No,No,2022,2,6,No,153
20220603,2022-06-03,2022,2,6,June,Jun,22,3,Friday,Fri,5,No,No,No,2022,2,6,No,154
20220604,2022-06-04,2022,2,6,June,Jun,22,4,Saturday,Sat,6,Yes,No,No,2022,2,6,No,155
20220605,2022-06-05,2022,2,6,June,Jun,22,5,Sunday,Sun,7,Yes,No,No,2022,2,6,No,156
20220606,2022-06-06,2022,2,6,June,Jun,23,6,Monday,Mon,1,No,No,No,2022,2,6,No,157
20220607,2022-06-07,2022,2,6,June,Jun,23,7,Tuesday,Tue,2,No,No,No,2022,2,6,No,158
20220608,2022-06-08,2022,2,6,June,Jun,23,8,Wednesday,Wed,3,No,No,No,2022,2,6,No,159
20220609,2022-06-09,2022,2,6,June,Jun,23,9,Thursday,Thu,4,No,No,No,2022,2,6,No,160
20220610,2022-06-10,2022,2,6,June,Jun,23,10,Friday,Fri,5,No,No,No,2022,2,6,No,161
20220611,2022-06-11,2022,2,6,June,Jun,23,11,Saturday,Sat,6,Yes,No,No,2022,2,6,No,162
20220612,2022-06-12,2022,2,6,June,Jun,23,12,Sunday,Sun,7,Yes,No,No,2022,2,6,No,163
20220613,2022-06-13,2022,2,6,June,Jun,24,13,Monday,Mon,1,No,No,No,2022,2,6,No,164
20220614,2022-06-14,2022,2,6,June,Jun,24,14,Tuesday,Tue,2,No,No,No,2022,2,6,No,165
20220615,2022-06-15,2022,2,6,June,Jun,24,15,Wednesday,Wed,3,No,No,No,2022,2,6,No,166
20220616,2022-06-16,2022,2,6,June,Jun,24,16,Thursday,Thu,4,No,No,No,2022,2,6,No,167
20220617,2022-06-17,2022,2,6,June,Jun,24,17,Friday,Fri,5,No,No,No,2022,2,6,No,168
20220618,2022-06-18,2022,2,6,June,Jun,24,18,Saturday,Sat,6,Yes,No,No,2022,2,6,No,169
20220619,2022-06-19,2022,2,6,June,Jun,24,19,Sunday,Sun,7,Yes,No,No,2022,2,6,No,170
20220620,2022-06-20,2022,2,6,June,Jun,25,20,Monday,Mon,1,No,No,No,2022,2,6,No,171
20220621,2022-06-21,2022,2,6,June,Jun,25,21,Tuesday,Tue,2,No,No,No,2022,2,6,No,172
20220622,2022-06-22,2022,2,6,June,Jun,25,22,Wednesday,Wed,3,No,No,No,2022,2,6,No,173
20220623,2022-06-23,2022,2,6,June,Jun,25,23,Thursday,Thu,4,No,No,No,2022,2,6,No,174
20220624,2022-06-24,2022,2,6,June,Jun,25,24,Friday,Fri,5,No,No,No,2022,2,6,No,175
20220625,2022-06-25,2022,2,6,June,Jun,25,25,Saturday,Sat,6,Yes,No,No,2022,2,6,No,176
20220626,2022-06-26,2022,2,6,June,Jun,25,26,Sunday,Sun,7,Yes,No,No,2022,2,6,No,177
20220627,2022-06-27,2022,2,6,June,Jun,26,27,Monday,Mon,1,No,No,No,2022,2,6,No,178
20220628,2022-06-28,2022,2,6,June,Jun,26,28,Tuesday,Tue,2,No,No,No,2022,2,6,No,179
20220629,2022-06-29,2022,2,6,June,Jun,26,29,Wednesday,Wed,3,No,No,No,2022,2,6,No,180
20220630,2022-06-30,2022,2,6,June,Jun,26,30,Thursday,Thu,4,No,No,Yes,2022,2,6,No,181
20220701,2022-07-01,2022,3,7,July,Jul,26,1,Friday,Fri,5,No,Yes,No,2022,3,7,No,182
20220702,2022-07-02,2022,3,7,July,Jul,26,2,Saturday,Sat,6,Yes,No,No,2022,3,7,No,183
20220703,2022-07-03,2022,3,7,July,Jul,26,3,Sunday,Sun,7,Yes,No,No,2022,3,7,No,184
20220704,2022-07-04,2022,3,7,July,Jul,27,4,Monday,Mon,1,No,No,No,2022,3,7,No,185
20220705,2022-07-05,2022,3,7,July,Jul,27,5,Tuesday,Tue,2,No,No,No,2022,3,7,No,186
20220706,2022-07-06,2022,3,7,July,Jul,27,6,Wednesday,Wed,3,No,No,No,2022,3,7,No,187
20220707,2022-07-07,2022,3,7,July,Jul,27,7,Thursday,Thu,4,No,No,No,2022,3,7,No,188
20220708,2022-07-08,2022,3,7,July,Jul,27,8,Friday,Fri,5,No,No,No,2022,3,7,No,189
20220709,2022-07-09,2022,3,7,July,Jul,27,9,Saturday,Sat,6,Yes,No,No,2022,3,7,No,190
20220710,2022-07-10,2022,3,7,July,Jul,27,10,Sunday,Sun,7,Yes,No,No,2022,3,7,No,191
20220711,2022-07-11,2022,3,7,July,Jul,28,11,Monday,Mon,1,No,No,No,2022,3,7,No,192
20220712,2022-07-12,2022,3,7,July,Jul,28,12,Tuesday,Tue,2,No,No,No,2022,3,7,No,193
20220713,2022-07-13,2022,3,7,July,Jul,28,13,Wednesday,Wed,3,No,No,No,2022,3,7,No,194
20220714,2022-07-14,2022,3,7,July,Jul,28,14,Thursday,Thu,4,No,No,No,2022,3,7,No,195
20220715,2022-07-15,2022,3,7,July,Jul,28,15,Friday,Fri,5,No,No,No,2022,3,7,No,196
20220716,2022-07-16,2022,3,7,July,Jul,28,16,Saturday,Sat,6,Yes,No,No,2022,3,7,No,197
20220717,2022-07-17,2022,3,7,July,Jul,28,17,Sunday,Sun,7,Yes,No,No,2022,3,7,No,198
20220718,2022-07-18,2022,3,7,July,Jul,29,18,Monday,Mon,1,No,No,No,2022,3,7,No,199
20220719,2022-07-19,2022,3,7,July,Jul,29,19,Tuesday,Tue,2,No,No,No,2022,3,7,No,200
20220720,2022-07-20,2022,3,7,July,Jul,29,20,Wednesday,Wed,3,No,No,No,2022,3,7,No,201
20220721,2022-07-21,2022,3,7,July,Jul,29,21,Thursday,Thu,4,No,No,No,2022,3,7,No,202
20220722,2022-07-22,2022,3,7,July,Jul,29,22,Friday,Fri,5,No,No,No,2022,3,7,No,203
20220723,2022-07-23,2022,3,7,July,Jul,29,23,Saturday,Sat,6,Yes,No,No,2022,3,7,No,204
20220724,2022-07-24,2022,3,7,July,Jul,29,24,Sunday,Sun,7,Yes,No,No,2022,3,7,No,205
20220725,2022-07-25,2022,3,7,July,Jul,30,25,Monday,Mon,1,No,No,No,2022,3,7,No,206
20220726,2022-07-26,2022,3,7,July,Jul,30,26,Tuesday,Tue,2,No,No,No,2022,3,7,No,207
20220727,2022-07-27,2022,3,7,July,Jul,30,27,Wednesday,Wed,3,No,No,No,2022,3,7,No,208
20220728,2022-07-28,2022,3,7,July,Jul,30,28,Thursday,Thu,4,No,No,No,2022,3,7,No,209
20220729,2022-07-29,2022,3,7,July,Jul,30,29,Friday,Fri,5,No,No,No,2022,3,7,No,210
20220730,2022-07-30,2022,3,7,July,Jul,30,30,Saturday,Sat,6,Yes,No,No,2022,3,7,No,211
20220731,2022-07-31,2022,3,7,July,Jul,30,31,Sunday,Sun,7,Yes,No,Yes,2022,3,7,No,212
20220801,2022-08-01,2022,3,8,August,Aug,31,1,Monday,Mon,1,No,Yes,No,2022,3,8,No,213
20220802,2022-08-02,2022,3,8,August,Aug,31,2,Tuesday,Tue,2,No,No,No,2022,3,8,No,214
20220803,2022-08-03,2022,3,8,August,Aug,31,3,Wednesday,Wed,3,No,No,No,2022,3,8,No,215
20220804,2022-08-04,2022,3,8,August,Aug,31,4,Thursday,Thu,4,No,No,No,2022,3,8,No,216
20220805,2022-08-05,2022,3,8,August,Aug,31,5,Friday,Fri,5,No,No,No,2022,3,8,No,217
20220806,2022-08-06,2022,3,8,August,Aug,31,6,Saturday,Sat,6,Yes,No,No,2022,3,8,No,218
20220807,2022-08-07,2022,3,8,August,Aug,31,7,Sunday,Sun,7,Yes,No,No,2022,3,8,No,219
20220808,2022-08-08,2022,3,8,August,Aug,32,8,Monday,Mon,1,No,No,No,2022,3,8,No,220
20220809,2022-08-09,2022,3,8,August,Aug,32,9,Tuesday,Tue,2,No,No,No,2022,3,8,No,221
20220810,2022-08-10,2022,3,8,August,Aug,32,10,Wednesday,Wed,3,No,No,No,2022,3,8,No,222
20220811,2022-08-11,2022,3,8,August,Aug,32,11,Thursday,Thu,4,No,No,No,2022,3,8,No,223
20220812,2022-08-12,2022,3,8,August,Aug,32,12,Friday,Fri,5,No,No,No,2022,3,8,No,224
20220813,2022-08-13,2022,3,8,August,Aug,32,13,Saturday,Sat,6,Yes,No,No,2022,3,8,No,225
20220814,2022-08-14,2022,3,8,August,Aug,32,14,Sunday,Sun,7,Yes,No,No,2022,3,8,No,226
20220815,2022-08-15,2022,3,8,August,Aug,33,15,Monday,Mon,1,No,No,No,2022,3,8,No,227
20220816,2022-08-16,2022,3,8,August,Aug,33,16,Tuesday,Tue,2,No,No,No,2022,3,8,No,228
20220817,2022-08-17,2022,3,8,August,Aug,33,17,Wednesday,Wed,3,No,No,No,2022,3,8,No,229
20220818,2022-08-18,2022,3,8,August,Aug,33,18,Thursday,Thu,4,No,No,No,2022,3,8,No,230
20220819,2022-08-19,2022,3,8,August,Aug,33,19,Friday,Fri,5,No,No,No,2022,3,8,No,231
20220820,2022-08-20,2022,3,8,August,Aug,33,20,Saturday,Sat,6,Yes,No,No,2022,3,8,No,232
20220821,2022-08-21,2022,3,8,August,Aug,33,21,Sunday,Sun,7,Yes,No,No,2022,3,8,No,233
20220822,2022-08-22,2022,3,8,August,Aug,34,22,Monday,Mon,1,No,No,No,2022,3,8,No,234
20220823,2022-08-23,2022,3,8,August,Aug,34,23,Tuesday,Tue,2,No,No,No,2022,3,8,No,235
20220824,2022-08-24,2022,3,8,August,Aug,34,24,Wednesday,Wed,3,No,No,No,2022,3,8,No,236
20220825,2022-08-25,2022,3,8,August,Aug,34,25,Thursday,Thu,4,No,No,No,2022,3,8,No,237
20220826,2022-08-26,2022,3,8,August,Aug,34,26,Friday,Fri,5,No,No,No,2022,3,8,No,238
20220827,2022-08-27,2022,3,8,August,Aug,34,27,Saturday,Sat,6,Yes,No,No,2022,3,8,No,239
20220828,2022-08-28,2022,3,8,August,Aug,34,28,Sunday,Sun,7,Yes,No,No,2022,3,8,No,240
20220829,2022-08-29,2022,3,8,August,Aug,35,29,Monday,Mon,1,No,No,No,2022,3,8,No,241
20220830,2022-08-30,2022,3,8,August,Aug,35,30,Tuesday,Tue,2,No,No,No,2022,3,8,No,242
20220831,2022-08-31,2022,3,8,August,Aug,35,31,Wednesday,Wed,3,No,No,Yes,2022,3,8,No,243
20220901,2022-09-01,2022,3,9,September,Sep,35,1,Thursday,Thu,4,No,Yes,No,2022,3,9,No,244
20220902,2022-09-02,2022,3,9,September,Sep,35,2,Friday,Fri,5,No,No,No,2022,3,9,No,245
20220903,2022-09-03,2022,3,9,September,Sep,35,3,Saturday,Sat,6,Yes,No,No,2022,3,9,No,246
20220904,2022-09-04,2022,3,9,September,Sep,35,4,Sunday,Sun,7,Yes,No,No,2022,3,9,No,247
20220905,2022-09-05,2022,3,9,September,Sep,36,5,Monday,Mon,1,No,No,No,2022,3,9,No,248
20220906,2022-09-06,2022,3,9,September,Sep,36,6,Tuesday,Tue,2,No,No,No,2022,3,9,No,249
20220907,2022-09-07,2022,3,9,September,Sep,36,7,Wednesday,Wed,3,No,No,No,2022,3,9,No,250
20220908,2022-09-08,2022,3,9,September,Sep,36,8,Thursday,Thu,4,No,No,No,2022,3,9,No,251
20220909,2022-09-09,2022,3,9,September,Sep,36,9,Friday,Fri,5,No,No,No,2022,3,9,No,252
20220910,2022-09-10,2022,3,9,September,Sep,36,10,Saturday,Sat,6,Yes,No,No,2022,3,9,No,253
20220911,2022-09-11,2022,3,9,September,Sep,36,11,Sunday,Sun,7,Yes,No,No,2022,3,9,No,254
20220912,2022-09-12,2022,3,9,September,Sep,37,12,Monday,Mon,1,No,No,No,2022,3,9,No,255
20220913,2022-09-13,2022,3,9,September,Sep,37,13,Tuesday,Tue,2,No,No,No,2022,3,9,No,256
20220914,2022-09-14,2022,3,9,September,Sep,37,14,Wednesday,Wed,3,No,No,No,2022,3,9,No,257
20220915,2022-09-15,2022,3,9,September,Sep,37,15,Thursday,Thu,4,No,No,No,2022,3,9,No,258
20220916,2022-09-16,2022,3,9,September,Sep,37,16,Friday,Fri,5,No,No,No,2022,3,9,No,259
20220917,2022-09-17,2022,3,9,September,Sep,37,17,Saturday,Sat,6,Yes,No,No,2022,3,9,No,260
20220918,2022-09-18,2022,3,9,September,Sep,37,18,Sunday,Sun,7,Yes,No,No,2022,3,9,No,261
20220919,2022-09-19,2022,3,9,September,Sep,38,19,Monday,Mon,1,No,No,No,2022,3,9,No,262
20220920,2022-09-20,2022,3,9,September,Sep,38,20,Tuesday,Tue,2,No,No,No,2022,3,9,No,263
20220921,2022-09-21,2022,3,9,September,Sep,38,21,Wednesday,Wed,3,No,No,No,2022,3,9,No,264
20220922,2022-09-22,2022,3,9,September,Sep,38,22,Thursday,Thu,4,No,No,No,2022,3,9,No,265
20220923,2022-09-23,2022,3,9,September,Sep,38,23,Friday,Fri,5,No,No,No,2022,3,9,No,266
20220924,2022-09-24,2022,3,9,September,Sep,38,24,Saturday,Sat,6,Yes,No,No,2022,3,9,No,267
20220925,2022-09-25,2022,3,9,September,Sep,38,25,Sunday,Sun,7,Yes,No,No,2022,3,9,No,268
20220926,2022-09-26,2022,3,9,September,Sep,39,26,Monday,Mon,1,No,No,No,2022,3,9,No,269
20220927,2022-09-27,2022,3,9,September,Sep,39,27,Tuesday,Tue,2,No,No,No,2022,3,9,No,270
20220928,2022-09-28,2022,3,9,September,Sep,39,28,Wednesday,Wed,3,No,No,No,2022,3,9,No,271
20220929,2022-09-29,2022,3,9,September,Sep,39,29,Thursday,Thu,4,No,No,No,2022,3,9,No,272
20220930,2022-09-30,2022,3,9,September,Sep,39,30,Friday,Fri,5,No,No,Yes,2022,3,9,No,273
20221001,2022-10-01,2022,4,10,October,Oct,39,1,Saturday,Sat,6,Yes,Yes,No,2022,4,10,No,274
20221002,2022-10-02,2022,4,10,October,Oct,39,2,Sunday,Sun,7,Yes,No,No,2022,4,10,No,275
20221003,2022-10-03,2022,4,10,October,Oct,40,3,Monday,Mon,1,No,No,No,2022,4,10,No,276
20221004,2022-10-04,2022,4,10,October,Oct,40,4,Tuesday,Tue,2,No,No,No,2022,4,10,No,277
20221005,2022-10-05,2022,4,10,October,Oct,40,5,Wednesday,Wed,3,No,No,No,2022,4,10,No,278
20221006,2022-10-06,2022,4,10,October,Oct,40,6,Thursday,Thu,4,No,No,No,2022,4,10,No,279
20221007,2022-10-07,2022,4,10,October,Oct,40,7,Friday,Fri,5,No,No,No,2022,4,10,No,280
20221008,2022-10-08,2022,4,10,October,Oct,40,8,Saturday,Sat,6,Yes,No,No,2022,4,10,No,281
20221009,2022-10-09,2022,4,10,October,Oct,40,9,Sunday,Sun,7,Yes,No,No,2022,4,10,No,282
20221010,2022-10-10,2022,4,10,October,Oct,41,10,Monday,Mon,1,No,No,No,2022,4,10,No,283
20221011,2022-10-11,2022,4,10,October,Oct,41,11,Tuesday,Tue,2,No,No,No,2022,4,10,No,284
20221012,2022-10-12,2022,4,10,October,Oct,41,12,Wednesday,Wed,3,No,No,No,2022,4,10,No,285
20221013,2022-10-13,2022,4,10,October,Oct,41,13,Thursday,Thu,4,No,No,No,2022,4,10,No,286
20221014,2022-10-14,2022,4,10,October,Oct,41,14,Friday,Fri,5,No,No,No,2022,4,10,No,287
20221015,2022-10-15,2022,4,10,October,Oct,41,15,Saturday,Sat,6,Yes,No,No,2022,4,10,No,288
20221016,2022-10-16,2022,4,10,October,Oct,41,16,Sunday,Sun,7,Yes,No,No,2022,4,10,No,289
20221017,2022-10-17,2022,4,10,October,Oct,42,17,Monday,Mon,1,No,No,No,2022,4,10,No,290
20221018,2022-10-18,2022,4,10,October,Oct,42,18,Tuesday,Tue,2,No,No,No,2022,4,10,No,291
20221019,2022-10-19,2022,4,10,October,Oct,42,19,Wednesday,Wed,3,No,No,No,2022,4,10,No,292
20221020,2022-10-20,2022,4,10,October,Oct,42,20,Thursday,Thu,4,No,No,No,2022,4,10,No,293
20221021,2022-10-21,2022,4,10,October,Oct,42,21,Friday,Fri,5,No,No,No,2022,4,10,No,294
20221022,2022-10-22,2022,4,10,October,Oct,42,22,Saturday,Sat,6,Yes,No,No,2022,4,10,No,295
20221023,2022-10-23,2022,4,10,October,Oct,42,23,Sunday,Sun,7,Yes,No,No,2022,4,10,No,296
20221024,2022-10-24,2022,4,10,October,Oct,43,24,Monday,Mon,1,No,No,No,2022,4,10,No,297
20221025,2022-10-25,2022,4,10,October,Oct,43,25,Tuesday,Tue,2,No,No,No,2022,4,10,No,298
20221026,2022-10-26,2022,4,10,October,Oct,43,26,Wednesday,Wed,3,No,No,No,2022,4,10,No,299
20221027,2022-10-27,2022,4,10,October,Oct,43,27,Thursday,Thu,4,No,No,No,2022,4,10,No,300
20221028,2022-10-28,2022,4,10,October,Oct,43,28,Friday,Fri,5,No,No,No,2022,4,10,No,301
20221029,2022-10-29,2022,4,10,October,Oct,43,29,Saturday,Sat,6,Yes,No,No,2022,4,10,No,302
20221030,2022-10-30,2022,4,10,October,Oct,43,30,Sunday,Sun,7,Yes,No,No,2022,4,10,No,303
20221031,2022-10-31,2022,4,10,October,Oct,44,31,Monday,Mon,1,No,No,Yes,2022,4,10,No,304
20221101,2022-11-01,2022,4,11,November,Nov,44,1,Tuesday,Tue,2,No,Yes,No,2022,4,11,No,305
20221102,2022-11-02,2022,4,11,November,Nov,44,2,Wednesday,Wed,3,No,No,No,2022,4,11,No,306
20221103,2022-11-03,2022,4,11,November,Nov,44,3,Thursday,Thu,4,No,No,No,2022,4,11,No,307
20221104,2022-11-04,2022,4,11,November,Nov,44,4,Friday,Fri,5,No,No,No,2022,4,11,No,308
20221105,2022-11-05,2022,4,11,November,Nov,44,5,Saturday,Sat,6,Yes,No,No,2022,4,11,No,309
20221106,2022-11-06,2022,4,11,November,Nov,44,6,Sunday,Sun,7,Yes,No,No,2022,4,11,No,310
20221107,2022-11-07,2022,4,11,November,Nov,45,7,Monday,Mon,1,No,No,No,2022,4,11,No,311
20221108,2022-11-08,2022,4,11,November,Nov,45,8,Tuesday,Tue,2,No,No,No,2022,4,11,No,312
20221109,2022-11-09,2022,4,11,November,Nov,45,9,Wednesday,Wed,3,No,No,No,2022,4,11,No,313
20221110,2022-11-10,2022,4,11,November,Nov,45,10,Thursday,Thu,4,No,No,No,2022,4,11,No,314
20221111,2022-11-11,2022,4,11,November,Nov,45,11,Friday,Fri,5,No,No,No,2022,4,11,No,315
20221112,2022-11-12,2022,4,11,November,Nov,45,12,Saturday,Sat,6,Yes,No,No,2022,4,11,No,316
20221113,2022-11-13,2022,4,11,November,Nov,45,13,Sunday,Sun,7,Yes,No,No,2022,4,11,No,317
20221114,2022-11-14,2022,4,11,November,Nov,46,14,Monday,Mon,1,No,No,No,2022,4,11,No,318
20221115,2022-11-15,2022,4,11,November,Nov,46,15,Tuesday,Tue,2,No,No,No,2022,4,11,No,319
20221116,2022-11-16,2022,4,11,November,Nov,46,16,Wednesday,Wed,3,No,No,No,2022,4,11,No,320
20221117,2022-11-17,2022,4,11,November,Nov,46,17,Thursday,Thu,4,No,No,No,2022,4,11,No,321
20221118,2022-11-18,2022,4,11,November,Nov,46,18,Friday,Fri,5,No,No,No,2022,4,11,No,322
20221119,2022-11-19,2022,4,11,November,Nov,46,19,Saturday,Sat,6,Yes,No,No,2022,4,11,No,323
20221120,2022-11-20,2022,4,11,November,Nov,46,20,Sunday,Sun,7,Yes,No,No,2022,4,11,No,324
20221121,2022-11-21,2022,4,11,November,Nov,47,21,Monday,Mon,1,No,No,No,2022,4,11,No,325
20221122,2022-11-22,2022,4,11,November,Nov,47,22,Tuesday,Tue,2,No,No,No,2022,4,11,No,326
20221123,2022-11-23,2022,4,11,November,Nov,47,23,Wednesday,Wed,3,No,No,No,2022,4,11,No,327
20221124,2022-11-24,2022,4,11,November,Nov,47,24,Thursday,Thu,4,No,No,No,2022,4,11,No,328
20221125,2022-11-25,2022,4,11,November,Nov,47,25,Friday,Fri,5,No,No,No,2022,4,11,No,329
20221126,2022-11-26,2022,4,11,November,Nov,47,26,Saturday,Sat,6,Yes,No,No,2022,4,11,No,330
20221127,2022-11-27,2022,4,11,November,Nov,47,27,Sunday,Sun,7,Yes,No,No,2022,4,11,No,331
20221128,2022-11-28,2022,4,11,November,Nov,48,28,Monday,Mon,1,No,No,No,2022,4,11,No,332
20221129,2022-11-29,2022,4,11,November,Nov,48,29,Tuesday,Tue,2,No,No,No,2022,4,11,No,333
20221130,2022-11-30,2022,4,11,November,Nov,48,30,Wednesday,Wed,3,No,No,Yes,2022,4,11,No,334
20221201,2022-12-01,2022,4,12,December,Dec,48,1,Thursday,Thu,4,No,Yes,No,2022,4,12,No,335
20221202,2022-12-02,2022,4,12,December,Dec,48,2,Friday,Fri,5,No,No,No,2022,4,12,No,336
20221203,2022-12-03,2022,4,12,December,Dec,48,3,Saturday,Sat,6,Yes,No,No,2022,4,12,No,337
20221204,2022-12-04,2022,4,12,December,Dec,48,4,Sunday,Sun,7,Yes,No,No,2022,4,12,No,338
20221205,2022-12-05,2022,4,12,December,Dec,49,5,Monday,Mon,1,No,No,No,2022,4,12,No,339
20221206,2022-12-06,2022,4,12,December,Dec,49,6,Tuesday,Tue,2,No,No,No,2022,4,12,No,340
20221207,2022-12-07,2022,4,12,December,Dec,49,7,Wednesday,Wed,3,No,No,No,2022,4,12,No,341
20221208,2022-12-08,2022,4,12,December,Dec,49,8,Thursday,Thu,4,No,No,No,2022,4,12,No,342
20221209,2022-12-09,2022,4,12,December,Dec,49,9,Friday,Fri,5,No,No,No,2022,4,12,No,343
20221210,2022-12-10,2022,4,12,December,Dec,49,10,Saturday,Sat,6,Yes,No,No,2022,4,12,No,344
20221211,2022-12-11,2022,4,12,December,Dec,49,11,Sunday,Sun,7,Yes,No,No,2022,4,12,No,345
20221212,2022-12-12,2022,4,12,December,Dec,50,12,Monday,Mon,1,No,No,No,2022,4,12,No,346
20221213,2022-12-13,2022,4,12,December,Dec,50,13,Tuesday,Tue,2,No,No,No,2022,4,12,No,347
20221214,2022-12-14,2022,4,12,December,Dec,50,14,Wednesday,Wed,3,No,No,No,2022,4,12,No,348
20221215,2022-12-15,2022,4,12,December,Dec,50,15,Thursday,Thu,4,No,No,No,2022,4,12,No,349
20221216,2022-12-16,2022,4,12,December,Dec,50,16,Friday,Fri,5,No,No,No,2022,4,12,No,350
20221217,2022-12-17,2022,4,12,December,Dec,50,17,Saturday,Sat,6,Yes,No,No,2022,4,12,No,351
20221218,2022-12-18,2022,4,12,December,Dec,50,18,Sunday,Sun,7,Yes,No,No,2022,4,12,No,352
20221219,2022-12-19,2022,4,12,December,Dec,51,19,Monday,Mon,1,No,No,No,2022,4,12,No,353
20221220,2022-12-20,2022,4,12,December,Dec,51,20,Tuesday,Tue,2,No,No,No,2022,4,12,No,354
20221221,2022-12-21,2022,4,12,December,Dec,51,21,Wednesday,Wed,3,No,No,No,2022,4,12,No,355
20221222,2022-12-22,2022,4,12,December,Dec,51,22,Thursday,Thu,4,No,No,No,2022,4,12,No,356
20221223,2022-12-23,2022,4,12,December,Dec,51,23,Friday,Fri,5,No,No,No,2022,4,12,No,357
20221224,2022-12-24,2022,4,12,December,Dec,51,24,Saturday,Sat,6,Yes,No,No,2022,4,12,No,358
20221225,2022-12-25,2022,4,12,December,Dec,51,25,Sunday,Sun,7,Yes,No,No,2022,4,12,No,359
20221226,2022-12-26,2022,4,12,December,Dec,52,26,Monday,Mon,1,No,No,No,2022,4,12,No,360
20221227,2022-12-27,2022,4,12,December,Dec,52,27,Tuesday,Tue,2,No,No,No,2022,4,12,No,361
20221228,2022-12-28,2022,4,12,December,Dec,52,28,Wednesday,Wed,3,No,No,No,2022,4,12,No,362
20221229,2022-12-29,2022,4,12,December,Dec,52,29,Thursday,Thu,4,No,No,No,2022,4,12,No,363
20221230,2022-12-30,2022,4,12,December,Dec,52,30,Friday,Fri,5,No,No,No,2022,4,12,No,364
20221231,2022-12-31,2022,4,12,December,Dec,52,31,Saturday,Sat,6,Yes,No,Yes,2022,4,12,No,365
20230101,2023-01-01,2023,1,1,January,Jan,52,1,Sunday,Sun,7,Yes,Yes,No,2023,1,1,No,1
20230102,2023-01-02,2023,1,1,January,Jan,1,2,Monday,Mon,1,No,No,No,2023,1,1,No,2
20230103,2023-01-03,2023,1,1,January,Jan,1,3,Tuesday,Tue,2,No,No,No,2023,1,1,No,3
20230104,2023-01-04,2023,1,1,January,Jan,1,4,Wednesday,Wed,3,No,No,No,2023,1,1,No,4
20230105,2023-01-05,2023,1,1,January,Jan,1,5,Thursday,Thu,4,No,No,No,2023,1,1,No,5
20230106,2023-01-06,2023,1,1,January,Jan,1,6,Friday,Fri,5,No,No,No,2023,1,1,No,6
20230107,2023-01-07,2023,1,1,January,Jan,1,7,Saturday,Sat,6,Yes,No,No,2023,1,1,No,7
20230108,2023-01-08,2023,1,1,January,Jan,1,8,Sunday,Sun,7,Yes,No,No,2023,1,1,No,8
20230109,2023-01-09,2023,1,1,January,Jan,2,9,Monday,Mon,1,No,No,No,2023,1,1,No,9
20230110,2023-01-10,2023,1,1,January,Jan,2,10,Tuesday,Tue,2,No,No,No,2023,1,1,No,10
20230111,2023-01-11,2023,1,1,January,Jan,2,11,Wednesday,Wed,3,No,No,No,2023,1,1,No,11
20230112,2023-01-12,2023,1,1,January,Jan,2,12,Thursday,Thu,4,No,No,No,2023,1,1,No,12
20230113,2023-01-13,2023,1,1,January,Jan,2,13,Friday,Fri,5,No,No,No,2023,1,1,No,13
20230114,2023-01-14,2023,1,1,January,Jan,2,14,Saturday,Sat,6,Yes,No,No,2023,1,1,No,14
20230115,2023-01-15,2023,1,1,January,Jan,2,15,Sunday,Sun,7,Yes,No,No,2023,1,1,No,15
20230116,2023-01-16,2023,1,1,January,Jan,3,16,Monday,Mon,1,No,No,No,2023,1,1,No,16
20230117,2023-01-17,2023,1,1,January,Jan,3,17,Tuesday,Tue,2,No,No,No,2023,1,1,No,17
20230118,2023-01-18,2023,1,1,January,Jan,3,18,Wednesday,Wed,3,No,No,No,2023,1,1,No,18
20230119,2023-01-19,2023,1,1,January,Jan,3,19,Thursday,Thu,4,No,No,No,2023,1,1,No,19
20230120,2023-01-20,2023,1,1,January,Jan,3,20,Friday,Fri,5,No,No,No,2023,1,1,No,20
20230121,2023-01-21,2023,1,1,January,Jan,3,21,Saturday,Sat,6,Yes,No,No,2023,1,1,No,21
20230122,2023-01-22,2023,1,1,January,Jan,3,22,Sunday,Sun,7,Yes,No,No,2023,1,1,No,22
20230123,2023-01-23,2023,1,1,January,Jan,4,23,Monday,Mon,1,No,No,No,2023,1,1,No,23
20230124,2023-01-24,2023,1,1,January,Jan,4,24,Tuesday,Tue,2,No,No,No,2023,1,1,No,24
20230125,2023-01-25,2023,1,1,January,Jan,4,25,Wednesday,Wed,3,No,No,No,2023,1,1,No,25
20230126,2023-01-26,2023,1,1,January,Jan,4,26,Thursday,Thu,4,No,No,No,2023,1,1,No,26
20230127,2023-01-27,2023,1,1,January,Jan,4,27,Friday,Fri,5,No,No,No,2023,1,1,No,27
20230128,2023-01-28,2023,1,1,January,Jan,4,28,Saturday,Sat,6,Yes,No,No,2023,1,1,No,28
20230129,2023-01-29,2023,1,1,January,Jan,4,29,Sunday,Sun,7,Yes,No,No,2023,1,1,No,29
20230130,2023-01-30,2023,1,1,January,Jan,5,30,Monday,Mon,1,No,No,No,2023,1,1,No,30
20230131,2023-01-31,2023,1,1,January,Jan,5,31,Tuesday,Tue,2,No,No,Yes,2023,1,1,No,31
20230201,2023-02-01,2023,1,2,February,Feb,5,1,Wednesday,Wed,3,No,Yes,No,2023,1,2,No,32
20230202,2023-02-02,2023,1,2,February,Feb,5,2,Thursday,Thu,4,No,No,No,2023,1,2,No,33
20230203,2023-02-03,2023,1,2,February,Feb,5,3,Friday,Fri,5,No,No,No,2023,1,2,No,34
20230204,2023-02-04,2023,1,2,February,Feb,5,4,Saturday,Sat,6,Yes,No,No,2023,1,2,No,35
20230205,2023-02-05,2023,1,2,February,Feb,5,5,Sunday,Sun,7,Yes,No,No,2023,1,2,No,36
20230206,2023-02-06,2023,1,2,February,Feb,6,6,Monday,Mon,1,No,No,No,2023,1,2,No,37
20230207,2023-02-07,2023,1,2,February,Feb,6,7,Tuesday,Tue,2,No,No,No,2023,1,2,No,38
20230208,2023-02-08,2023,1,2,February,Feb,6,8,Wednesday,Wed,3,No,No,No,2023,1,2,No,39
20230209,2023-02-09,2023,1,2,February,Feb,6,9,Thursday,Thu,4,No,No,No,2023,1,2,No,40
20230210,2023-02-10,2023,1,2,February,Feb,6,10,Friday,Fri,5,No,No,No,2023,1,2,No,41
20230211,2023-02-11,2023,1,2,February,Feb,6,11,Saturday,Sat,6,Yes,No,No,2023,1,2,No,42
20230212,2023-02-12,2023,1,2,February,Feb,6,12,Sunday,Sun,7,Yes,No,No,2023,1,2,No,43
20230213,2023-02-13,2023,1,2,February,Feb,7,13,Monday,Mon,1,No,No,No,2023,1,2,No,44
20230214,2023-02-14,2023,1,2,February,Feb,7,14,Tuesday,Tue,2,No,No,No,2023,1,2,No,45
20230215,2023-02-15,2023,1,2,February,Feb,7,15,Wednesday,Wed,3,No,No,No,2023,1,2,No,46
20230216,2023-02-16,2023,1,2,February,Feb,7,16,Thursday,Thu,4,No,No,No,2023,1,2,No,47
20230217,2023-02-17,2023,1,2,February,Feb,7,17,Friday,Fri,5,No,No,No,2023,1,2,No,48
20230218,2023-02-18,2023,1,2,February,Feb,7,18,Saturday,Sat,6,Yes,No,No,2023,1,2,No,49
20230219,2023-02-19,2023,1,2,February,Feb,7,19,Sunday,Sun,7,Yes,No,No,2023,1,2,No,50
20230220,2023-02-20,2023,1,2,February,Feb,8,20,Monday,Mon,1,No,No,No,2023,1,2,No,51
20230221,2023-02-21,2023,1,2,February,Feb,8,21,Tuesday,Tue,2,No,No,No,2023,1,2,No,52
20230222,2023-02-22,2023,1,2,February,Feb,8,22,Wednesday,Wed,3,No,No,No,2023,1,2,No,53
20230223,2023-02-23,2023,1,2,February,Feb,8,23,Thursday,Thu,4,No,No,No,2023,1,2,No,54
20230224,2023-02-24,2023,1,2,February,Feb,8,24,Friday,Fri,5,No,No,No,2023,1,2,No,55
20230225,2023-02-25,2023,1,2,February,Feb,8,25,Saturday,Sat,6,Yes,No,No,2023,1,2,No,56
20230226,2023-02-26,2023,1,2,February,Feb,8,26,Sunday,Sun,7,Yes,No,No,2023,1,2,No,57
20230227,2023-02-27,2023,1,2,February,Feb,9,27,Monday,Mon,1,No,No,No,2023,1,2,No,58
20230228,2023-02-28,2023,1,2,February,Feb,9,28,Tuesday,Tue,2,No,No,Yes,2023,1,2,No,59
20230301,2023-03-01,2023,1,3,March,Mar,9,1,Wednesday,Wed,3,No,Yes,No,2023,1,3,No,60
20230302,2023-03-02,2023,1,3,March,Mar,9,2,Thursday,Thu,4,No,No,No,2023,1,3,No,61
20230303,2023-03-03,2023,1,3,March,Mar,9,3,Friday,Fri,5,No,No,No,2023,1,3,No,62
20230304,2023-03-04,2023,1,3,March,Mar,9,4,Saturday,Sat,6,Yes,No,No,2023,1,3,No,63
20230305,2023-03-05,2023,1,3,March,Mar,9,5,Sunday,Sun,7,Yes,No,No,2023,1,3,No,64
20230306,2023-03-06,2023,1,3,March,Mar,10,6,Monday,Mon,1,No,No,No,2023,1,3,No,65
20230307,2023-03-07,2023,1,3,March,Mar,10,7,Tuesday,Tue,2,No,No,No,2023,1,3,No,66
20230308,2023-03-08,2023,1,3,March,Mar,10,8,Wednesday,Wed,3,No,No,No,2023,1,3,No,67
20230309,2023-03-09,2023,1,3,March,Mar,10,9,Thursday,Thu,4,No,No,No,2023,1,3,No,68
20230310,2023-03-10,2023,1,3,March,Mar,10,10,Friday,Fri,5,No,No,No,2023,1,3,No,69
20230311,2023-03-11,2023,1,3,March,Mar,10,11,Saturday,Sat,6,Yes,No,No,2023,1,3,No,70
20230312,2023-03-12,2023,1,3,March,Mar,10,12,Sunday,Sun,7,Yes,No,No,2023,1,3,No,71
20230313,2023-03-13,2023,1,3,March,Mar,11,13,Monday,Mon,1,No,No,No,2023,1,3,No,72
20230314,2023-03-14,2023,1,3,March,Mar,11,14,Tuesday,Tue,2,No,No,No,2023,1,3,No,73
20230315,2023-03-15,2023,1,3,March,Mar,11,15,Wednesday,Wed,3,No,No,No,2023,1,3,No,74
20230316,2023-03-16,2023,1,3,March,Mar,11,16,Thursday,Thu,4,No,No,No,2023,1,3,No,75
20230317,2023-03-17,2023,1,3,March,Mar,11,17,Friday,Fri,5,No,No,No,2023,1,3,No,76
20230318,2023-03-18,2023,1,3,March,Mar,11,18,Saturday,Sat,6,Yes,No,No,2023,1,3,No,77
20230319,2023-03-19,2023,1,3,March,Mar,11,19,Sunday,Sun,7,Yes,No,No,2023,1,3,No,78
20230320,2023-03-20,2023,1,3,March,Mar,12,20,Monday,Mon,1,No,No,No,2023,1,3,No,79
20230321,2023-03-21,2023,1,3,March,Mar,12,21,Tuesday,Tue,2,No,No,No,2023,1,3,No,80
20230322,2023-03-22,2023,1,3,March,Mar,12,22,Wednesday,Wed,3,No,No,No,2023,1,3,No,81
20230323,2023-03-23,2023,1,3,March,Mar,12,23,Thursday,Thu,4,No,No,No,2023,1,3,No,82
20230324,2023-03-24,2023,1,3,March,Mar,12,24,Friday,Fri,5,No,No,No,2023,1,3,No,83
20230325,2023-03-25,2023,1,3,March,Mar,12,25,Saturday,Sat,6,Yes,No,No,2023,1,3,No,84
20230326,2023-03-26,2023,1,3,March,Mar,12,26,Sunday,Sun,7,Yes,No,No,2023,1,3,No,85
20230327,2023-03-27,2023,1,3,March,Mar,13,27,Monday,Mon,1,No,No,No,2023,1,3,No,86
20230328,2023-03-28,2023,1,3,March,Mar,13,28,Tuesday,Tue,2,No,No,No,2023,1,3,No,87
20230329,2023-03-29,2023,1,3,March,Mar,13,29,Wednesday,Wed,3,No,No,No,2023,1,3,No,88
20230330,2023-03-30,2023,1,3,March,Mar,13,30,Thursday,Thu,4,No,No,No,2023,1,3,No,89
20230331,2023-03-31,2023,1,3,March,Mar,13,31,Friday,Fri,5,No,No,Yes,2023,1,3,No,90
20230401,2023-04-01,2023,2,4,April,Apr,13,1,Saturday,Sat,6,Yes,Yes,No,2023,2,4,No,91
20230402,2023-04-02,2023,2,4,April,Apr,13,2,Sunday,Sun,7,Yes,No,No,2023,2,4,No,92
20230403,2023-04-03,2023,2,4,April,Apr,14,3,Monday,Mon,1,No,No,No,2023,2,4,No,93
20230404,2023-04-04,2023,2,4,April,Apr,14,4,Tuesday,Tue,2,No,No,No,2023,2,4,No,94
20230405,2023-04-05,2023,2,4,April,Apr,14,5,Wednesday,Wed,3,No,No,No,2023,2,4,No,95
20230406,2023-04-06,2023,2,4,April,Apr,14,6,Thursday,Thu,4,No,No,No,2023,2,4,No,96
20230407,2023-04-07,2023,2,4,April,Apr,14,7,Friday,Fri,5,No,No,No,2023,2,4,No,97
20230408,2023-04-08,2023,2,4,April,Apr,14,8,Saturday,Sat,6,Yes,No,No,2023,2,4,No,98
20230409,2023-04-09,2023,2,4,April,Apr,14,9,Sunday,Sun,7,Yes,No,No,2023,2,4,No,99
20230410,2023-04-10,2023,2,4,April,Apr,15,10,Monday,Mon,1,No,No,No,2023,2,4,No,100
20230411,2023-04-11,2023,2,4,April,Apr,15,11,Tuesday,Tue,2,No,No,No,2023,2,4,No,101
20230412,2023-04-12,2023,2,4,April,Apr,15,12,Wednesday,Wed,3,No,No,No,2023,2,4,No,102
20230413,2023-04-13,2023,2,4,April,Apr,15,13,Thursday,Thu,4,No,No,No,2023,2,4,No,103
20230414,2023-04-14,2023,2,4,April,Apr,15,14,Friday,Fri,5,No,No,No,2023,2,4,No,104
20230415,2023-04-15,2023,2,4,April,Apr,15,15,Saturday,Sat,6,Yes,No,No,2023,2,4,No,105
20230416,2023-04-16,2023,2,4,April,Apr,15,16,Sunday,Sun,7,Yes,No,No,2023,2,4,No,106
20230417,2023-04-17,2023,2,4,April,Apr,16,17,Monday,Mon,1,No,No,No,2023,2,4,No,107
20230418,2023-04-18,2023,2,4,April,Apr,16,18,Tuesday,Tue,2,No,No,No,2023,2,4,No,108
20230419,2023-04-19,2023,2,4,April,Apr,16,19,Wednesday,Wed,3,No,No,No,2023,2,4,No,109
20230420,2023-04-20,2023,2,4,April,Apr,16,20,Thursday,Thu,4,No,No,No,2023,2,4,No,110
20230421,2023-04-21,2023,2,4,April,Apr,16,21,Friday,Fri,5,No,No,No,2023,2,4,No,111
20230422,2023-04-22,2023,2,4,April,Apr,16,22,Saturday,Sat,6,Yes,No,No,2023,2,4,No,112
20230423,2023-04-23,2023,2,4,April,Apr,16,23,Sunday,Sun,7,Yes,No,No,2023,2,4,No,113
20230424,2023-04-24,2023,2,4,April,Apr,17,24,Monday,Mon,1,No,No,No,2023,2,4,No,114
20230425,2023-04-25,2023,2,4,April,Apr,17,25,Tuesday,Tue,2,No,No,No,2023,2,4,No,115
20230426,2023-04-26,2023,2,4,April,Apr,17,26,Wednesday,Wed,3,No,No,No,2023,2,4,No,116
20230427,2023-04-27,2023,2,4,April,Apr,17,27,Thursday,Thu,4,No,No,No,2023,2,4,No,117
20230428,2023-04-28,2023,2,4,April,Apr,17,28,Friday,Fri,5,No,No,No,2023,2,4,No,118
20230429,2023-04-29,2023,2,4,April,Apr,17,29,Saturday,Sat,6,Yes,No,No,2023,2,4,No,119
20230430,2023-04-30,2023,2,4,April,Apr,17,30,Sunday,Sun,7,Yes,No,Yes,2023,2,4,No,120
20230501,2023-05-01,2023,2,5,May,May,18,1,Monday,Mon,1,No,Yes,No,2023,2,5,No,121
20230502,2023-05-02,2023,2,5,May,May,18,2,Tuesday,Tue,2,No,No,No,2023,2,5,No,122
20230503,2023-05-03,2023,2,5,May,May,18,3,Wednesday,Wed,3,No,No,No,2023,2,5,No,123
20230504,2023-05-04,2023,2,5,May,May,18,4,Thursday,Thu,4,No,No,No,2023,2,5,No,124
20230505,2023-05-05,2023,2,5,May,May,18,5,Friday,Fri,5,No,No,No,2023,2,5,No,125
20230506,2023-05-06,2023,2,5,May,May,18,6,Saturday,Sat,6,Yes,No,No,2023,2,5,No,126
20230507,2023-05-07,2023,2,5,May,May,18,7,Sunday,Sun,7,Yes,No,No,2023,2,5,No,127
20230508,2023-05-08,2023,2,5,May,May,19,8,Monday,Mon,1,No,No,No,2023,2,5,No,128
20230509,2023-05-09,2023,2,5,May,May,19,9,Tuesday,Tue,2,No,No,No,2023,2,5,No,129
20230510,2023-05-10,2023,2,5,May,May,19,10,Wednesday,Wed,3,No,No,No,2023,2,5,No,130
20230511,2023-05-11,2023,2,5,May,May,19,11,Thursday,Thu,4,No,No,No,2023,2,5,No,131
20230512,2023-05-12,2023,2,5,May,May,19,12,Friday,Fri,5,No,No,No,2023,2,5,No,132
20230513,2023-05-13,2023,2,5,May,May,19,13,Saturday,Sat,6,Yes,No,No,2023,2,5,No,133
20230514,2023-05-14,2023,2,5,May,May,19,14,Sunday,Sun,7,Yes,No,No,2023,2,5,No,134
20230515,2023-05-15,2023,2,5,May,May,20,15,Monday,Mon,1,No,No,No,2023,2,5,No,135
20230516,2023-05-16,2023,2,5,May,May,20,16,Tuesday,Tue,2,No,No,No,2023,2,5,No,136
20230517,2023-05-17,2023,2,5,May,May,20,17,Wednesday,Wed,3,No,No,No,2023,2,5,No,137
20230518,2023-05-18,2023,2,5,May,May,20,18,Thursday,Thu,4,No,No,No,2023,2,5,No,138
20230519,2023-05-19,2023,2,5,May,May,20,19,Friday,Fri,5,No,No,No,2023,2,5,No,139
20230520,2023-05-20,2023,2,5,May,May,20,20,Saturday,Sat,6,Yes,No,No,2023,2,5,No,140
20230521,2023-05-21,2023,2,5,May,May,20,21,Sunday,Sun,7,Yes,No,No,2023,2,5,No,141
20230522,2023-05-22,2023,2,5,May,May,21,22,Monday,Mon,1,No,No,No,2023,2,5,No,142
20230523,2023-05-23,2023,2,5,May,May,21,23,Tuesday,Tue,2,No,No,No,2023,2,5,No,143
20230524,2023-05-24,2023,2,5,May,May,21,24,Wednesday,Wed,3,No,No,No,2023,2,5,No,144
20230525,2023-05-25,2023,2,5,May,May,21,25,Thursday,Thu,4,No,No,No,2023,2,5,No,145
20230526,2023-05-26,2023,2,5,May,May,21,26,Friday,Fri,5,No,No,No,2023,2,5,No,146
20230527,2023-05-27,2023,2,5,May,May,21,27,Saturday,Sat,6,Yes,No,No,2023,2,5,No,147
20230528,2023-05-28,2023,2,5,May,May,21,28,Sunday,Sun,7,Yes,No,No,2023,2,5,No,148
20230529,2023-05-29,2023,2,5,May,May,22,29,Monday,Mon,1,No,No,No,2023,2,5,No,149
20230530,2023-05-30,2023,2,5,May,May,22,30,Tuesday,Tue,2,No,No,No,2023,2,5,No,150
20230531,2023-05-31,2023,2,5,May,May,22,31,Wednesday,Wed,3,No,No,Yes,2023,2,5,No,151
20230601,2023-06-01,2023,2,6,June,Jun,22,1,Thursday,Thu,4,No,Yes,No,2023,2,6,No,152
20230602,2023-06-02,2023,2,6,June,Jun,22,2,Friday,Fri,5,No,No,No,2023,2,6,No,153
20230603,2023-06-03,2023,2,6,June,Jun,22,3,Saturday,Sat,6,Yes,No,No,2023,2,6,No,154
20230604,2023-06-04,2023,2,6,June,Jun,22,4,Sunday,Sun,7,Yes,No,No,2023,2,6,No,155
20230605,2023-06-05,2023,2,6,June,Jun,23,5,Monday,Mon,1,No,No,No,2023,2,6,No,156
20230606,2023-06-06,2023,2,6,June,Jun,23,6,Tuesday,Tue,2,No,No,No,2023,2,6,No,157
20230607,2023-06-07,2023,2,6,June,Jun,23,7,Wednesday,Wed,3,No,No,No,2023,2,6,No,158
20230608,2023-06-08,2023,2,6,June,Jun,23,8,Thursday,Thu,4,No,No,No,2023,2,6,No,159
20230609,2023-06-09,2023,2,6,June,Jun,23,9,Friday,Fri,5,No,No,No,2023,2,6,No,160
20230610,2023-06-10,2023,2,6,June,Jun,23,10,Saturday,Sat,6,Yes,No,No,2023,2,6,No,161
20230611,2023-06-11,2023,2,6,June,Jun,23,11,Sunday,Sun,7,Yes,No,No,2023,2,6,No,162
20230612,2023-06-12,2023,2,6,June,Jun,24,12,Monday,Mon,1,No,No,No,2023,2,6,No,163
20230613,2023-06-13,2023,2,6,June,Jun,24,13,Tuesday,Tue,2,No,No,No,2023,2,6,No,164
20230614,2023-06-14,2023,2,6,June,Jun,24,14,Wednesday,Wed,3,No,No,No,2023,2,6,No,165
20230615,2023-06-15,2023,2,6,June,Jun,24,15,Thursday,Thu,4,No,No,No,2023,2,6,No,166
20230616,2023-06-16,2023,2,6,June,Jun,24,16,Friday,Fri,5,No,No,No,2023,2,6,No,167
20230617,2023-06-17,2023,2,6,June,Jun,24,17,Saturday,Sat,6,Yes,No,No,2023,2,6,No,168
20230618,2023-06-18,2023,2,6,June,Jun,24,18,Sunday,Sun,7,Yes,No,No,2023,2,6,No,169
20230619,2023-06-19,2023,2,6,June,Jun,25,19,Monday,Mon,1,No,No,No,2023,2,6,No,170
20230620,2023-06-20,2023,2,6,June,Jun,25,20,Tuesday,Tue,2,No,No,No,2023,2,6,No,171
20230621,2023-06-21,2023,2,6,June,Jun,25,21,Wednesday,Wed,3,No,No,No,2023,2,6,No,172
20230622,2023-06-22,2023,2,6,June,Jun,25,22,Thursday,Thu,4,No,No,No,2023,2,6,No,173
20230623,2023-06-23,2023,2,6,June,Jun,25,23,Friday,Fri,5,No,No,No,2023,2,6,No,174
20230624,2023-06-24,2023,2,6,June,Jun,25,24,Saturday,Sat,6,Yes,No,No,2023,2,6,No,175
20230625,2023-06-25,2023,2,6,June,Jun,25,25,Sunday,Sun,7,Yes,No,No,2023,2,6,No,176
20230626,2023-06-26,2023,2,6,June,Jun,26,26,Monday,Mon,1,No,No,No,2023,2,6,No,177
20230627,2023-06-27,2023,2,6,June,Jun,26,27,Tuesday,Tue,2,No,No,No,2023,2,6,No,178
20230628,2023-06-28,2023,2,6,June,Jun,26,28,Wednesday,Wed,3,No,No,No,2023,2,6,No,179
20230629,2023-06-29,2023,2,6,June,Jun,26,29,Thursday,Thu,4,No,No,No,2023,2,6,No,180
20230630,2023-06-30,2023,2,6,June,Jun,26,30,Friday,Fri,5,No,No,Yes,2023,2,6,No,181
20230701,2023-07-01,2023,3,7,July,Jul,26,1,Saturday,Sat,6,Yes,Yes,No,2023,3,7,No,182
20230702,2023-07-02,2023,3,7,July,Jul,26,2,Sunday,Sun,7,Yes,No,No,2023,3,7,No,183
20230703,2023-07-03,2023,3,7,July,Jul,27,3,Monday,Mon,1,No,No,No,2023,3,7,No,184
20230704,2023-07-04,2023,3,7,July,Jul,27,4,Tuesday,Tue,2,No,No,No,2023,3,7,No,185
20230705,2023-07-05,2023,3,7,July,Jul,27,5,Wednesday,Wed,3,No,No,No,2023,3,7,No,186
20230706,2023-07-06,2023,3,7,July,Jul,27,6,Thursday,Thu,4,No,No,No,2023,3,7,No,187
20230707,2023-07-07,2023,3,7,July,Jul,27,7,Friday,Fri,5,No,No,No,2023,3,7,No,188
20230708,2023-07-08,2023,3,7,July,Jul,27,8,Saturday,Sat,6,Yes,No,No,2023,3,7,No,189
20230709,2023-07-09,2023,3,7,July,Jul,27,9,Sunday,Sun,7,Yes,No,No,2023,3,7,No,190
20230710,2023-07-10,2023,3,7,July,Jul,28,10,Monday,Mon,1,No,No,No,2023,3,7,No,191
20230711,2023-07-11,2023,3,7,July,Jul,28,11,Tuesday,Tue,2,No,No,No,2023,3,7,No,192
20230712,2023-07-12,2023,3,7,July,Jul,28,12,Wednesday,Wed,3,No,No,No,2023,3,7,No,193
20230713,2023-07-13,2023,3,7,July,Jul,28,13,Thursday,Thu,4,No,No,No,2023,3,7,No,194
20230714,2023-07-14,2023,3,7,July,Jul,28,14,Friday,Fri,5,No,No,No,2023,3,7,No,195
20230715,2023-07-15,2023,3,7,July,Jul,28,15,Saturday,Sat,6,Yes,No,No,2023,3,7,No,196
20230716,2023-07-16,2023,3,7,July,Jul,28,16,Sunday,Sun,7,Yes,No,No,2023,3,7,No,197
20230717,2023-07-17,2023,3,7,July,Jul,29,17,Monday,Mon,1,No,No,No,2023,3,7,No,198
20230718,2023-07-18,2023,3,7,July,Jul,29,18,Tuesday,Tue,2,No,No,No,2023,3,7,No,199
20230719,2023-07-19,2023,3,7,July,Jul,29,19,Wednesday,Wed,3,No,No,No,2023,3,7,No,200
20230720,2023-07-20,2023,3,7,July,Jul,29,20,Thursday,Thu,4,No,No,No,2023,3,7,No,201
20230721,2023-07-21,2023,3,7,July,Jul,29,21,Friday,Fri,5,No,No,No,2023,3,7,No,202
20230722,2023-07-22,2023,3,7,July,Jul,29,22,Saturday,Sat,6,Yes,No,No,2023,3,7,No,203
20230723,2023-07-23,2023,3,7,July,Jul,29,23,Sunday,Sun,7,Yes,No,No,2023,3,7,No,204
20230724,2023-07-24,2023,3,7,July,Jul,30,24,Monday,Mon,1,No,No,No,2023,3,7,No,205
20230725,2023-07-25,2023,3,7,July,Jul,30,25,Tuesday,Tue,2,No,No,No,2023,3,7,No,206
20230726,2023-07-26,2023,3,7,July,Jul,30,26,Wednesday,Wed,3,No,No,No,2023,3,7,No,207
20230727,2023-07-27,2023,3,7,July,Jul,30,27,Thursday,Thu,4,No,No,No,2023,3,7,No,208
20230728,2023-07-28,2023,3,7,July,Jul,30,28,Friday,Fri,5,No,No,No,2023,3,7,No,209
20230729,2023-07-29,2023,3,7,July,Jul,30,29,Saturday,Sat,6,Yes,No,No,2023,3,7,No,210
20230730,2023-07-30,2023,3,7,July,Jul,30,30,Sunday,Sun,7,Yes,No,No,2023,3,7,No,211
20230731,2023-07-31,2023,3,7,July,Jul,31,31,Monday,Mon,1,No,No,Yes,2023,3,7,No,212
20230801,2023-08-01,2023,3,8,August,Aug,31,1,Tuesday,Tue,2,No,Yes,No,2023,3,8,No,213
20230802,2023-08-02,2023,3,8,August,Aug,31,2,Wednesday,Wed,3,No,No,No,2023,3,8,No,214
20230803,2023-08-03,2023,3,8,August,Aug,31,3,Thursday,Thu,4,No,No,No,2023,3,8,No,215
20230804,2023-08-04,2023,3,8,August,Aug,31,4,Friday,Fri,5,No,No,No,2023,3,8,No,216
20230805,2023-08-05,2023,3,8,August,Aug,31,5,Saturday,Sat,6,Yes,No,No,2023,3,8,No,217
20230806,2023-08-06,2023,3,8,August,Aug,31,6,Sunday,Sun,7,Yes,No,No,2023,3,8,No,218
20230807,2023-08-07,2023,3,8,August,Aug,32,7,Monday,Mon,1,No,No,No,2023,3,8,No,219
20230808,2023-08-08,2023,3,8,August,Aug,32,8,Tuesday,Tue,2,No,No,No,2023,3,8,No,220
20230809,2023-08-09,2023,3,8,August,Aug,32,9,Wednesday,Wed,3,No,No,No,2023,3,8,No,221
20230810,2023-08-10,2023,3,8,August,Aug,32,10,Thursday,Thu,4,No,No,No,2023,3,8,No,222
20230811,2023-08-11,2023,3,8,August,Aug,32,11,Friday,Fri,5,No,No,No,2023,3,8,No,223
20230812,2023-08-12,2023,3,8,August,Aug,32,12,Saturday,Sat,6,Yes,No,No,2023,3,8,No,224
20230813,2023-08-13,2023,3,8,August,Aug,32,13,Sunday,Sun,7,Yes,No,No,2023,3,8,No,225
20230814,2023-08-14,2023,3,8,August,Aug,33,14,Monday,Mon,1,No,No,No,2023,3,8,No,226
20230815,2023-08-15,2023,3,8,August,Aug,33,15,Tuesday,Tue,2,No,No,No,2023,3,8,No,227
20230816,2023-08-16,2023,3,8,August,Aug,33,16,Wednesday,Wed,3,No,No,No,2023,3,8,No,228
20230817,2023-08-17,2023,3,8,August,Aug,33,17,Thursday,Thu,4,No,No,No,2023,3,8,No,229
20230818,2023-08-18,2023,3,8,August,Aug,33,18,Friday,Fri,5,No,No,No,2023,3,8,No,230
20230819,2023-08-19,2023,3,8,August,Aug,33,19,Saturday,Sat,6,Yes,No,No,2023,3,8,No,231
20230820,2023-08-20,2023,3,8,August,Aug,33,20,Sunday,Sun,7,Yes,No,No,2023,3,8,No,232
20230821,2023-08-21,2023,3,8,August,Aug,34,21,Monday,Mon,1,No,No,No,2023,3,8,No,233
20230822,2023-08-22,2023,3,8,August,Aug,34,22,Tuesday,Tue,2,No,No,No,2023,3,8,No,234
20230823,2023-08-23,2023,3,8,August,Aug,34,23,Wednesday,Wed,3,No,No,No,2023,3,8,No,235
20230824,2023-08-24,2023,3,8,August,Aug,34,24,Thursday,Thu,4,No,No,No,2023,3,8,No,236
20230825,2023-08-25,2023,3,8,August,Aug,34,25,Friday,Fri,5,No,No,No,2023,3,8,No,237
20230826,2023-08-26,2023,3,8,August,Aug,34,26,Saturday,Sat,6,Yes,No,No,2023,3,8,No,238
20230827,2023-08-27,2023,3,8,August,Aug,34,27,Sunday,Sun,7,Yes,No,No,2023,3,8,No,239
20230828,2023-08-28,2023,3,8,August,Aug,35,28,Monday,Mon,1,No,No,No,2023,3,8,No,240
20230829,2023-08-29,2023,3,8,August,Aug,35,29,Tuesday,Tue,2,No,No,No,2023,3,8,No,241
20230830,2023-08-30,2023,3,8,August,Aug,35,30,Wednesday,Wed,3,No,No,No,2023,3,8,No,242
20230831,2023-08-31,2023,3,8,August,Aug,35,31,Thursday,Thu,4,No,No,Yes,2023,3,8,No,243
20230901,2023-09-01,2023,3,9,September,Sep,35,1,Friday,Fri,5,No,Yes,No,2023,3,9,No,244
20230902,2023-09-02,2023,3,9,September,Sep,35,2,Saturday,Sat,6,Yes,No,No,2023,3,9,No,245
20230903,2023-09-03,2023,3,9,September,Sep,35,3,Sunday,Sun,7,Yes,No,No,2023,3,9,No,246
20230904,2023-09-04,2023,3,9,September,Sep,36,4,Monday,Mon,1,No,No,No,2023,3,9,No,247
20230905,2023-09-05,2023,3,9,September,Sep,36,5,Tuesday,Tue,2,No,No,No,2023,3,9,No,248
20230906,2023-09-06,2023,3,9,September,Sep,36,6,Wednesday,Wed,3,No,No,No,2023,3,9,No,249
20230907,2023-09-07,2023,3,9,September,Sep,36,7,Thursday,Thu,4,No,No,No,2023,3,9,No,250
20230908,2023-09-08,2023,3,9,September,Sep,36,8,Friday,Fri,5,No,No,No,2023,3,9,No,251
20230909,2023-09-09,2023,3,9,September,Sep,36,9,Saturday,Sat,6,Yes,No,No,2023,3,9,No,252
20230910,2023-09-10,2023,3,9,September,Sep,36,10,Sunday,Sun,7,Yes,No,No,2023,3,9,No,253
20230911,2023-09-11,2023,3,9,September,Sep,37,11,Monday,Mon,1,No,No,No,2023,3,9,No,254
20230912,2023-09-12,2023,3,9,September,Sep,37,12,Tuesday,Tue,2,No,No,No,2023,3,9,No,255
20230913,2023-09-13,2023,3,9,September,Sep,37,13,Wednesday,Wed,3,No,No,No,2023,3,9,No,256
20230914,2023-09-14,2023,3,9,September,Sep,37,14,Thursday,Thu,4,No,No,No,2023,3,9,No,257
20230915,2023-09-15,2023,3,9,September,Sep,37,15,Friday,Fri,5,No,No,No,2023,3,9,No,258
20230916,2023-09-16,2023,3,9,September,Sep,37,16,Saturday,Sat,6,Yes,No,No,2023,3,9,No,259
20230917,2023-09-17,2023,3,9,September,Sep,37,17,Sunday,Sun,7,Yes,No,No,2023,3,9,No,260
20230918,2023-09-18,2023,3,9,September,Sep,38,18,Monday,Mon,1,No,No,No,2023,3,9,No,261
20230919,2023-09-19,2023,3,9,September,Sep,38,19,Tuesday,Tue,2,No,No,No,2023,3,9,No,262
20230920,2023-09-20,2023,3,9,September,Sep,38,20,Wednesday,Wed,3,No,No,No,2023,3,9,No,263
20230921,2023-09-21,2023,3,9,September,Sep,38,21,Thursday,Thu,4,No,No,No,2023,3,9,No,264
20230922,2023-09-22,2023,3,9,September,Sep,38,22,Friday,Fri,5,No,No,No,2023,3,9,No,265
20230923,2023-09-23,2023,3,9,September,Sep,38,23,Saturday,Sat,6,Yes,No,No,2023,3,9,No,266
20230924,2023-09-24,2023,3,9,September,Sep,38,24,Sunday,Sun,7,Yes,No,No,2023,3,9,No,267
20230925,2023-09-25,2023,3,9,September,Sep,39,25,Monday,Mon,1,No,No,No,2023,3,9,No,268
20230926,2023-09-26,2023,3,9,September,Sep,39,26,Tuesday,Tue,2,No,No,No,2023,3,9,No,269
20230927,2023-09-27,2023,3,9,September,Sep,39,27,Wednesday,Wed,3,No,No,No,2023,3,9,No,270
20230928,2023-09-28,2023,3,9,September,Sep,39,28,Thursday,Thu,4,No,No,No,2023,3,9,No,271
20230929,2023-09-29,2023,3,9,September,Sep,39,29,Friday,Fri,5,No,No,No,2023,3,9,No,272
20230930,2023-09-30,2023,3,9,September,Sep,39,30,Saturday,Sat,6,Yes,No,Yes,2023,3,9,No,273
20231001,2023-10-01,2023,4,10,October,Oct,39,1,Sunday,Sun,7,Yes,Yes,No,2023,4,10,No,274
20231002,2023-10-02,2023,4,10,October,Oct,40,2,Monday,Mon,1,No,No,No,2023,4,10,No,275
20231003,2023-10-03,2023,4,10,October,Oct,40,3,Tuesday,Tue,2,No,No,No,2023,4,10,No,276
20231004,2023-10-04,2023,4,10,October,Oct,40,4,Wednesday,Wed,3,No,No,No,2023,4,10,No,277
20231005,2023-10-05,2023,4,10,October,Oct,40,5,Thursday,Thu,4,No,No,No,2023,4,10,No,278
20231006,2023-10-06,2023,4,10,October,Oct,40,6,Friday,Fri,5,No,No,No,2023,4,10,No,279
20231007,2023-10-07,2023,4,10,October,Oct,40,7,Saturday,Sat,6,Yes,No,No,2023,4,10,No,280
20231008,2023-10-08,2023,4,10,October,Oct,40,8,Sunday,Sun,7,Yes,No,No,2023,4,10,No,281
20231009,2023-10-09,2023,4,10,October,Oct,41,9,Monday,Mon,1,No,No,No,2023,4,10,No,282
20231010,2023-10-10,2023,4,10,October,Oct,41,10,Tuesday,Tue,2,No,No,No,2023,4,10,No,283
20231011,2023-10-11,2023,4,10,October,Oct,41,11,Wednesday,Wed,3,No,No,No,2023,4,10,No,284
20231012,2023-10-12,2023,4,10,October,Oct,41,12,Thursday,Thu,4,No,No,No,2023,4,10,No,285
20231013,2023-10-13,2023,4,10,October,Oct,41,13,Friday,Fri,5,No,No,No,2023,4,10,No,286
20231014,2023-10-14,2023,4,10,October,Oct,41,14,Saturday,Sat,6,Yes,No,No,2023,4,10,No,287
20231015,2023-10-15,2023,4,10,October,Oct,41,15,Sunday,Sun,7,Yes,No,No,2023,4,10,No,288
20231016,2023-10-16,2023,4,10,October,Oct,42,16,Monday,Mon,1,No,No,No,2023,4,10,No,289
20231017,2023-10-17,2023,4,10,October,Oct,42,17,Tuesday,Tue,2,No,No,No,2023,4,10,No,290
20231018,2023-10-18,2023,4,10,October,Oct,42,18,Wednesday,Wed,3,No,No,No,2023,4,10,No,291
20231019,2023-10-19,2023,4,10,October,Oct,42,19,Thursday,Thu,4,No,No,No,2023,4,10,No,292
20231020,2023-10-20,2023,4,10,October,Oct,42,20,Friday,Fri,5,No,No,No,2023,4,10,No,293
20231021,2023-10-21,2023,4,10,October,Oct,42,21,Saturday,Sat,6,Yes,No,No,2023,4,10,No,294
20231022,2023-10-22,2023,4,10,October,Oct,42,22,Sunday,Sun,7,Yes,No,No,2023,4,10,No,295
20231023,2023-10-23,2023,4,10,October,Oct,43,23,Monday,Mon,1,No,No,No,2023,4,10,No,296
20231024,2023-10-24,2023,4,10,October,Oct,43,24,Tuesday,Tue,2,No,No,No,2023,4,10,No,297
20231025,2023-10-25,2023,4,10,October,Oct,43,25,Wednesday,Wed,3,No,No,No,2023,4,10,No,298
20231026,2023-10-26,2023,4,10,October,Oct,43,26,Thursday,Thu,4,No,No,No,2023,4,10,No,299
20231027,2023-10-27,2023,4,10,October,Oct,43,27,Friday,Fri,5,No,No,No,2023,4,10,No,300
20231028,2023-10-28,2023,4,10,October,Oct,43,28,Saturday,Sat,6,Yes,No,No,2023,4,10,No,301
20231029,2023-10-29,2023,4,10,October,Oct,43,29,Sunday,Sun,7,Yes,No,No,2023,4,10,No,302
20231030,2023-10-30,2023,4,10,October,Oct,44,30,Monday,Mon,1,No,No,No,2023,4,10,No,303
20231031,2023-10-31,2023,4,10,October,Oct,44,31,Tuesday,Tue,2,No,No,Yes,2023,4,10,No,304
20231101,2023-11-01,2023,4,11,November,Nov,44,1,Wednesday,Wed,3,No,Yes,No,2023,4,11,No,305
20231102,2023-11-02,2023,4,11,November,Nov,44,2,Thursday,Thu,4,No,No,No,2023,4,11,No,306
20231103,2023-11-03,2023,4,11,November,Nov,44,3,Friday,Fri,5,No,No,No,2023,4,11,No,307
20231104,2023-11-04,2023,4,11,November,Nov,44,4,Saturday,Sat,6,Yes,No,No,2023,4,11,No,308
20231105,2023-11-05,2023,4,11,November,Nov,44,5,Sunday,Sun,7,Yes,No,No,2023,4,11,No,309
20231106,2023-11-06,2023,4,11,November,Nov,45,6,Monday,Mon,1,No,No,No,2023,4,11,No,310
20231107,2023-11-07,2023,4,11,November,Nov,45,7,Tuesday,Tue,2,No,No,No,2023,4,11,No,311
20231108,2023-11-08,2023,4,11,November,Nov,45,8,Wednesday,Wed,3,No,No,No,2023,4,11,No,312
20231109,2023-11-09,2023,4,11,November,Nov,45,9,Thursday,Thu,4,No,No,No,2023,4,11,No,313
20231110,2023-11-10,2023,4,11,November,Nov,45,10,Friday,Fri,5,No,No,No,2023,4,11,No,314
20231111,2023-11-11,2023,4,11,November,Nov,45,11,Saturday,Sat,6,Yes,No,No,2023,4,11,No,315
20231112,2023-11-12,2023,4,11,November,Nov,45,12,Sunday,Sun,7,Yes,No,No,2023,4,11,No,316
20231113,2023-11-13,2023,4,11,November,Nov,46,13,Monday,Mon,1,No,No,No,2023,4,11,No,317
20231114,2023-11-14,2023,4,11,November,Nov,46,14,Tuesday,Tue,2,No,No,No,2023,4,11,No,318
20231115,2023-11-15,2023,4,11,November,Nov,46,15,Wednesday,Wed,3,No,No,No,2023,4,11,No,319
20231116,2023-11-16,2023,4,11,November,Nov,46,16,Thursday,Thu,4,No,No,No,2023,4,11,No,320
20231117,2023-11-17,2023,4,11,November,Nov,46,17,Friday,Fri,5,No,No,No,2023,4,11,No,321
20231118,2023-11-18,2023,4,11,November,Nov,46,18,Saturday,Sat,6,Yes,No,No,2023,4,11,No,322
20231119,2023-11-19,2023,4,11,November,Nov,46,19,Sunday,Sun,7,Yes,No,No,2023,4,11,No,323
20231120,2023-11-20,2023,4,11,November,Nov,47,20,Monday,Mon,1,No,No,No,2023,4,11,No,324
20231121,2023-11-21,2023,4,11,November,Nov,47,21,Tuesday,Tue,2,No,No,No,2023,4,11,No,325
20231122,2023-11-22,2023,4,11,November,Nov,47,22,Wednesday,Wed,3,No,No,No,2023,4,11,No,326
20231123,2023-11-23,2023,4,11,November,Nov,47,23,Thursday,Thu,4,No,No,No,2023,4,11,No,327
20231124,2023-11-24,2023,4,11,November,Nov,47,24,Friday,Fri,5,No,No,No,2023,4,11,No,328
20231125,2023-11-25,2023,4,11,November,Nov,47,25,Saturday,Sat,6,Yes,No,No,2023,4,11,No,329
20231126,2023-11-26,2023,4,11,November,Nov,47,26,Sunday,Sun,7,Yes,No,No,2023,4,11,No,330
20231127,2023-11-27,2023,4,11,November,Nov,48,27,Monday,Mon,1,No,No,No,2023,4,11,No,331
20231128,2023-11-28,2023,4,11,November,Nov,48,28,Tuesday,Tue,2,No,No,No,2023,4,11,No,332
20231129,2023-11-29,2023,4,11,November,Nov,48,29,Wednesday,Wed,3,No,No,No,2023,4,11,No,333
20231130,2023-11-30,2023,4,11,November,Nov,48,30,Thursday,Thu,4,No,No,Yes,2023,4,11,No,334
20231201,2023-12-01,2023,4,12,December,Dec,48,1,Friday,Fri,5,No,Yes,No,2023,4,12,No,335
20231202,2023-12-02,2023,4,12,December,Dec,48,2,Saturday,Sat,6,Yes,No,No,2023,4,12,No,336
20231203,2023-12-03,2023,4,12,December,Dec,48,3,Sunday,Sun,7,Yes,No,No,2023,4,12,No,337
20231204,2023-12-04,2023,4,12,December,Dec,49,4,Monday,Mon,1,No,No,No,2023,4,12,No,338
20231205,2023-12-05,2023,4,12,December,Dec,49,5,Tuesday,Tue,2,No,No,No,2023,4,12,No,339
20231206,2023-12-06,2023,4,12,December,Dec,49,6,Wednesday,Wed,3,No,No,No,2023,4,12,No,340
20231207,2023-12-07,2023,4,12,December,Dec,49,7,Thursday,Thu,4,No,No,No,2023,4,12,No,341
20231208,2023-12-08,2023,4,12,December,Dec,49,8,Friday,Fri,5,No,No,No,2023,4,12,No,342
20231209,2023-12-09,2023,4,12,December,Dec,49,9,Saturday,Sat,6,Yes,No,No,2023,4,12,No,343
20231210,2023-12-10,2023,4,12,December,Dec,49,10,Sunday,Sun,7,Yes,No,No,2023,4,12,No,344
20231211,2023-12-11,2023,4,12,December,Dec,50,11,Monday,Mon,1,No,No,No,2023,4,12,No,345
20231212,2023-12-12,2023,4,12,December,Dec,50,12,Tuesday,Tue,2,No,No,No,2023,4,12,No,346
20231213,2023-12-13,2023,4,12,December,Dec,50,13,Wednesday,Wed,3,No,No,No,2023,4,12,No,347
20231214,2023-12-14,2023,4,12,December,Dec,50,14,Thursday,Thu,4,No,No,No,2023,4,12,No,348
20231215,2023-12-15,2023,4,12,December,Dec,50,15,Friday,Fri,5,No,No,No,2023,4,12,No,349
20231216,2023-12-16,2023,4,12,December,Dec,50,16,Saturday,Sat,6,Yes,No,No,2023,4,12,No,350
20231217,2023-12-17,2023,4,12,December,Dec,50,17,Sunday,Sun,7,Yes,No,No,2023,4,12,No,351
20231218,2023-12-18,2023,4,12,December,Dec,51,18,Monday,Mon,1,No,No,No,2023,4,12,No,352
20231219,2023-12-19,2023,4,12,December,Dec,51,19,Tuesday,Tue,2,No,No,No,2023,4,12,No,353
20231220,2023-12-20,2023,4,12,December,Dec,51,20,Wednesday,Wed,3,No,No,No,2023,4,12,No,354
20231221,2023-12-21,2023,4,12,December,Dec,51,21,Thursday,Thu,4,No,No,No,2023,4,12,No,355
20231222,2023-12-22,2023,4,12,December,Dec,51,22,Friday,Fri,5,No,No,No,2023,4,12,No,356
20231223,2023-12-23,2023,4,12,December,Dec,51,23,Saturday,Sat,6,Yes,No,No,2023,4,12,No,357
20231224,2023-12-24,2023,4,12,December,Dec,51,24,Sunday,Sun,7,Yes,No,No,2023,4,12,No,358
20231225,2023-12-25,2023,4,12,December,Dec,52,25,Monday,Mon,1,No,No,No,2023,4,12,No,359
20231226,2023-12-26,2023,4,12,December,Dec,52,26,Tuesday,Tue,2,No,No,No,2023,4,12,No,360
20231227,2023-12-27,2023,4,12,December,Dec,52,27,Wednesday,Wed,3,No,No,No,2023,4,12,No,361
20231228,2023-12-28,2023,4,12,December,Dec,52,28,Thursday,Thu,4,No,No,No,2023,4,12,No,362
20231229,2023-12-29,2023,4,12,December,Dec,52,29,Friday,Fri,5,No,No,No,2023,4,12,No,363
20231230,2023-12-30,2023,4,12,December,Dec,52,30,Saturday,Sat,6,Yes,No,No,2023,4,12,No,364
20231231,2023-12-31,2023,4,12,December,Dec,52,31,Sunday,Sun,7,Yes,No,Yes,2023,4,12,No,365
20240101,2024-01-01,2024,1,1,January,Jan,1,1,Monday,Mon,1,No,Yes,No,2024,1,1,Yes,1
20240102,2024-01-02,2024,1,1,January,Jan,1,2,Tuesday,Tue,2,No,No,No,2024,1,1,Yes,2
20240103,2024-01-03,2024,1,1,January,Jan,1,3,Wednesday,Wed,3,No,No,No,2024,1,1,Yes,3
20240104,2024-01-04,2024,1,1,January,Jan,1,4,Thursday,Thu,4,No,No,No,2024,1,1,Yes,4
20240105,2024-01-05,2024,1,1,January,Jan,1,5,Friday,Fri,5,No,No,No,2024,1,1,Yes,5
20240106,2024-01-06,2024,1,1,January,Jan,1,6,Saturday,Sat,6,Yes,No,No,2024,1,1,Yes,6
20240107,2024-01-07,2024,1,1,January,Jan,1,7,Sunday,Sun,7,Yes,No,No,2024,1,1,Yes,7
20240108,2024-01-08,2024,1,1,January,Jan,2,8,Monday,Mon,1,No,No,No,2024,1,1,Yes,8
20240109,2024-01-09,2024,1,1,January,Jan,2,9,Tuesday,Tue,2,No,No,No,2024,1,1,Yes,9
20240110,2024-01-10,2024,1,1,January,Jan,2,10,Wednesday,Wed,3,No,No,No,2024,1,1,Yes,10
20240111,2024-01-11,2024,1,1,January,Jan,2,11,Thursday,Thu,4,No,No,No,2024,1,1,Yes,11
20240112,2024-01-12,2024,1,1,January,Jan,2,12,Friday,Fri,5,No,No,No,2024,1,1,Yes,12
20240113,2024-01-13,2024,1,1,January,Jan,2,13,Saturday,Sat,6,Yes,No,No,2024,1,1,Yes,13
20240114,2024-01-14,2024,1,1,January,Jan,2,14,Sunday,Sun,7,Yes,No,No,2024,1,1,Yes,14
20240115,2024-01-15,2024,1,1,January,Jan,3,15,Monday,Mon,1,No,No,No,2024,1,1,Yes,15
20240116,2024-01-16,2024,1,1,January,Jan,3,16,Tuesday,Tue,2,No,No,No,2024,1,1,Yes,16
20240117,2024-01-17,2024,1,1,January,Jan,3,17,Wednesday,Wed,3,No,No,No,2024,1,1,Yes,17
20240118,2024-01-18,2024,1,1,January,Jan,3,18,Thursday,Thu,4,No,No,No,2024,1,1,Yes,18
20240119,2024-01-19,2024,1,1,January,Jan,3,19,Friday,Fri,5,No,No,No,2024,1,1,Yes,19
20240120,2024-01-20,2024,1,1,January,Jan,3,20,Saturday,Sat,6,Yes,No,No,2024,1,1,Yes,20
20240121,2024-01-21,2024,1,1,January,Jan,3,21,Sunday,Sun,7,Yes,No,No,2024,1,1,Yes,21
20240122,2024-01-22,2024,1,1,January,Jan,4,22,Monday,Mon,1,No,No,No,2024,1,1,Yes,22
20240123,2024-01-23,2024,1,1,January,Jan,4,23,Tuesday,Tue,2,No,No,No,2024,1,1,Yes,23
20240124,2024-01-24,2024,1,1,January,Jan,4,24,Wednesday,Wed,3,No,No,No,2024,1,1,Yes,24
20240125,2024-01-25,2024,1,1,January,Jan,4,25,Thursday,Thu,4,No,No,No,2024,1,1,Yes,25
20240126,2024-01-26,2024,1,1,January,Jan,4,26,Friday,Fri,5,No,No,No,2024,1,1,Yes,26
20240127,2024-01-27,2024,1,1,January,Jan,4,27,Saturday,Sat,6,Yes,No,No,2024,1,1,Yes,27
20240128,2024-01-28,2024,1,1,January,Jan,4,28,Sunday,Sun,7,Yes,No,No,2024,1,1,Yes,28
20240129,2024-01-29,2024,1,1,January,Jan,5,29,Monday,Mon,1,No,No,No,2024,1,1,Yes,29
20240130,2024-01-30,2024,1,1,January,Jan,5,30,Tuesday,Tue,2,No,No,No,2024,1,1,Yes,30
20240131,2024-01-31,2024,1,1,January,Jan,5,31,Wednesday,Wed,3,No,No,Yes,2024,1,1,Yes,31
20240201,2024-02-01,2024,1,2,February,Feb,5,1,Thursday,Thu,4,No,Yes,No,2024,1,2,Yes,32
20240202,2024-02-02,2024,1,2,February,Feb,5,2,Friday,Fri,5,No,No,No,2024,1,2,Yes,33
20240203,2024-02-03,2024,1,2,February,Feb,5,3,Saturday,Sat,6,Yes,No,No,2024,1,2,Yes,34
20240204,2024-02-04,2024,1,2,February,Feb,5,4,Sunday,Sun,7,Yes,No,No,2024,1,2,Yes,35
20240205,2024-02-05,2024,1,2,February,Feb,6,5,Monday,Mon,1,No,No,No,2024,1,2,Yes,36
20240206,2024-02-06,2024,1,2,February,Feb,6,6,Tuesday,Tue,2,No,No,No,2024,1,2,Yes,37
20240207,2024-02-07,2024,1,2,February,Feb,6,7,Wednesday,Wed,3,No,No,No,2024,1,2,Yes,38
20240208,2024-02-08,2024,1,2,February,Feb,6,8,Thursday,Thu,4,No,No,No,2024,1,2,Yes,39
20240209,2024-02-09,2024,1,2,February,Feb,6,9,Friday,Fri,5,No,No,No,2024,1,2,Yes,40
20240210,2024-02-10,2024,1,2,February,Feb,6,10,Saturday,Sat,6,Yes,No,No,2024,1,2,Yes,41
20240211,2024-02-11,2024,1,2,February,Feb,6,11,Sunday,Sun,7,Yes,No,No,2024,1,2,Yes,42
20240212,2024-02-12,2024,1,2,February,Feb,7,12,Monday,Mon,1,No,No,No,2024,1,2,Yes,43
20240213,2024-02-13,2024,1,2,February,Feb,7,13,Tuesday,Tue,2,No,No,No,2024,1,2,Yes,44
20240214,2024-02-14,2024,1,2,February,Feb,7,14,Wednesday,Wed,3,No,No,No,2024,1,2,Yes,45
20240215,2024-02-15,2024,1,2,February,Feb,7,15,Thursday,Thu,4,No,No,No,2024,1,2,Yes,46
20240216,2024-02-16,2024,1,2,February,Feb,7,16,Friday,Fri,5,No,No,No,2024,1,2,Yes,47
20240217,2024-02-17,2024,1,2,February,Feb,7,17,Saturday,Sat,6,Yes,No,No,2024,1,2,Yes,48
20240218,2024-02-18,2024,1,2,February,Feb,7,18,Sunday,Sun,7,Yes,No,No,2024,1,2,Yes,49
20240219,2024-02-19,2024,1,2,February,Feb,8,19,Monday,Mon,1,No,No,No,2024,1,2,Yes,50
20240220,2024-02-20,2024,1,2,February,Feb,8,20,Tuesday,Tue,2,No,No,No,2024,1,2,Yes,51
20240221,2024-02-21,2024,1,2,February,Feb,8,21,Wednesday,Wed,3,No,No,No,2024,1,2,Yes,52
20240222,2024-02-22,2024,1,2,February,Feb,8,22,Thursday,Thu,4,No,No,No,2024,1,2,Yes,53
20240223,2024-02-23,2024,1,2,February,Feb,8,23,Friday,Fri,5,No,No,No,2024,1,2,Yes,54
20240224,2024-02-24,2024,1,2,February,Feb,8,24,Saturday,Sat,6,Yes,No,No,2024,1,2,Yes,55
20240225,2024-02-25,2024,1,2,February,Feb,8,25,Sunday,Sun,7,Yes,No,No,2024,1,2,Yes,56
20240226,2024-02-26,2024,1,2,February,Feb,9,26,Monday,Mon,1,No,No,No,2024,1,2,Yes,57
20240227,2024-02-27,2024,1,2,February,Feb,9,27,Tuesday,Tue,2,No,No,No,2024,1,2,Yes,58
20240228,2024-02-28,2024,1,2,February,Feb,9,28,Wednesday,Wed,3,No,No,No,2024,1,2,Yes,59
20240229,2024-02-29,2024,1,2,February,Feb,9,29,Thursday,Thu,4,No,No,Yes,2024,1,2,Yes,60
20240301,2024-03-01,2024,1,3,March,Mar,9,1,Friday,Fri,5,No,Yes,No,2024,1,3,Yes,61
20240302,2024-03-02,2024,1,3,March,Mar,9,2,Saturday,Sat,6,Yes,No,No,2024,1,3,Yes,62
20240303,2024-03-03,2024,1,3,March,Mar,9,3,Sunday,Sun,7,Yes,No,No,2024,1,3,Yes,63
20240304,2024-03-04,2024,1,3,March,Mar,10,4,Monday,Mon,1,No,No,No,2024,1,3,Yes,64
20240305,2024-03-05,2024,1,3,March,Mar,10,5,Tuesday,Tue,2,No,No,No,2024,1,3,Yes,65
20240306,2024-03-06,2024,1,3,March,Mar,10,6,Wednesday,Wed,3,No,No,No,2024,1,3,Yes,66
20240307,2024-03-07,2024,1,3,March,Mar,10,7,Thursday,Thu,4,No,No,No,2024,1,3,Yes,67
20240308,2024-03-08,2024,1,3,March,Mar,10,8,Friday,Fri,5,No,No,No,2024,1,3,Yes,68
20240309,2024-03-09,2024,1,3,March,Mar,10,9,Saturday,Sat,6,Yes,No,No,2024,1,3,Yes,69
20240310,2024-03-10,2024,1,3,March,Mar,10,10,Sunday,Sun,7,Yes,No,No,2024,1,3,Yes,70
20240311,2024-03-11,2024,1,3,March,Mar,11,11,Monday,Mon,1,No,No,No,2024,1,3,Yes,71
20240312,2024-03-12,2024,1,3,March,Mar,11,12,Tuesday,Tue,2,No,No,No,2024,1,3,Yes,72
20240313,2024-03-13,2024,1,3,March,Mar,11,13,Wednesday,Wed,3,No,No,No,2024,1,3,Yes,73
20240314,2024-03-14,2024,1,3,March,Mar,11,14,Thursday,Thu,4,No,No,No,2024,1,3,Yes,74
20240315,2024-03-15,2024,1,3,March,Mar,11,15,Friday,Fri,5,No,No,No,2024,1,3,Yes,75
20240316,2024-03-16,2024,1,3,March,Mar,11,16,Saturday,Sat,6,Yes,No,No,2024,1,3,Yes,76
20240317,2024-03-17,2024,1,3,March,Mar,11,17,Sunday,Sun,7,Yes,No,No,2024,1,3,Yes,77
20240318,2024-03-18,2024,1,3,March,Mar,12,18,Monday,Mon,1,No,No,No,2024,1,3,Yes,78
20240319,2024-03-19,2024,1,3,March,Mar,12,19,Tuesday,Tue,2,No,No,No,2024,1,3,Yes,79
20240320,2024-03-20,2024,1,3,March,Mar,12,20,Wednesday,Wed,3,No,No,No,2024,1,3,Yes,80
20240321,2024-03-21,2024,1,3,March,Mar,12,21,Thursday,Thu,4,No,No,No,2024,1,3,Yes,81
20240322,2024-03-22,2024,1,3,March,Mar,12,22,Friday,Fri,5,No,No,No,2024,1,3,Yes,82
20240323,2024-03-23,2024,1,3,March,Mar,12,23,Saturday,Sat,6,Yes,No,No,2024,1,3,Yes,83
20240324,2024-03-24,2024,1,3,March,Mar,12,24,Sunday,Sun,7,Yes,No,No,2024,1,3,Yes,84
20240325,2024-03-25,2024,1,3,March,Mar,13,25,Monday,Mon,1,No,No,No,2024,1,3,Yes,85
20240326,2024-03-26,2024,1,3,March,Mar,13,26,Tuesday,Tue,2,No,No,No,2024,1,3,Yes,86
20240327,2024-03-27,2024,1,3,March,Mar,13,27,Wednesday,Wed,3,No,No,No,2024,1,3,Yes,87
20240328,2024-03-28,2024,1,3,March,Mar,13,28,Thursday,Thu,4,No,No,No,2024,1,3,Yes,88
20240329,2024-03-29,2024,1,3,March,Mar,13,29,Friday,Fri,5,No,No,No,2024,1,3,Yes,89
20240330,2024-03-30,2024,1,3,March,Mar,13,30,Saturday,Sat,6,Yes,No,No,2024,1,3,Yes,90
20240331,2024-03-31,2024,1,3,March,Mar,13,31,Sunday,Sun,7,Yes,No,Yes,2024,1,3,Yes,91
20240401,2024-04-01,2024,2,4,April,Apr,14,1,Monday,Mon,1,No,Yes,No,2024,2,4,Yes,92
20240402,2024-04-02,2024,2,4,April,Apr,14,2,Tuesday,Tue,2,No,No,No,2024,2,4,Yes,93
20240403,2024-04-03,2024,2,4,April,Apr,14,3,Wednesday,Wed,3,No,No,No,2024,2,4,Yes,94
20240404,2024-04-04,2024,2,4,April,Apr,14,4,Thursday,Thu,4,No,No,No,2024,2,4,Yes,95
20240405,2024-04-05,2024,2,4,April,Apr,14,5,Friday,Fri,5,No,No,No,2024,2,4,Yes,96
20240406,2024-04-06,2024,2,4,April,Apr,14,6,Saturday,Sat,6,Yes,No,No,2024,2,4,Yes,97
20240407,2024-04-07,2024,2,4,April,Apr,14,7,Sunday,Sun,7,Yes,No,No,2024,2,4,Yes,98
20240408,2024-04-08,2024,2,4,April,Apr,15,8,Monday,Mon,1,No,No,No,2024,2,4,Yes,99
20240409,2024-04-09,2024,2,4,April,Apr,15,9,Tuesday,Tue,2,No,No,No,2024,2,4,Yes,100
20240410,2024-04-10,2024,2,4,April,Apr,15,10,Wednesday,Wed,3,No,No,No,2024,2,4,Yes,101
20240411,2024-04-11,2024,2,4,April,Apr,15,11,Thursday,Thu,4,No,No,No,2024,2,4,Yes,102
20240412,2024-04-12,2024,2,4,April,Apr,15,12,Friday,Fri,5,No,No,No,2024,2,4,Yes,103
20240413,2024-04-13,2024,2,4,April,Apr,15,13,Saturday,Sat,6,Yes,No,No,2024,2,4,Yes,104
20240414,2024-04-14,2024,2,4,April,Apr,15,14,Sunday,Sun,7,Yes,No,No,2024,2,4,Yes,105
20240415,2024-04-15,2024,2,4,April,Apr,16,15,Monday,Mon,1,No,No,No,2024,2,4,Yes,106
20240416,2024-04-16,2024,2,4,April,Apr,16,16,Tuesday,Tue,2,No,No,No,2024,2,4,Yes,107
20240417,2024-04-17,2024,2,4,April,Apr,16,17,Wednesday,Wed,3,No,No,No,2024,2,4,Yes,108
20240418,2024-04-18,2024,2,4,April,Apr,16,18,Thursday,Thu,4,No,No,No,2024,2,4,Yes,109
20240419,2024-04-19,2024,2,4,April,Apr,16,19,Friday,Fri,5,No,No,No,2024,2,4,Yes,110
20240420,2024-04-20,2024,2,4,April,Apr,16,20,Saturday,Sat,6,Yes,No,No,2024,2,4,Yes,111
20240421,2024-04-21,2024,2,4,April,Apr,16,21,Sunday,Sun,7,Yes,No,No,2024,2,4,Yes,112
20240422,2024-04-22,2024,2,4,April,Apr,17,22,Monday,Mon,1,No,No,No,2024,2,4,Yes,113
20240423,2024-04-23,2024,2,4,April,Apr,17,23,Tuesday,Tue,2,No,No,No,2024,2,4,Yes,114
20240424,2024-04-24,2024,2,4,April,Apr,17,24,Wednesday,Wed,3,No,No,No,2024,2,4,Yes,115
20240425,2024-04-25,2024,2,4,April,Apr,17,25,Thursday,Thu,4,No,No,No,2024,2,4,Yes,116
20240426,2024-04-26,2024,2,4,April,Apr,17,26,Friday,Fri,5,No,No,No,2024,2,4,Yes,117
20240427,2024-04-27,2024,2,4,April,Apr,17,27,Saturday,Sat,6,Yes,No,No,2024,2,4,Yes,118
20240428,2024-04-28,2024,2,4,April,Apr,17,28,Sunday,Sun,7,Yes,No,No,2024,2,4,Yes,119
20240429,2024-04-29,2024,2,4,April,Apr,18,29,Monday,Mon,1,No,No,No,2024,2,4,Yes,120
20240430,2024-04-30,2024,2,4,April,Apr,18,30,Tuesday,Tue,2,No,No,Yes,2024,2,4,Yes,121
20240501,2024-05-01,2024,2,5,May,May,18,1,Wednesday,Wed,3,No,Yes,No,2024,2,5,Yes,122
20240502,2024-05-02,2024,2,5,May,May,18,2,Thursday,Thu,4,No,No,No,2024,2,5,Yes,123
20240503,2024-05-03,2024,2,5,May,May,18,3,Friday,Fri,5,No,No,No,2024,2,5,Yes,124
20240504,2024-05-04,2024,2,5,May,May,18,4,Saturday,Sat,6,Yes,No,No,2024,2,5,Yes,125
20240505,2024-05-05,2024,2,5,May,May,18,5,Sunday,Sun,7,Yes,No,No,2024,2,5,Yes,126
20240506,2024-05-06,2024,2,5,May,May,19,6,Monday,Mon,1,No,No,No,2024,2,5,Yes,127
20240507,2024-05-07,2024,2,5,May,May,19,7,Tuesday,Tue,2,No,No,No,2024,2,5,Yes,128
20240508,2024-05-08,2024,2,5,May,May,19,8,Wednesday,Wed,3,No,No,No,2024,2,5,Yes,129
20240509,2024-05-09,2024,2,5,May,May,19,9,Thursday,Thu,4,No,No,No,2024,2,5,Yes,130
20240510,2024-05-10,2024,2,5,May,May,19,10,Friday,Fri,5,No,No,No,2024,2,5,Yes,131
20240511,2024-05-11,2024,2,5,May,May,19,11,Saturday,Sat,6,Yes,No,No,2024,2,5,Yes,132
20240512,2024-05-12,2024,2,5,May,May,19,12,Sunday,Sun,7,Yes,No,No,2024,2,5,Yes,133
20240513,2024-05-13,2024,2,5,May,May,20,13,Monday,Mon,1,No,No,No,2024,2,5,Yes,134
20240514,2024-05-14,2024,2,5,May,May,20,14,Tuesday,Tue,2,No,No,No,2024,2,5,Yes,135
20240515,2024-05-15,2024,2,5,May,May,20,15,Wednesday,Wed,3,No,No,No,2024,2,5,Yes,136
20240516,2024-05-16,2024,2,5,May,May,20,16,Thursday,Thu,4,No,No,No,2024,2,5,Yes,137
20240517,2024-05-17,2024,2,5,May,May,20,17,Friday,Fri,5,No,No,No,2024,2,5,Yes,138
20240518,2024-05-18,2024,2,5,May,May,20,18,Saturday,Sat,6,Yes,No,No,2024,2,5,Yes,139
20240519,2024-05-19,2024,2,5,May,May,20,19,Sunday,Sun,7,Yes,No,No,2024,2,5,Yes,140
20240520,2024-05-20,2024,2,5,May,May,21,20,Monday,Mon,1,No,No,No,2024,2,5,Yes,141
20240521,2024-05-21,2024,2,5,May,May,21,21,Tuesday,Tue,2,No,No,No,2024,2,5,Yes,142
20240522,2024-05-22,2024,2,5,May,May,21,22,Wednesday,Wed,3,No,No,No,2024,2,5,Yes,143
20240523,2024-05-23,2024,2,5,May,May,21,23,Thursday,Thu,4,No,No,No,2024,2,5,Yes,144
20240524,2024-05-24,2024,2,5,May,May,21,24,Friday,Fri,5,No,No,No,2024,2,5,Yes,145
20240525,2024-05-25,2024,2,5,May,May,21,25,Saturday,Sat,6,Yes,No,No,2024,2,5,Yes,146
20240526,2024-05-26,2024,2,5,May,May,21,26,Sunday,Sun,7,Yes,No,No,2024,2,5,Yes,147
20240527,2024-05-27,2024,2,5,May,May,22,27,Monday,Mon,1,No,No,No,2024,2,5,Yes,148
20240528,2024-05-28,2024,2,5,May,May,22,28,Tuesday,Tue,2,No,No,No,2024,2,5,Yes,149
20240529,2024-05-29,2024,2,5,May,May,22,29,Wednesday,Wed,3,No,No,No,2024,2,5,Yes,150
20240530,2024-05-30,2024,2,5,May,May,22,30,Thursday,Thu,4,No,No,No,2024,2,5,Yes,151
20240531,2024-05-31,2024,2,5,May,May,22,31,Friday,Fri,5,No,No,Yes,2024,2,5,Yes,152
20240601,2024-06-01,2024,2,6,June,Jun,22,1,Saturday,Sat,6,Yes,Yes,No,2024,2,6,Yes,153
20240602,2024-06-02,2024,2,6,June,Jun,22,2,Sunday,Sun,7,Yes,No,No,2024,2,6,Yes,154
20240603,2024-06-03,2024,2,6,June,Jun,23,3,Monday,Mon,1,No,No,No,2024,2,6,Yes,155
20240604,2024-06-04,2024,2,6,June,Jun,23,4,Tuesday,Tue,2,No,No,No,2024,2,6,Yes,156
20240605,2024-06-05,2024,2,6,June,Jun,23,5,Wednesday,Wed,3,No,No,No,2024,2,6,Yes,157
20240606,2024-06-06,2024,2,6,June,Jun,23,6,Thursday,Thu,4,No,No,No,2024,2,6,Yes,158
20240607,2024-06-07,2024,2,6,June,Jun,23,7,Friday,Fri,5,No,No,No,2024,2,6,Yes,159
20240608,2024-06-08,2024,2,6,June,Jun,23,8,Saturday,Sat,6,Yes,No,No,2024,2,6,Yes,160
20240609,2024-06-09,2024,2,6,June,Jun,23,9,Sunday,Sun,7,Yes,No,No,2024,2,6,Yes,161
20240610,2024-06-10,2024,2,6,June,Jun,24,10,Monday,Mon,1,No,No,No,2024,2,6,Yes,162
20240611,2024-06-11,2024,2,6,June,Jun,24,11,Tuesday,Tue,2,No,No,No,2024,2,6,Yes,163
20240612,2024-06-12,2024,2,6,June,Jun,24,12,Wednesday,Wed,3,No,No,No,2024,2,6,Yes,164
20240613,2024-06-13,2024,2,6,June,Jun,24,13,Thursday,Thu,4,No,No,No,2024,2,6,Yes,165
20240614,2024-06-14,2024,2,6,June,Jun,24,14,Friday,Fri,5,No,No,No,2024,2,6,Yes,166
20240615,2024-06-15,2024,2,6,June,Jun,24,15,Saturday,Sat,6,Yes,No,No,2024,2,6,Yes,167
20240616,2024-06-16,2024,2,6,June,Jun,24,16,Sunday,Sun,7,Yes,No,No,2024,2,6,Yes,168
20240617,2024-06-17,2024,2,6,June,Jun,25,17,Monday,Mon,1,No,No,No,2024,2,6,Yes,169
20240618,2024-06-18,2024,2,6,June,Jun,25,18,Tuesday,Tue,2,No,No,No,2024,2,6,Yes,170
20240619,2024-06-19,2024,2,6,June,Jun,25,19,Wednesday,Wed,3,No,No,No,2024,2,6,Yes,171
20240620,2024-06-20,2024,2,6,June,Jun,25,20,Thursday,Thu,4,No,No,No,2024,2,6,Yes,172
20240621,2024-06-21,2024,2,6,June,Jun,25,21,Friday,Fri,5,No,No,No,2024,2,6,Yes,173
20240622,2024-06-22,2024,2,6,June,Jun,25,22,Saturday,Sat,6,Yes,No,No,2024,2,6,Yes,174
20240623,2024-06-23,2024,2,6,June,Jun,25,23,Sunday,Sun,7,Yes,No,No,2024,2,6,Yes,175
20240624,2024-06-24,2024,2,6,June,Jun,26,24,Monday,Mon,1,No,No,No,2024,2,6,Yes,176
20240625,2024-06-25,2024,2,6,June,Jun,26,25,Tuesday,Tue,2,No,No,No,2024,2,6,Yes,177
20240626,2024-06-26,2024,2,6,June,Jun,26,26,Wednesday,Wed,3,No,No,No,2024,2,6,Yes,178
20240627,2024-06-27,2024,2,6,June,Jun,26,27,Thursday,Thu,4,No,No,No,2024,2,6,Yes,179
20240628,2024-06-28,2024,2,6,June,Jun,26,28,Friday,Fri,5,No,No,No,2024,2,6,Yes,180
20240629,2024-06-29,2024,2,6,June,Jun,26,29,Saturday,Sat,6,Yes,No,No,2024,2,6,Yes,181
20240630,2024-06-30,2024,2,6,June,Jun,26,30,Sunday,Sun,7,Yes,No,Yes,2024,2,6,Yes,182
20240701,2024-07-01,2024,3,7,July,Jul,27,1,Monday,Mon,1,No,Yes,No,2024,3,7,Yes,183
20240702,2024-07-02,2024,3,7,July,Jul,27,2,Tuesday,Tue,2,No,No,No,2024,3,7,Yes,184
20240703,2024-07-03,2024,3,7,July,Jul,27,3,Wednesday,Wed,3,No,No,No,2024,3,7,Yes,185
20240704,2024-07-04,2024,3,7,July,Jul,27,4,Thursday,Thu,4,No,No,No,2024,3,7,Yes,186
20240705,2024-07-05,2024,3,7,July,Jul,27,5,Friday,Fri,5,No,No,No,2024,3,7,Yes,187
20240706,2024-07-06,2024,3,7,July,Jul,27,6,Saturday,Sat,6,Yes,No,No,2024,3,7,Yes,188
20240707,2024-07-07,2024,3,7,July,Jul,27,7,Sunday,Sun,7,Yes,No,No,2024,3,7,Yes,189
20240708,2024-07-08,2024,3,7,July,Jul,28,8,Monday,Mon,1,No,No,No,2024,3,7,Yes,190
20240709,2024-07-09,2024,3,7,July,Jul,28,9,Tuesday,Tue,2,No,No,No,2024,3,7,Yes,191
20240710,2024-07-10,2024,3,7,July,Jul,28,10,Wednesday,Wed,3,No,No,No,2024,3,7,Yes,192
20240711,2024-07-11,2024,3,7,July,Jul,28,11,Thursday,Thu,4,No,No,No,2024,3,7,Yes,193
20240712,2024-07-12,2024,3,7,July,Jul,28,12,Friday,Fri,5,No,No,No,2024,3,7,Yes,194
20240713,2024-07-13,2024,3,7,July,Jul,28,13,Saturday,Sat,6,Yes,No,No,2024,3,7,Yes,195
20240714,2024-07-14,2024,3,7,July,Jul,28,14,Sunday,Sun,7,Yes,No,No,2024,3,7,Yes,196
20240715,2024-07-15,2024,3,7,July,Jul,29,15,Monday,Mon,1,No,No,No,2024,3,7,Yes,197
20240716,2024-07-16,2024,3,7,July,Jul,29,16,Tuesday,Tue,2,No,No,No,2024,3,7,Yes,198
20240717,2024-07-17,2024,3,7,July,Jul,29,17,Wednesday,Wed,3,No,No,No,2024,3,7,Yes,199
20240718,2024-07-18,2024,3,7,July,Jul,29,18,Thursday,Thu,4,No,No,No,2024,3,7,Yes,200
20240719,2024-07-19,2024,3,7,July,Jul,29,19,Friday,Fri,5,No,No,No,2024,3,7,Yes,201
20240720,2024-07-20,2024,3,7,July,Jul,29,20,Saturday,Sat,6,Yes,No,No,2024,3,7,Yes,202
20240721,2024-07-21,2024,3,7,July,Jul,29,21,Sunday,Sun,7,Yes,No,No,2024,3,7,Yes,203
20240722,2024-07-22,2024,3,7,July,Jul,30,22,Monday,Mon,1,No,No,No,2024,3,7,Yes,204
20240723,2024-07-23,2024,3,7,July,Jul,30,23,Tuesday,Tue,2,No,No,No,2024,3,7,Yes,205
20240724,2024-07-24,2024,3,7,July,Jul,30,24,Wednesday,Wed,3,No,No,No,2024,3,7,Yes,206
20240725,2024-07-25,2024,3,7,July,Jul,30,25,Thursday,Thu,4,No,No,No,2024,3,7,Yes,207
20240726,2024-07-26,2024,3,7,July,Jul,30,26,Friday,Fri,5,No,No,No,2024,3,7,Yes,208
20240727,2024-07-27,2024,3,7,July,Jul,30,27,Saturday,Sat,6,Yes,No,No,2024,3,7,Yes,209
20240728,2024-07-28,2024,3,7,July,Jul,30,28,Sunday,Sun,7,Yes,No,No,2024,3,7,Yes,210
20240729,2024-07-29,2024,3,7,July,Jul,31,29,Monday,Mon,1,No,No,No,2024,3,7,Yes,211
20240730,2024-07-30,2024,3,7,July,Jul,31,30,Tuesday,Tue,2,No,No,No,2024,3,7,Yes,212
20240731,2024-07-31,2024,3,7,July,Jul,31,31,Wednesday,Wed,3,No,No,Yes,2024,3,7,Yes,213
20240801,2024-08-01,2024,3,8,August,Aug,31,1,Thursday,Thu,4,No,Yes,No,2024,3,8,Yes,214
20240802,2024-08-02,2024,3,8,August,Aug,31,2,Friday,Fri,5,No,No,No,2024,3,8,Yes,215
20240803,2024-08-03,2024,3,8,August,Aug,31,3,Saturday,Sat,6,Yes,No,No,2024,3,8,Yes,216
20240804,2024-08-04,2024,3,8,August,Aug,31,4,Sunday,Sun,7,Yes,No,No,2024,3,8,Yes,217
20240805,2024-08-05,2024,3,8,August,Aug,32,5,Monday,Mon,1,No,No,No,2024,3,8,Yes,218
20240806,2024-08-06,2024,3,8,August,Aug,32,6,Tuesday,Tue,2,No,No,No,2024,3,8,Yes,219
20240807,2024-08-07,2024,3,8,August,Aug,32,7,Wednesday,Wed,3,No,No,No,2024,3,8,Yes,220
20240808,2024-08-08,2024,3,8,August,Aug,32,8,Thursday,Thu,4,No,No,No,2024,3,8,Yes,221
20240809,2024-08-09,2024,3,8,August,Aug,32,9,Friday,Fri,5,No,No,No,2024,3,8,Yes,222
20240810,2024-08-10,2024,3,8,August,Aug,32,10,Saturday,Sat,6,Yes,No,No,2024,3,8,Yes,223
20240811,2024-08-11,2024,3,8,August,Aug,32,11,Sunday,Sun,7,Yes,No,No,2024,3,8,Yes,224
20240812,2024-08-12,2024,3,8,August,Aug,33,12,Monday,Mon,1,No,No,No,2024,3,8,Yes,225
20240813,2024-08-13,2024,3,8,August,Aug,33,13,Tuesday,Tue,2,No,No,No,2024,3,8,Yes,226
20240814,2024-08-14,2024,3,8,August,Aug,33,14,Wednesday,Wed,3,No,No,No,2024,3,8,Yes,227
20240815,2024-08-15,2024,3,8,August,Aug,33,15,Thursday,Thu,4,No,No,No,2024,3,8,Yes,228
20240816,2024-08-16,2024,3,8,August,Aug,33,16,Friday,Fri,5,No,No,No,2024,3,8,Yes,229
20240817,2024-08-17,2024,3,8,August,Aug,33,17,Saturday,Sat,6,Yes,No,No,2024,3,8,Yes,230
20240818,2024-08-18,2024,3,8,August,Aug,33,18,Sunday,Sun,7,Yes,No,No,2024,3,8,Yes,231
20240819,2024-08-19,2024,3,8,August,Aug,34,19,Monday,Mon,1,No,No,No,2024,3,8,Yes,232
20240820,2024-08-20,2024,3,8,August,Aug,34,20,Tuesday,Tue,2,No,No,No,2024,3,8,Yes,233
20240821,2024-08-21,2024,3,8,August,Aug,34,21,Wednesday,Wed,3,No,No,No,2024,3,8,Yes,234
20240822,2024-08-22,2024,3,8,August,Aug,34,22,Thursday,Thu,4,No,No,No,2024,3,8,Yes,235
20240823,2024-08-23,2024,3,8,August,Aug,34,23,Friday,Fri,5,No,No,No,2024,3,8,Yes,236
20240824,2024-08-24,2024,3,8,August,Aug,34,24,Saturday,Sat,6,Yes,No,No,2024,3,8,Yes,237
20240825,2024-08-25,2024,3,8,August,Aug,34,25,Sunday,Sun,7,Yes,No,No,2024,3,8,Yes,238
20240826,2024-08-26,2024,3,8,August,Aug,35,26,Monday,Mon,1,No,No,No,2024,3,8,Yes,239
20240827,2024-08-27,2024,3,8,August,Aug,35,27,Tuesday,Tue,2,No,No,No,2024,3,8,Yes,240
20240828,2024-08-28,2024,3,8,August,Aug,35,28,Wednesday,Wed,3,No,No,No,2024,3,8,Yes,241
20240829,2024-08-29,2024,3,8,August,Aug,35,29,Thursday,Thu,4,No,No,No,2024,3,8,Yes,242
20240830,2024-08-30,2024,3,8,August,Aug,35,30,Friday,Fri,5,No,No,No,2024,3,8,Yes,243
20240831,2024-08-31,2024,3,8,August,Aug,35,31,Saturday,Sat,6,Yes,No,Yes,2024,3,8,Yes,244
20240901,2024-09-01,2024,3,9,September,Sep,35,1,Sunday,Sun,7,Yes,Yes,No,2024,3,9,Yes,245
20240902,2024-09-02,2024,3,9,September,Sep,36,2,Monday,Mon,1,No,No,No,2024,3,9,Yes,246
20240903,2024-09-03,2024,3,9,September,Sep,36,3,Tuesday,Tue,2,No,No,No,2024,3,9,Yes,247
20240904,2024-09-04,2024,3,9,September,Sep,36,4,Wednesday,Wed,3,No,No,No,2024,3,9,Yes,248
20240905,2024-09-05,2024,3,9,September,Sep,36,5,Thursday,Thu,4,No,No,No,2024,3,9,Yes,249
20240906,2024-09-06,2024,3,9,September,Sep,36,6,Friday,Fri,5,No,No,No,2024,3,9,Yes,250
20240907,2024-09-07,2024,3,9,September,Sep,36,7,Saturday,Sat,6,Yes,No,No,2024,3,9,Yes,251
20240908,2024-09-08,2024,3,9,September,Sep,36,8,Sunday,Sun,7,Yes,No,No,2024,3,9,Yes,252
20240909,2024-09-09,2024,3,9,September,Sep,37,9,Monday,Mon,1,No,No,No,2024,3,9,Yes,253
20240910,2024-09-10,2024,3,9,September,Sep,37,10,Tuesday,Tue,2,No,No,No,2024,3,9,Yes,254
20240911,2024-09-11,2024,3,9,September,Sep,37,11,Wednesday,Wed,3,No,No,No,2024,3,9,Yes,255
20240912,2024-09-12,2024,3,9,September,Sep,37,12,Thursday,Thu,4,No,No,No,2024,3,9,Yes,256
20240913,2024-09-13,2024,3,9,September,Sep,37,13,Friday,Fri,5,No,No,No,2024,3,9,Yes,257
20240914,2024-09-14,2024,3,9,September,Sep,37,14,Saturday,Sat,6,Yes,No,No,2024,3,9,Yes,258
20240915,2024-09-15,2024,3,9,September,Sep,37,15,Sunday,Sun,7,Yes,No,No,2024,3,9,Yes,259
20240916,2024-09-16,2024,3,9,September,Sep,38,16,Monday,Mon,1,No,No,No,2024,3,9,Yes,260
20240917,2024-09-17,2024,3,9,September,Sep,38,17,Tuesday,Tue,2,No,No,No,2024,3,9,Yes,261
20240918,2024-09-18,2024,3,9,September,Sep,38,18,Wednesday,Wed,3,No,No,No,2024,3,9,Yes,262
20240919,2024-09-19,2024,3,9,September,Sep,38,19,Thursday,Thu,4,No,No,No,2024,3,9,Yes,263
20240920,2024-09-20,2024,3,9,September,Sep,38,20,Friday,Fri,5,No,No,No,2024,3,9,Yes,264
20240921,2024-09-21,2024,3,9,September,Sep,38,21,Saturday,Sat,6,Yes,No,No,2024,3,9,Yes,265
20240922,2024-09-22,2024,3,9,September,Sep,38,22,Sunday,Sun,7,Yes,No,No,2024,3,9,Yes,266
20240923,2024-09-23,2024,3,9,September,Sep,39,23,Monday,Mon,1,No,No,No,2024,3,9,Yes,267
20240924,2024-09-24,2024,3,9,September,Sep,39,24,Tuesday,Tue,2,No,No,No,2024,3,9,Yes,268
20240925,2024-09-25,2024,3,9,September,Sep,39,25,Wednesday,Wed,3,No,No,No,2024,3,9,Yes,269
20240926,2024-09-26,2024,3,9,September,Sep,39,26,Thursday,Thu,4,No,No,No,2024,3,9,Yes,270
20240927,2024-09-27,2024,3,9,September,Sep,39,27,Friday,Fri,5,No,No,No,2024,3,9,Yes,271
20240928,2024-09-28,2024,3,9,September,Sep,39,28,Saturday,Sat,6,Yes,No,No,2024,3,9,Yes,272
20240929,2024-09-29,2024,3,9,September,Sep,39,29,Sunday,Sun,7,Yes,No,No,2024,3,9,Yes,273
20240930,2024-09-30,2024,3,9,September,Sep,40,30,Monday,Mon,1,No,No,Yes,2024,3,9,Yes,274
20241001,2024-10-01,2024,4,10,October,Oct,40,1,Tuesday,Tue,2,No,Yes,No,2024,4,10,Yes,275
20241002,2024-10-02,2024,4,10,October,Oct,40,2,Wednesday,Wed,3,No,No,No,2024,4,10,Yes,276
20241003,2024-10-03,2024,4,10,October,Oct,40,3,Thursday,Thu,4,No,No,No,2024,4,10,Yes,277
20241004,2024-10-04,2024,4,10,October,Oct,40,4,Friday,Fri,5,No,No,No,2024,4,10,Yes,278
20241005,2024-10-05,2024,4,10,October,Oct,40,5,Saturday,Sat,6,Yes,No,No,2024,4,10,Yes,279
20241006,2024-10-06,2024,4,10,October,Oct,40,6,Sunday,Sun,7,Yes,No,No,2024,4,10,Yes,280
20241007,2024-10-07,2024,4,10,October,Oct,41,7,Monday,Mon,1,No,No,No,2024,4,10,Yes,281
20241008,2024-10-08,2024,4,10,October,Oct,41,8,Tuesday,Tue,2,No,No,No,2024,4,10,Yes,282
20241009,2024-10-09,2024,4,10,October,Oct,41,9,Wednesday,Wed,3,No,No,No,2024,4,10,Yes,283
20241010,2024-10-10,2024,4,10,October,Oct,41,10,Thursday,Thu,4,No,No,No,2024,4,10,Yes,284
20241011,2024-10-11,2024,4,10,October,Oct,41,11,Friday,Fri,5,No,No,No,2024,4,10,Yes,285
20241012,2024-10-12,2024,4,10,October,Oct,41,12,Saturday,Sat,6,Yes,No,No,2024,4,10,Yes,286
20241013,2024-10-13,2024,4,10,October,Oct,41,13,Sunday,Sun,7,Yes,No,No,2024,4,10,Yes,287
20241014,2024-10-14,2024,4,10,October,Oct,42,14,Monday,Mon,1,No,No,No,2024,4,10,Yes,288
20241015,2024-10-15,2024,4,10,October,Oct,42,15,Tuesday,Tue,2,No,No,No,2024,4,10,Yes,289
20241016,2024-10-16,2024,4,10,October,Oct,42,16,Wednesday,Wed,3,No,No,No,2024,4,10,Yes,290
20241017,2024-10-17,2024,4,10,October,Oct,42,17,Thursday,Thu,4,No,No,No,2024,4,10,Yes,291
20241018,2024-10-18,2024,4,10,October,Oct,42,18,Friday,Fri,5,No,No,No,2024,4,10,Yes,292
20241019,2024-10-19,2024,4,10,October,Oct,42,19,Saturday,Sat,6,Yes,No,No,2024,4,10,Yes,293
20241020,2024-10-20,2024,4,10,October,Oct,42,20,Sunday,Sun,7,Yes,No,No,2024,4,10,Yes,294
20241021,2024-10-21,2024,4,10,October,Oct,43,21,Monday,Mon,1,No,No,No,2024,4,10,Yes,295
20241022,2024-10-22,2024,4,10,October,Oct,43,22,Tuesday,Tue,2,No,No,No,2024,4,10,Yes,296
20241023,2024-10-23,2024,4,10,October,Oct,43,23,Wednesday,Wed,3,No,No,No,2024,4,10,Yes,297
20241024,2024-10-24,2024,4,10,October,Oct,43,24,Thursday,Thu,4,No,No,No,2024,4,10,Yes,298
20241025,2024-10-25,2024,4,10,October,Oct,43,25,Friday,Fri,5,No,No,No,2024,4,10,Yes,299
20241026,2024-10-26,2024,4,10,October,Oct,43,26,Saturday,Sat,6,Yes,No,No,2024,4,10,Yes,300
20241027,2024-10-27,2024,4,10,October,Oct,43,27,Sunday,Sun,7,Yes,No,No,2024,4,10,Yes,301
20241028,2024-10-28,2024,4,10,October,Oct,44,28,Monday,Mon,1,No,No,No,2024,4,10,Yes,302
20241029,2024-10-29,2024,4,10,October,Oct,44,29,Tuesday,Tue,2,No,No,No,2024,4,10,Yes,303
20241030,2024-10-30,2024,4,10,October,Oct,44,30,Wednesday,Wed,3,No,No,No,2024,4,10,Yes,304
20241031,2024-10-31,2024,4,10,October,Oct,44,31,Thursday,Thu,4,No,No,Yes,2024,4,10,Yes,305
20241101,2024-11-01,2024,4,11,November,Nov,44,1,Friday,Fri,5,No,Yes,No,2024,4,11,Yes,306
20241102,2024-11-02,2024,4,11,November,Nov,44,2,Saturday,Sat,6,Yes,No,No,2024,4,11,Yes,307
20241103,2024-11-03,2024,4,11,November,Nov,44,3,Sunday,Sun,7,Yes,No,No,2024,4,11,Yes,308
20241104,2024-11-04,2024,4,11,November,Nov,45,4,Monday,Mon,1,No,No,No,2024,4,11,Yes,309
20241105,2024-11-05,2024,4,11,November,Nov,45,5,Tuesday,Tue,2,No,No,No,2024,4,11,Yes,310
20241106,2024-11-06,2024,4,11,November,Nov,45,6,Wednesday,Wed,3,No,No,No,2024,4,11,Yes,311
20241107,2024-11-07,2024,4,11,November,Nov,45,7,Thursday,Thu,4,No,No,No,2024,4,11,Yes,312
20241108,2024-11-08,2024,4,11,November,Nov,45,8,Friday,Fri,5,No,No,No,2024,4,11,Yes,313
20241109,2024-11-09,2024,4,11,November,Nov,45,9,Saturday,Sat,6,Yes,No,No,2024,4,11,Yes,314
20241110,2024-11-10,2024,4,11,November,Nov,45,10,Sunday,Sun,7,Yes,No,No,2024,4,11,Yes,315
20241111,2024-11-11,2024,4,11,November,Nov,46,11,Monday,Mon,1,No,No,No,2024,4,11,Yes,316
20241112,2024-11-12,2024,4,11,November,Nov,46,12,Tuesday,Tue,2,No,No,No,2024,4,11,Yes,317
20241113,2024-11-13,2024,4,11,November,Nov,46,13,Wednesday,Wed,3,No,No,No,2024,4,11,Yes,318
20241114,2024-11-14,2024,4,11,November,Nov,46,14,Thursday,Thu,4,No,No,No,2024,4,11,Yes,319
20241115,2024-11-15,2024,4,11,November,Nov,46,15,Friday,Fri,5,No,No,No,2024,4,11,Yes,320
20241116,2024-11-16,2024,4,11,November,Nov,46,16,Saturday,Sat,6,Yes,No,No,2024,4,11,Yes,321
20241117,2024-11-17,2024,4,11,November,Nov,46,17,Sunday,Sun,7,Yes,No,No,2024,4,11,Yes,322
20241118,2024-11-18,2024,4,11,November,Nov,47,18,Monday,Mon,1,No,No,No,2024,4,11,Yes,323
20241119,2024-11-19,2024,4,11,November,Nov,47,19,Tuesday,Tue,2,No,No,No,2024,4,11,Yes,324
20241120,2024-11-20,2024,4,11,November,Nov,47,20,Wednesday,Wed,3,No,No,No,2024,4,11,Yes,325
20241121,2024-11-21,2024,4,11,November,Nov,47,21,Thursday,Thu,4,No,No,No,2024,4,11,Yes,326
20241122,2024-11-22,2024,4,11,November,Nov,47,22,Friday,Fri,5,No,No,No,2024,4,11,Yes,327
20241123,2024-11-23,2024,4,11,November,Nov,47,23,Saturday,Sat,6,Yes,No,No,2024,4,11,Yes,328
20241124,2024-11-24,2024,4,11,November,Nov,47,24,Sunday,Sun,7,Yes,No,No,2024,4,11,Yes,329
20241125,2024-11-25,2024,4,11,November,Nov,48,25,Monday,Mon,1,No,No,No,2024,4,11,Yes,330
20241126,2024-11-26,2024,4,11,November,Nov,48,26,Tuesday,Tue,2,No,No,No,2024,4,11,Yes,331
20241127,2024-11-27,2024,4,11,November,Nov,48,27,Wednesday,Wed,3,No,No,No,2024,4,11,Yes,332
20241128,2024-11-28,2024,4,11,November,Nov,48,28,Thursday,Thu,4,No,No,No,2024,4,11,Yes,333
20241129,2024-11-29,2024,4,11,November,Nov,48,29,Friday,Fri,5,No,No,No,2024,4,11,Yes,334
20241130,2024-11-30,2024,4,11,November,Nov,48,30,Saturday,Sat,6,Yes,No,Yes,2024,4,11,Yes,335
20241201,2024-12-01,2024,4,12,December,Dec,48,1,Sunday,Sun,7,Yes,Yes,No,2024,4,12,Yes,336
20241202,2024-12-02,2024,4,12,December,Dec,49,2,Monday,Mon,1,No,No,No,2024,4,12,Yes,337
20241203,2024-12-03,2024,4,12,December,Dec,49,3,Tuesday,Tue,2,No,No,No,2024,4,12,Yes,338
20241204,2024-12-04,2024,4,12,December,Dec,49,4,Wednesday,Wed,3,No,No,No,2024,4,12,Yes,339
20241205,2024-12-05,2024,4,12,December,Dec,49,5,Thursday,Thu,4,No,No,No,2024,4,12,Yes,340
20241206,2024-12-06,2024,4,12,December,Dec,49,6,Friday,Fri,5,No,No,No,2024,4,12,Yes,341
20241207,2024-12-07,2024,4,12,December,Dec,49,7,Saturday,Sat,6,Yes,No,No,2024,4,12,Yes,342
20241208,2024-12-08,2024,4,12,December,Dec,49,8,Sunday,Sun,7,Yes,No,No,2024,4,12,Yes,343
20241209,2024-12-09,2024,4,12,December,Dec,50,9,Monday,Mon,1,No,No,No,2024,4,12,Yes,344
20241210,2024-12-10,2024,4,12,December,Dec,50,10,Tuesday,Tue,2,No,No,No,2024,4,12,Yes,345
20241211,2024-12-11,2024,4,12,December,Dec,50,11,Wednesday,Wed,3,No,No,No,2024,4,12,Yes,346
20241212,2024-12-12,2024,4,12,December,Dec,50,12,Thursday,Thu,4,No,No,No,2024,4,12,Yes,347
20241213,2024-12-13,2024,4,12,December,Dec,50,13,Friday,Fri,5,No,No,No,2024,4,12,Yes,348
20241214,2024-12-14,2024,4,12,December,Dec,50,14,Saturday,Sat,6,Yes,No,No,2024,4,12,Yes,349
20241215,2024-12-15,2024,4,12,December,Dec,50,15,Sunday,Sun,7,Yes,No,No,2024,4,12,Yes,350
20241216,2024-12-16,2024,4,12,December,Dec,51,16,Monday,Mon,1,No,No,No,2024,4,12,Yes,351
20241217,2024-12-17,2024,4,12,December,Dec,51,17,Tuesday,Tue,2,No,No,No,2024,4,12,Yes,352
20241218,2024-12-18,2024,4,12,December,Dec,51,18,Wednesday,Wed,3,No,No,No,2024,4,12,Yes,353
20241219,2024-12-19,2024,4,12,December,Dec,51,19,Thursday,Thu,4,No,No,No,2024,4,12,Yes,354
20241220,2024-12-20,2024,4,12,December,Dec,51,20,Friday,Fri,5,No,No,No,2024,4,12,Yes,355
20241221,2024-12-21,2024,4,12,December,Dec,51,21,Saturday,Sat,6,Yes,No,No,2024,4,12,Yes,356
20241222,2024-12-22,2024,4,12,December,Dec,51,22,Sunday,Sun,7,Yes,No,No,2024,4,12,Yes,357
20241223,2024-12-23,2024,4,12,December,Dec,52,23,Monday,Mon,1,No,No,No,2024,4,12,Yes,358
20241224,2024-12-24,2024,4,12,December,Dec,52,24,Tuesday,Tue,2,No,No,No,2024,4,12,Yes,359
20241225,2024-12-25,2024,4,12,December,Dec,52,25,Wednesday,Wed,3,No,No,No,2024,4,12,Yes,360
20241226,2024-12-26,2024,4,12,December,Dec,52,26,Thursday,Thu,4,No,No,No,2024,4,12,Yes,361
20241227,2024-12-27,2024,4,12,December,Dec,52,27,Friday,Fri,5,No,No,No,2024,4,12,Yes,362
20241228,2024-12-28,2024,4,12,December,Dec,52,28,Saturday,Sat,6,Yes,No,No,2024,4,12,Yes,363
20241229,2024-12-29,2024,4,12,December,Dec,52,29,Sunday,Sun,7,Yes,No,No,2024,4,12,Yes,364
20241230,2024-12-30,2024,4,12,December,Dec,1,30,Monday,Mon,1,No,No,No,2024,4,12,Yes,365
20241231,2024-12-31,2024,4,12,December,Dec,1,31,Tuesday,Tue,2,No,No,Yes,2024,4,12,Yes,366
20250101,2025-01-01,2025,1,1,January,Jan,1,1,Wednesday,Wed,3,No,Yes,No,2025,1,1,No,1
20250102,2025-01-02,2025,1,1,January,Jan,1,2,Thursday,Thu,4,No,No,No,2025,1,1,No,2
20250103,2025-01-03,2025,1,1,January,Jan,1,3,Friday,Fri,5,No,No,No,2025,1,1,No,3
20250104,2025-01-04,2025,1,1,January,Jan,1,4,Saturday,Sat,6,Yes,No,No,2025,1,1,No,4
20250105,2025-01-05,2025,1,1,January,Jan,1,5,Sunday,Sun,7,Yes,No,No,2025,1,1,No,5
20250106,2025-01-06,2025,1,1,January,Jan,2,6,Monday,Mon,1,No,No,No,2025,1,1,No,6
20250107,2025-01-07,2025,1,1,January,Jan,2,7,Tuesday,Tue,2,No,No,No,2025,1,1,No,7
20250108,2025-01-08,2025,1,1,January,Jan,2,8,Wednesday,Wed,3,No,No,No,2025,1,1,No,8
20250109,2025-01-09,2025,1,1,January,Jan,2,9,Thursday,Thu,4,No,No,No,2025,1,1,No,9
20250110,2025-01-10,2025,1,1,January,Jan,2,10,Friday,Fri,5,No,No,No,2025,1,1,No,10
20250111,2025-01-11,2025,1,1,January,Jan,2,11,Saturday,Sat,6,Yes,No,No,2025,1,1,No,11
20250112,2025-01-12,2025,1,1,January,Jan,2,12,Sunday,Sun,7,Yes,No,No,2025,1,1,No,12
20250113,2025-01-13,2025,1,1,January,Jan,3,13,Monday,Mon,1,No,No,No,2025,1,1,No,13
20250114,2025-01-14,2025,1,1,January,Jan,3,14,Tuesday,Tue,2,No,No,No,2025,1,1,No,14
20250115,2025-01-15,2025,1,1,January,Jan,3,15,Wednesday,Wed,3,No,No,No,2025,1,1,No,15
20250116,2025-01-16,2025,1,1,January,Jan,3,16,Thursday,Thu,4,No,No,No,2025,1,1,No,16
20250117,2025-01-17,2025,1,1,January,Jan,3,17,Friday,Fri,5,No,No,No,2025,1,1,No,17
20250118,2025-01-18,2025,1,1,January,Jan,3,18,Saturday,Sat,6,Yes,No,No,2025,1,1,No,18
20250119,2025-01-19,2025,1,1,January,Jan,3,19,Sunday,Sun,7,Yes,No,No,2025,1,1,No,19
20250120,2025-01-20,2025,1,1,January,Jan,4,20,Monday,Mon,1,No,No,No,2025,1,1,No,20
20250121,2025-01-21,2025,1,1,January,Jan,4,21,Tuesday,Tue,2,No,No,No,2025,1,1,No,21
20250122,2025-01-22,2025,1,1,January,Jan,4,22,Wednesday,Wed,3,No,No,No,2025,1,1,No,22
20250123,2025-01-23,2025,1,1,January,Jan,4,23,Thursday,Thu,4,No,No,No,2025,1,1,No,23
20250124,2025-01-24,2025,1,1,January,Jan,4,24,Friday,Fri,5,No,No,No,2025,1,1,No,24
20250125,2025-01-25,2025,1,1,January,Jan,4,25,Saturday,Sat,6,Yes,No,No,2025,1,1,No,25
20250126,2025-01-26,2025,1,1,January,Jan,4,26,Sunday,Sun,7,Yes,No,No,2025,1,1,No,26
20250127,2025-01-27,2025,1,1,January,Jan,5,27,Monday,Mon,1,No,No,No,2025,1,1,No,27
20250128,2025-01-28,2025,1,1,January,Jan,5,28,Tuesday,Tue,2,No,No,No,2025,1,1,No,28
20250129,2025-01-29,2025,1,1,January,Jan,5,29,Wednesday,Wed,3,No,No,No,2025,1,1,No,29
20250130,2025-01-30,2025,1,1,January,Jan,5,30,Thursday,Thu,4,No,No,No,2025,1,1,No,30
20250131,2025-01-31,2025,1,1,January,Jan,5,31,Friday,Fri,5,No,No,Yes,2025,1,1,No,31
20250201,2025-02-01,2025,1,2,February,Feb,5,1,Saturday,Sat,6,Yes,Yes,No,2025,1,2,No,32
20250202,2025-02-02,2025,1,2,February,Feb,5,2,Sunday,Sun,7,Yes,No,No,2025,1,2,No,33
20250203,2025-02-03,2025,1,2,February,Feb,6,3,Monday,Mon,1,No,No,No,2025,1,2,No,34
20250204,2025-02-04,2025,1,2,February,Feb,6,4,Tuesday,Tue,2,No,No,No,2025,1,2,No,35
20250205,2025-02-05,2025,1,2,February,Feb,6,5,Wednesday,Wed,3,No,No,No,2025,1,2,No,36
20250206,2025-02-06,2025,1,2,February,Feb,6,6,Thursday,Thu,4,No,No,No,2025,1,2,No,37
20250207,2025-02-07,2025,1,2,February,Feb,6,7,Friday,Fri,5,No,No,No,2025,1,2,No,38
20250208,2025-02-08,2025,1,2,February,Feb,6,8,Saturday,Sat,6,Yes,No,No,2025,1,2,No,39
20250209,2025-02-09,2025,1,2,February,Feb,6,9,Sunday,Sun,7,Yes,No,No,2025,1,2,No,40
20250210,2025-02-10,2025,1,2,February,Feb,7,10,Monday,Mon,1,No,No,No,2025,1,2,No,41
20250211,2025-02-11,2025,1,2,February,Feb,7,11,Tuesday,Tue,2,No,No,No,2025,1,2,No,42
20250212,2025-02-12,2025,1,2,February,Feb,7,12,Wednesday,Wed,3,No,No,No,2025,1,2,No,43
20250213,2025-02-13,2025,1,2,February,Feb,7,13,Thursday,Thu,4,No,No,No,2025,1,2,No,44
20250214,2025-02-14,2025,1,2,February,Feb,7,14,Friday,Fri,5,No,No,No,2025,1,2,No,45
20250215,2025-02-15,2025,1,2,February,Feb,7,15,Saturday,Sat,6,Yes,No,No,2025,1,2,No,46
20250216,2025-02-16,2025,1,2,February,Feb,7,16,Sunday,Sun,7,Yes,No,No,2025,1,2,No,47
20250217,2025-02-17,2025,1,2,February,Feb,8,17,Monday,Mon,1,No,No,No,2025,1,2,No,48
20250218,2025-02-18,2025,1,2,February,Feb,8,18,Tuesday,Tue,2,No,No,No,2025,1,2,No,49
20250219,2025-02-19,2025,1,2,February,Feb,8,19,Wednesday,Wed,3,No,No,No,2025,1,2,No,50
20250220,2025-02-20,2025,1,2,February,Feb,8,20,Thursday,Thu,4,No,No,No,2025,1,2,No,51
20250221,2025-02-21,2025,1,2,February,Feb,8,21,Friday,Fri,5,No,No,No,2025,1,2,No,52
20250222,2025-02-22,2025,1,2,February,Feb,8,22,Saturday,Sat,6,Yes,No,No,2025,1,2,No,53
20250223,2025-02-23,2025,1,2,February,Feb,8,23,Sunday,Sun,7,Yes,No,No,2025,1,2,No,54
20250224,2025-02-24,2025,1,2,February,Feb,9,24,Monday,Mon,1,No,No,No,2025,1,2,No,55
20250225,2025-02-25,2025,1,2,February,Feb,9,25,Tuesday,Tue,2,No,No,No,2025,1,2,No,56
20250226,2025-02-26,2025,1,2,February,Feb,9,26,Wednesday,Wed,3,No,No,No,2025,1,2,No,57
20250227,2025-02-27,2025,1,2,February,Feb,9,27,Thursday,Thu,4,No,No,No,2025,1,2,No,58
20250228,2025-02-28,2025,1,2,February,Feb,9,28,Friday,Fri,5,No,No,Yes,2025,1,2,No,59
20250301,2025-03-01,2025,1,3,March,Mar,9,1,Saturday,Sat,6,Yes,Yes,No,2025,1,3,No,60
20250302,2025-03-02,2025,1,3,March,Mar,9,2,Sunday,Sun,7,Yes,No,No,2025,1,3,No,61
20250303,2025-03-03,2025,1,3,March,Mar,10,3,Monday,Mon,1,No,No,No,2025,1,3,No,62
20250304,2025-03-04,2025,1,3,March,Mar,10,4,Tuesday,Tue,2,No,No,No,2025,1,3,No,63
20250305,2025-03-05,2025,1,3,March,Mar,10,5,Wednesday,Wed,3,No,No,No,2025,1,3,No,64
20250306,2025-03-06,2025,1,3,March,Mar,10,6,Thursday,Thu,4,No,No,No,2025,1,3,No,65
20250307,2025-03-07,2025,1,3,March,Mar,10,7,Friday,Fri,5,No,No,No,2025,1,3,No,66
20250308,2025-03-08,2025,1,3,March,Mar,10,8,Saturday,Sat,6,Yes,No,No,2025,1,3,No,67
20250309,2025-03-09,2025,1,3,March,Mar,10,9,Sunday,Sun,7,Yes,No,No,2025,1,3,No,68
20250310,2025-03-10,2025,1,3,March,Mar,11,10,Monday,Mon,1,No,No,No,2025,1,3,No,69
20250311,2025-03-11,2025,1,3,March,Mar,11,11,Tuesday,Tue,2,No,No,No,2025,1,3,No,70
20250312,2025-03-12,2025,1,3,March,Mar,11,12,Wednesday,Wed,3,No,No,No,2025,1,3,No,71
20250313,2025-03-13,2025,1,3,March,Mar,11,13,Thursday,Thu,4,No,No,No,2025,1,3,No,72
20250314,2025-03-14,2025,1,3,March,Mar,11,14,Friday,Fri,5,No,No,No,2025,1,3,No,73
20250315,2025-03-15,2025,1,3,March,Mar,11,15,Saturday,Sat,6,Yes,No,No,2025,1,3,No,74
20250316,2025-03-16,2025,1,3,March,Mar,11,16,Sunday,Sun,7,Yes,No,No,2025,1,3,No,75
20250317,2025-03-17,2025,1,3,March,Mar,12,17,Monday,Mon,1,No,No,No,2025,1,3,No,76
20250318,2025-03-18,2025,1,3,March,Mar,12,18,Tuesday,Tue,2,No,No,No,2025,1,3,No,77
20250319,2025-03-19,2025,1,3,March,Mar,12,19,Wednesday,Wed,3,No,No,No,2025,1,3,No,78
20250320,2025-03-20,2025,1,3,March,Mar,12,20,Thursday,Thu,4,No,No,No,2025,1,3,No,79
20250321,2025-03-21,2025,1,3,March,Mar,12,21,Friday,Fri,5,No,No,No,2025,1,3,No,80
20250322,2025-03-22,2025,1,3,March,Mar,12,22,Saturday,Sat,6,Yes,No,No,2025,1,3,No,81
20250323,2025-03-23,2025,1,3,March,Mar,12,23,Sunday,Sun,7,Yes,No,No,2025,1,3,No,82
20250324,2025-03-24,2025,1,3,March,Mar,13,24,Monday,Mon,1,No,No,No,2025,1,3,No,83
20250325,2025-03-25,2025,1,3,March,Mar,13,25,Tuesday,Tue,2,No,No,No,2025,1,3,No,84
20250326,2025-03-26,2025,1,3,March,Mar,13,26,Wednesday,Wed,3,No,No,No,2025,1,3,No,85
20250327,2025-03-27,2025,1,3,March,Mar,13,27,Thursday,Thu,4,No,No,No,2025,1,3,No,86
20250328,2025-03-28,2025,1,3,March,Mar,13,28,Friday,Fri,5,No,No,No,2025,1,3,No,87
20250329,2025-03-29,2025,1,3,March,Mar,13,29,Saturday,Sat,6,Yes,No,No,2025,1,3,No,88
20250330,2025-03-30,2025,1,3,March,Mar,13,30,Sunday,Sun,7,Yes,No,No,2025,1,3,No,89
20250331,2025-03-31,2025,1,3,March,Mar,14,31,Monday,Mon,1,No,No,Yes,2025,1,3,No,90
20250401,2025-04-01,2025,2,4,April,Apr,14,1,Tuesday,Tue,2,No,Yes,No,2025,2,4,No,91
20250402,2025-04-02,2025,2,4,April,Apr,14,2,Wednesday,Wed,3,No,No,No,2025,2,4,No,92
20250403,2025-04-03,2025,2,4,April,Apr,14,3,Thursday,Thu,4,No,No,No,2025,2,4,No,93
20250404,2025-04-04,2025,2,4,April,Apr,14,4,Friday,Fri,5,No,No,No,2025,2,4,No,94
20250405,2025-04-05,2025,2,4,April,Apr,14,5,Saturday,Sat,6,Yes,No,No,2025,2,4,No,95
20250406,2025-04-06,2025,2,4,April,Apr,14,6,Sunday,Sun,7,Yes,No,No,2025,2,4,No,96
20250407,2025-04-07,2025,2,4,April,Apr,15,7,Monday,Mon,1,No,No,No,2025,2,4,No,97
20250408,2025-04-08,2025,2,4,April,Apr,15,8,Tuesday,Tue,2,No,No,No,2025,2,4,No,98
20250409,2025-04-09,2025,2,4,April,Apr,15,9,Wednesday,Wed,3,No,No,No,2025,2,4,No,99
20250410,2025-04-10,2025,2,4,April,Apr,15,10,Thursday,Thu,4,No,No,No,2025,2,4,No,100
20250411,2025-04-11,2025,2,4,April,Apr,15,11,Friday,Fri,5,No,No,No,2025,2,4,No,101
20250412,2025-04-12,2025,2,4,April,Apr,15,12,Saturday,Sat,6,Yes,No,No,2025,2,4,No,102
20250413,2025-04-13,2025,2,4,April,Apr,15,13,Sunday,Sun,7,Yes,No,No,2025,2,4,No,103
20250414,2025-04-14,2025,2,4,April,Apr,16,14,Monday,Mon,1,No,No,No,2025,2,4,No,104
20250415,2025-04-15,2025,2,4,April,Apr,16,15,Tuesday,Tue,2,No,No,No,2025,2,4,No,105
20250416,2025-04-16,2025,2,4,April,Apr,16,16,Wednesday,Wed,3,No,No,No,2025,2,4,No,106
20250417,2025-04-17,2025,2,4,April,Apr,16,17,Thursday,Thu,4,No,No,No,2025,2,4,No,107
20250418,2025-04-18,2025,2,4,April,Apr,16,18,Friday,Fri,5,No,No,No,2025,2,4,No,108
20250419,2025-04-19,2025,2,4,April,Apr,16,19,Saturday,Sat,6,Yes,No,No,2025,2,4,No,109
20250420,2025-04-20,2025,2,4,April,Apr,16,20,Sunday,Sun,7,Yes,No,No,2025,2,4,No,110
20250421,2025-04-21,2025,2,4,April,Apr,17,21,Monday,Mon,1,No,No,No,2025,2,4,No,111
20250422,2025-04-22,2025,2,4,April,Apr,17,22,Tuesday,Tue,2,No,No,No,2025,2,4,No,112
20250423,2025-04-23,2025,2,4,April,Apr,17,23,Wednesday,Wed,3,No,No,No,2025,2,4,No,113
20250424,2025-04-24,2025,2,4,April,Apr,17,24,Thursday,Thu,4,No,No,No,2025,2,4,No,114
20250425,2025-04-25,2025,2,4,April,Apr,17,25,Friday,Fri,5,No,No,No,2025,2,4,No,115
20250426,2025-04-26,2025,2,4,April,Apr,17,26,Saturday,Sat,6,Yes,No,No,2025,2,4,No,116
20250427,2025-04-27,2025,2,4,April,Apr,17,27,Sunday,Sun,7,Yes,No,No,2025,2,4,No,117
20250428,2025-04-28,2025,2,4,April,Apr,18,28,Monday,Mon,1,No,No,No,2025,2,4,No,118
20250429,2025-04-29,2025,2,4,April,Apr,18,29,Tuesday,Tue,2,No,No,No,2025,2,4,No,119
20250430,2025-04-30,2025,2,4,April,Apr,18,30,Wednesday,Wed,3,No,No,Yes,2025,2,4,No,120
20250501,2025-05-01,2025,2,5,May,May,18,1,Thursday,Thu,4,No,Yes,No,2025,2,5,No,121
20250502,2025-05-02,2025,2,5,May,May,18,2,Friday,Fri,5,No,No,No,2025,2,5,No,122
20250503,2025-05-03,2025,2,5,May,May,18,3,Saturday,Sat,6,Yes,No,No,2025,2,5,No,123
20250504,2025-05-04,2025,2,5,May,May,18,4,Sunday,Sun,7,Yes,No,No,2025,2,5,No,124
20250505,2025-05-05,2025,2,5,May,May,19,5,Monday,Mon,1,No,No,No,2025,2,5,No,125
20250506,2025-05-06,2025,2,5,May,May,19,6,Tuesday,Tue,2,No,No,No,2025,2,5,No,126
20250507,2025-05-07,2025,2,5,May,May,19,7,Wednesday,Wed,3,No,No,No,2025,2,5,No,127
20250508,2025-05-08,2025,2,5,May,May,19,8,Thursday,Thu,4,No,No,No,2025,2,5,No,128
20250509,2025-05-09,2025,2,5,May,May,19,9,Friday,Fri,5,No,No,No,2025,2,5,No,129
20250510,2025-05-10,2025,2,5,May,May,19,10,Saturday,Sat,6,Yes,No,No,2025,2,5,No,130
20250511,2025-05-11,2025,2,5,May,May,19,11,Sunday,Sun,7,Yes,No,No,2025,2,5,No,131
20250512,2025-05-12,2025,2,5,May,May,20,12,Monday,Mon,1,No,No,No,2025,2,5,No,132
20250513,2025-05-13,2025,2,5,May,May,20,13,Tuesday,Tue,2,No,No,No,2025,2,5,No,133
20250514,2025-05-14,2025,2,5,May,May,20,14,Wednesday,Wed,3,No,No,No,2025,2,5,No,134
20250515,2025-05-15,2025,2,5,May,May,20,15,Thursday,Thu,4,No,No,No,2025,2,5,No,135
20250516,2025-05-16,2025,2,5,May,May,20,16,Friday,Fri,5,No,No,No,2025,2,5,No,136
20250517,2025-05-17,2025,2,5,May,May,20,17,Saturday,Sat,6,Yes,No,No,2025,2,5,No,137
20250518,2025-05-18,2025,2,5,May,May,20,18,Sunday,Sun,7,Yes,No,No,2025,2,5,No,138
20250519,2025-05-19,2025,2,5,May,May,21,19,Monday,Mon,1,No,No,No,2025,2,5,No,139
20250520,2025-05-20,2025,2,5,May,May,21,20,Tuesday,Tue,2,No,No,No,2025,2,5,No,140
20250521,2025-05-21,2025,2,5,May,May,21,21,Wednesday,Wed,3,No,No,No,2025,2,5,No,141
20250522,2025-05-22,2025,2,5,May,May,21,22,Thursday,Thu,4,No,No,No,2025,2,5,No,142
20250523,2025-05-23,2025,2,5,May,May,21,23,Friday,Fri,5,No,No,No,2025,2,5,No,143
20250524,2025-05-24,2025,2,5,May,May,21,24,Saturday,Sat,6,Yes,No,No,2025,2,5,No,144
20250525,2025-05-25,2025,2,5,May,May,21,25,Sunday,Sun,7,Yes,No,No,2025,2,5,No,145
20250526,2025-05-26,2025,2,5,May,May,22,26,Monday,Mon,1,No,No,No,2025,2,5,No,146
20250527,2025-05-27,2025,2,5,May,May,22,27,Tuesday,Tue,2,No,No,No,2025,2,5,No,147
20250528,2025-05-28,2025,2,5,May,May,22,28,Wednesday,Wed,3,No,No,No,2025,2,5,No,148
20250529,2025-05-29,2025,2,5,May,May,22,29,Thursday,Thu,4,No,No,No,2025,2,5,No,149
20250530,2025-05-30,2025,2,5,May,May,22,30,Friday,Fri,5,No,No,No,2025,2,5,No,150
20250531,2025-05-31,2025,2,5,May,May,22,31,Saturday,Sat,6,Yes,No,Yes,2025,2,5,No,151
20250601,2025-06-01,2025,2,6,June,Jun,22,1,Sunday,Sun,7,Yes,Yes,No,2025,2,6,No,152
20250602,2025-06-02,2025,2,6,June,Jun,23,2,Monday,Mon,1,No,No,No,2025,2,6,No,153
20250603,2025-06-03,2025,2,6,June,Jun,23,3,Tuesday,Tue,2,No,No,No,2025,2,6,No,154
20250604,2025-06-04,2025,2,6,June,Jun,23,4,Wednesday,Wed,3,No,No,No,2025,2,6,No,155
20250605,2025-06-05,2025,2,6,June,Jun,23,5,Thursday,Thu,4,No,No,No,2025,2,6,No,156
20250606,2025-06-06,2025,2,6,June,Jun,23,6,Friday,Fri,5,No,No,No,2025,2,6,No,157
20250607,2025-06-07,2025,2,6,June,Jun,23,7,Saturday,Sat,6,Yes,No,No,2025,2,6,No,158
20250608,2025-06-08,2025,2,6,June,Jun,23,8,Sunday,Sun,7,Yes,No,No,2025,2,6,No,159
20250609,2025-06-09,2025,2,6,June,Jun,24,9,Monday,Mon,1,No,No,No,2025,2,6,No,160
20250610,2025-06-10,2025,2,6,June,Jun,24,10,Tuesday,Tue,2,No,No,No,2025,2,6,No,161
20250611,2025-06-11,2025,2,6,June,Jun,24,11,Wednesday,Wed,3,No,No,No,2025,2,6,No,162
20250612,2025-06-12,2025,2,6,June,Jun,24,12,Thursday,Thu,4,No,No,No,2025,2,6,No,163
20250613,2025-06-13,2025,2,6,June,Jun,24,13,Friday,Fri,5,No,No,No,2025,2,6,No,164
20250614,2025-06-14,2025,2,6,June,Jun,24,14,Saturday,Sat,6,Yes,No,No,2025,2,6,No,165
20250615,2025-06-15,2025,2,6,June,Jun,24,15,Sunday,Sun,7,Yes,No,No,2025,2,6,No,166
20250616,2025-06-16,2025,2,6,June,Jun,25,16,Monday,Mon,1,No,No,No,2025,2,6,No,167
20250617,2025-06-17,2025,2,6,June,Jun,25,17,Tuesday,Tue,2,No,No,No,2025,2,6,No,168
20250618,2025-06-18,2025,2,6,June,Jun,25,18,Wednesday,Wed,3,No,No,No,2025,2,6,No,169
20250619,2025-06-19,2025,2,6,June,Jun,25,19,Thursday,Thu,4,No,No,No,2025,2,6,No,170
20250620,2025-06-20,2025,2,6,June,Jun,25,20,Friday,Fri,5,No,No,No,2025,2,6,No,171
20250621,2025-06-21,2025,2,6,June,Jun,25,21,Saturday,Sat,6,Yes,No,No,2025,2,6,No,172
20250622,2025-06-22,2025,2,6,June,Jun,25,22,Sunday,Sun,7,Yes,No,No,2025,2,6,No,173
20250623,2025-06-23,2025,2,6,June,Jun,26,23,Monday,Mon,1,No,No,No,2025,2,6,No,174
20250624,2025-06-24,2025,2,6,June,Jun,26,24,Tuesday,Tue,2,No,No,No,2025,2,6,No,175
20250625,2025-06-25,2025,2,6,June,Jun,26,25,Wednesday,Wed,3,No,No,No,2025,2,6,No,176
20250626,2025-06-26,2025,2,6,June,Jun,26,26,Thursday,Thu,4,No,No,No,2025,2,6,No,177
20250627,2025-06-27,2025,2,6,June,Jun,26,27,Friday,Fri,5,No,No,No,2025,2,6,No,178
20250628,2025-06-28,2025,2,6,June,Jun,26,28,Saturday,Sat,6,Yes,No,No,2025,2,6,No,179
20250629,2025-06-29,2025,2,6,June,Jun,26,29,Sunday,Sun,7,Yes,No,No,2025,2,6,No,180
20250630,2025-06-30,2025,2,6,June,Jun,27,30,Monday,Mon,1,No,No,Yes,2025,2,6,No,181
20250701,2025-07-01,2025,3,7,July,Jul,27,1,Tuesday,Tue,2,No,Yes,No,2025,3,7,No,182
20250702,2025-07-02,2025,3,7,July,Jul,27,2,Wednesday,Wed,3,No,No,No,2025,3,7,No,183
20250703,2025-07-03,2025,3,7,July,Jul,27,3,Thursday,Thu,4,No,No,No,2025,3,7,No,184
20250704,2025-07-04,2025,3,7,July,Jul,27,4,Friday,Fri,5,No,No,No,2025,3,7,No,185
20250705,2025-07-05,2025,3,7,July,Jul,27,5,Saturday,Sat,6,Yes,No,No,2025,3,7,No,186
20250706,2025-07-06,2025,3,7,July,Jul,27,6,Sunday,Sun,7,Yes,No,No,2025,3,7,No,187
20250707,2025-07-07,2025,3,7,July,Jul,28,7,Monday,Mon,1,No,No,No,2025,3,7,No,188
20250708,2025-07-08,2025,3,7,July,Jul,28,8,Tuesday,Tue,2,No,No,No,2025,3,7,No,189
20250709,2025-07-09,2025,3,7,July,Jul,28,9,Wednesday,Wed,3,No,No,No,2025,3,7,No,190
20250710,2025-07-10,2025,3,7,July,Jul,28,10,Thursday,Thu,4,No,No,No,2025,3,7,No,191
20250711,2025-07-11,2025,3,7,July,Jul,28,11,Friday,Fri,5,No,No,No,2025,3,7,No,192
20250712,2025-07-12,2025,3,7,July,Jul,28,12,Saturday,Sat,6,Yes,No,No,2025,3,7,No,193
20250713,2025-07-13,2025,3,7,July,Jul,28,13,Sunday,Sun,7,Yes,No,No,2025,3,7,No,194
20250714,2025-07-14,2025,3,7,July,Jul,29,14,Monday,Mon,1,No,No,No,2025,3,7,No,195
20250715,2025-07-15,2025,3,7,July,Jul,29,15,Tuesday,Tue,2,No,No,No,2025,3,7,No,196
20250716,2025-07-16,2025,3,7,July,Jul,29,16,Wednesday,Wed,3,No,No,No,2025,3,7,No,197
20250717,2025-07-17,2025,3,7,July,Jul,29,17,Thursday,Thu,4,No,No,No,2025,3,7,No,198
20250718,2025-07-18,2025,3,7,July,Jul,29,18,Friday,Fri,5,No,No,No,2025,3,7,No,199
20250719,2025-07-19,2025,3,7,July,Jul,29,19,Saturday,Sat,6,Yes,No,No,2025,3,7,No,200
20250720,2025-07-20,2025,3,7,July,Jul,29,20,Sunday,Sun,7,Yes,No,No,2025,3,7,No,201
20250721,2025-07-21,2025,3,7,July,Jul,30,21,Monday,Mon,1,No,No,No,2025,3,7,No,202
20250722,2025-07-22,2025,3,7,July,Jul,30,22,Tuesday,Tue,2,No,No,No,2025,3,7,No,203
20250723,2025-07-23,2025,3,7,July,Jul,30,23,Wednesday,Wed,3,No,No,No,2025,3,7,No,204
20250724,2025-07-24,2025,3,7,July,Jul,30,24,Thursday,Thu,4,No,No,No,2025,3,7,No,205
20250725,2025-07-25,2025,3,7,July,Jul,30,25,Friday,Fri,5,No,No,No,2025,3,7,No,206
20250726,2025-07-26,2025,3,7,July,Jul,30,26,Saturday,Sat,6,Yes,No,No,2025,3,7,No,207
20250727,2025-07-27,2025,3,7,July,Jul,30,27,Sunday,Sun,7,Yes,No,No,2025,3,7,No,208
20250728,2025-07-28,2025,3,7,July,Jul,31,28,Monday,Mon,1,No,No,No,2025,3,7,No,209
20250729,2025-07-29,2025,3,7,July,Jul,31,29,Tuesday,Tue,2,No,No,No,2025,3,7,No,210
20250730,2025-07-30,2025,3,7,July,Jul,31,30,Wednesday,Wed,3,No,No,No,2025,3,7,No,211
20250731,2025-07-31,2025,3,7,July,Jul,31,31,Thursday,Thu,4,No,No,Yes,2025,3,7,No,212
20250801,2025-08-01,2025,3,8,August,Aug,31,1,Friday,Fri,5,No,Yes,No,2025,3,8,No,213
20250802,2025-08-02,2025,3,8,August,Aug,31,2,Saturday,Sat,6,Yes,No,No,2025,3,8,No,214
20250803,2025-08-03,2025,3,8,August,Aug,31,3,Sunday,Sun,7,Yes,No,No,2025,3,8,No,215
20250804,2025-08-04,2025,3,8,August,Aug,32,4,Monday,Mon,1,No,No,No,2025,3,8,No,216
20250805,2025-08-05,2025,3,8,August,Aug,32,5,Tuesday,Tue,2,No,No,No,2025,3,8,No,217
20250806,2025-08-06,2025,3,8,August,Aug,32,6,Wednesday,Wed,3,No,No,No,2025,3,8,No,218
20250807,2025-08-07,2025,3,8,August,Aug,32,7,Thursday,Thu,4,No,No,No,2025,3,8,No,219
20250808,2025-08-08,2025,3,8,August,Aug,32,8,Friday,Fri,5,No,No,No,2025,3,8,No,220
20250809,2025-08-09,2025,3,8,August,Aug,32,9,Saturday,Sat,6,Yes,No,No,2025,3,8,No,221
20250810,2025-08-10,2025,3,8,August,Aug,32,10,Sunday,Sun,7,Yes,No,No,2025,3,8,No,222
20250811,2025-08-11,2025,3,8,August,Aug,33,11,Monday,Mon,1,No,No,No,2025,3,8,No,223
20250812,2025-08-12,2025,3,8,August,Aug,33,12,Tuesday,Tue,2,No,No,No,2025,3,8,No,224
20250813,2025-08-13,2025,3,8,August,Aug,33,13,Wednesday,Wed,3,No,No,No,2025,3,8,No,225
20250814,2025-08-14,2025,3,8,August,Aug,33,14,Thursday,Thu,4,No,No,No,2025,3,8,No,226
20250815,2025-08-15,2025,3,8,August,Aug,33,15,Friday,Fri,5,No,No,No,2025,3,8,No,227
20250816,2025-08-16,2025,3,8,August,Aug,33,16,Saturday,Sat,6,Yes,No,No,2025,3,8,No,228
20250817,2025-08-17,2025,3,8,August,Aug,33,17,Sunday,Sun,7,Yes,No,No,2025,3,8,No,229
20250818,2025-08-18,2025,3,8,August,Aug,34,18,Monday,Mon,1,No,No,No,2025,3,8,No,230
20250819,2025-08-19,2025,3,8,August,Aug,34,19,Tuesday,Tue,2,No,No,No,2025,3,8,No,231
20250820,2025-08-20,2025,3,8,August,Aug,34,20,Wednesday,Wed,3,No,No,No,2025,3,8,No,232
20250821,2025-08-21,2025,3,8,August,Aug,34,21,Thursday,Thu,4,No,No,No,2025,3,8,No,233
20250822,2025-08-22,2025,3,8,August,Aug,34,22,Friday,Fri,5,No,No,No,2025,3,8,No,234
20250823,2025-08-23,2025,3,8,August,Aug,34,23,Saturday,Sat,6,Yes,No,No,2025,3,8,No,235
20250824,2025-08-24,2025,3,8,August,Aug,34,24,Sunday,Sun,7,Yes,No,No,2025,3,8,No,236
20250825,2025-08-25,2025,3,8,August,Aug,35,25,Monday,Mon,1,No,No,No,2025,3,8,No,237
20250826,2025-08-26,2025,3,8,August,Aug,35,26,Tuesday,Tue,2,No,No,No,2025,3,8,No,238
20250827,2025-08-27,2025,3,8,August,Aug,35,27,Wednesday,Wed,3,No,No,No,2025,3,8,No,239
20250828,2025-08-28,2025,3,8,August,Aug,35,28,Thursday,Thu,4,No,No,No,2025,3,8,No,240
20250829,2025-08-29,2025,3,8,August,Aug,35,29,Friday,Fri,5,No,No,No,2025,3,8,No,241
20250830,2025-08-30,2025,3,8,August,Aug,35,30,Saturday,Sat,6,Yes,No,No,2025,3,8,No,242
20250831,2025-08-31,2025,3,8,August,Aug,35,31,Sunday,Sun,7,Yes,No,Yes,2025,3,8,No,243
20250901,2025-09-01,2025,3,9,September,Sep,36,1,Monday,Mon,1,No,Yes,No,2025,3,9,No,244
20250902,2025-09-02,2025,3,9,September,Sep,36,2,Tuesday,Tue,2,No,No,No,2025,3,9,No,245
20250903,2025-09-03,2025,3,9,September,Sep,36,3,Wednesday,Wed,3,No,No,No,2025,3,9,No,246
20250904,2025-09-04,2025,3,9,September,Sep,36,4,Thursday,Thu,4,No,No,No,2025,3,9,No,247
20250905,2025-09-05,2025,3,9,September,Sep,36,5,Friday,Fri,5,No,No,No,2025,3,9,No,248
20250906,2025-09-06,2025,3,9,September,Sep,36,6,Saturday,Sat,6,Yes,No,No,2025,3,9,No,249
20250907,2025-09-07,2025,3,9,September,Sep,36,7,Sunday,Sun,7,Yes,No,No,2025,3,9,No,250
20250908,2025-09-08,2025,3,9,September,Sep,37,8,Monday,Mon,1,No,No,No,2025,3,9,No,251
20250909,2025-09-09,2025,3,9,September,Sep,37,9,Tuesday,Tue,2,No,No,No,2025,3,9,No,252
20250910,2025-09-10,2025,3,9,September,Sep,37,10,Wednesday,Wed,3,No,No,No,2025,3,9,No,253
20250911,2025-09-11,2025,3,9,September,Sep,37,11,Thursday,Thu,4,No,No,No,2025,3,9,No,254
20250912,2025-09-12,2025,3,9,September,Sep,37,12,Friday,Fri,5,No,No,No,2025,3,9,No,255
20250913,2025-09-13,2025,3,9,September,Sep,37,13,Saturday,Sat,6,Yes,No,No,2025,3,9,No,256
20250914,2025-09-14,2025,3,9,September,Sep,37,14,Sunday,Sun,7,Yes,No,No,2025,3,9,No,257
20250915,2025-09-15,2025,3,9,September,Sep,38,15,Monday,Mon,1,No,No,No,2025,3,9,No,258
20250916,2025-09-16,2025,3,9,September,Sep,38,16,Tuesday,Tue,2,No,No,No,2025,3,9,No,259
20250917,2025-09-17,2025,3,9,September,Sep,38,17,Wednesday,Wed,3,No,No,No,2025,3,9,No,260
20250918,2025-09-18,2025,3,9,September,Sep,38,18,Thursday,Thu,4,No,No,No,2025,3,9,No,261
20250919,2025-09-19,2025,3,9,September,Sep,38,19,Friday,Fri,5,No,No,No,2025,3,9,No,262
20250920,2025-09-20,2025,3,9,September,Sep,38,20,Saturday,Sat,6,Yes,No,No,2025,3,9,No,263
20250921,2025-09-21,2025,3,9,September,Sep,38,21,Sunday,Sun,7,Yes,No,No,2025,3,9,No,264
20250922,2025-09-22,2025,3,9,September,Sep,39,22,Monday,Mon,1,No,No,No,2025,3,9,No,265
20250923,2025-09-23,2025,3,9,September,Sep,39,23,Tuesday,Tue,2,No,No,No,2025,3,9,No,266
20250924,2025-09-24,2025,3,9,September,Sep,39,24,Wednesday,Wed,3,No,No,No,2025,3,9,No,267
20250925,2025-09-25,2025,3,9,September,Sep,39,25,Thursday,Thu,4,No,No,No,2025,3,9,No,268
20250926,2025-09-26,2025,3,9,September,Sep,39,26,Friday,Fri,5,No,No,No,2025,3,9,No,269
20250927,2025-09-27,2025,3,9,September,Sep,39,27,Saturday,Sat,6,Yes,No,No,2025,3,9,No,270
20250928,2025-09-28,2025,3,9,September,Sep,39,28,Sunday,Sun,7,Yes,No,No,2025,3,9,No,271
20250929,2025-09-29,2025,3,9,September,Sep,40,29,Monday,Mon,1,No,No,No,2025,3,9,No,272
20250930,2025-09-30,2025,3,9,September,Sep,40,30,Tuesday,Tue,2,No,No,Yes,2025,3,9,No,273
20251001,2025-10-01,2025,4,10,October,Oct,40,1,Wednesday,Wed,3,No,Yes,No,2025,4,10,No,274
20251002,2025-10-02,2025,4,10,October,Oct,40,2,Thursday,Thu,4,No,No,No,2025,4,10,No,275
20251003,2025-10-03,2025,4,10,October,Oct,40,3,Friday,Fri,5,No,No,No,2025,4,10,No,276
20251004,2025-10-04,2025,4,10,October,Oct,40,4,Saturday,Sat,6,Yes,No,No,2025,4,10,No,277
20251005,2025-10-05,2025,4,10,October,Oct,40,5,Sunday,Sun,7,Yes,No,No,2025,4,10,No,278
20251006,2025-10-06,2025,4,10,October,Oct,41,6,Monday,Mon,1,No,No,No,2025,4,10,No,279
20251007,2025-10-07,2025,4,10,October,Oct,41,7,Tuesday,Tue,2,No,No,No,2025,4,10,No,280
20251008,2025-10-08,2025,4,10,October,Oct,41,8,Wednesday,Wed,3,No,No,No,2025,4,10,No,281
20251009,2025-10-09,2025,4,10,October,Oct,41,9,Thursday,Thu,4,No,No,No,2025,4,10,No,282
20251010,2025-10-10,2025,4,10,October,Oct,41,10,Friday,Fri,5,No,No,No,2025,4,10,No,283
20251011,2025-10-11,2025,4,10,October,Oct,41,11,Saturday,Sat,6,Yes,No,No,2025,4,10,No,284
20251012,2025-10-12,2025,4,10,October,Oct,41,12,Sunday,Sun,7,Yes,No,No,2025,4,10,No,285
20251013,2025-10-13,2025,4,10,October,Oct,42,13,Monday,Mon,1,No,No,No,2025,4,10,No,286
20251014,2025-10-14,2025,4,10,October,Oct,42,14,Tuesday,Tue,2,No,No,No,2025,4,10,No,287
20251015,2025-10-15,2025,4,10,October,Oct,42,15,Wednesday,Wed,3,No,No,No,2025,4,10,No,288
20251016,2025-10-16,2025,4,10,October,Oct,42,16,Thursday,Thu,4,No,No,No,2025,4,10,No,289
20251017,2025-10-17,2025,4,10,October,Oct,42,17,Friday,Fri,5,No,No,No,2025,4,10,No,290
20251018,2025-10-18,2025,4,10,October,Oct,42,18,Saturday,Sat,6,Yes,No,No,2025,4,10,No,291
20251019,2025-10-19,2025,4,10,October,Oct,42,19,Sunday,Sun,7,Yes,No,No,2025,4,10,No,292
20251020,2025-10-20,2025,4,10,October,Oct,43,20,Monday,Mon,1,No,No,No,2025,4,10,No,293
20251021,2025-10-21,2025,4,10,October,Oct,43,21,Tuesday,Tue,2,No,No,No,2025,4,10,No,294
20251022,2025-10-22,2025,4,10,October,Oct,43,22,Wednesday,Wed,3,No,No,No,2025,4,10,No,295
20251023,2025-10-23,2025,4,10,October,Oct,43,23,Thursday,Thu,4,No,No,No,2025,4,10,No,296
20251024,2025-10-24,2025,4,10,October,Oct,43,24,Friday,Fri,5,No,No,No,2025,4,10,No,297
20251025,2025-10-25,2025,4,10,October,Oct,43,25,Saturday,Sat,6,Yes,No,No,2025,4,10,No,298
20251026,2025-10-26,2025,4,10,October,Oct,43,26,Sunday,Sun,7,Yes,No,No,2025,4,10,No,299
20251027,2025-10-27,2025,4,10,October,Oct,44,27,Monday,Mon,1,No,No,No,2025,4,10,No,300
20251028,2025-10-28,2025,4,10,October,Oct,44,28,Tuesday,Tue,2,No,No,No,2025,4,10,No,301
20251029,2025-10-29,2025,4,10,October,Oct,44,29,Wednesday,Wed,3,No,No,No,2025,4,10,No,302
20251030,2025-10-30,2025,4,10,October,Oct,44,30,Thursday,Thu,4,No,No,No,2025,4,10,No,303
20251031,2025-10-31,2025,4,10,October,Oct,44,31,Friday,Fri,5,No,No,Yes,2025,4,10,No,304
20251101,2025-11-01,2025,4,11,November,Nov,44,1,Saturday,Sat,6,Yes,Yes,No,2025,4,11,No,305
20251102,2025-11-02,2025,4,11,November,Nov,44,2,Sunday,Sun,7,Yes,No,No,2025,4,11,No,306
20251103,2025-11-03,2025,4,11,November,Nov,45,3,Monday,Mon,1,No,No,No,2025,4,11,No,307
20251104,2025-11-04,2025,4,11,November,Nov,45,4,Tuesday,Tue,2,No,No,No,2025,4,11,No,308
20251105,2025-11-05,2025,4,11,November,Nov,45,5,Wednesday,Wed,3,No,No,No,2025,4,11,No,309
20251106,2025-11-06,2025,4,11,November,Nov,45,6,Thursday,Thu,4,No,No,No,2025,4,11,No,310
20251107,2025-11-07,2025,4,11,November,Nov,45,7,Friday,Fri,5,No,No,No,2025,4,11,No,311
20251108,2025-11-08,2025,4,11,November,Nov,45,8,Saturday,Sat,6,Yes,No,No,2025,4,11,No,312
20251109,2025-11-09,2025,4,11,November,Nov,45,9,Sunday,Sun,7,Yes,No,No,2025,4,11,No,313
20251110,2025-11-10,2025,4,11,November,Nov,46,10,Monday,Mon,1,No,No,No,2025,4,11,No,314
20251111,2025-11-11,2025,4,11,November,Nov,46,11,Tuesday,Tue,2,No,No,No,2025,4,11,No,315
20251112,2025-11-12,2025,4,11,November,Nov,46,12,Wednesday,Wed,3,No,No,No,2025,4,11,No,316
20251113,2025-11-13,2025,4,11,November,Nov,46,13,Thursday,Thu,4,No,No,No,2025,4,11,No,317
20251114,2025-11-14,2025,4,11,November,Nov,46,14,Friday,Fri,5,No,No,No,2025,4,11,No,318
20251115,2025-11-15,2025,4,11,November,Nov,46,15,Saturday,Sat,6,Yes,No,No,2025,4,11,No,319
20251116,2025-11-16,2025,4,11,November,Nov,46,16,Sunday,Sun,7,Yes,No,No,2025,4,11,No,320
20251117,2025-11-17,2025,4,11,November,Nov,47,17,Monday,Mon,1,No,No,No,2025,4,11,No,321
20251118,2025-11-18,2025,4,11,November,Nov,47,18,Tuesday,Tue,2,No,No,No,2025,4,11,No,322
20251119,2025-11-19,2025,4,11,November,Nov,47,19,Wednesday,Wed,3,No,No,No,2025,4,11,No,323
20251120,2025-11-20,2025,4,11,November,Nov,47,20,Thursday,Thu,4,No,No,No,2025,4,11,No,324
20251121,2025-11-21,2025,4,11,November,Nov,47,21,Friday,Fri,5,No,No,No,2025,4,11,No,325
20251122,2025-11-22,2025,4,11,November,Nov,47,22,Saturday,Sat,6,Yes,No,No,2025,4,11,No,326
20251123,2025-11-23,2025,4,11,November,Nov,47,23,Sunday,Sun,7,Yes,No,No,2025,4,11,No,327
20251124,2025-11-24,2025,4,11,November,Nov,48,24,Monday,Mon,1,No,No,No,2025,4,11,No,328
20251125,2025-11-25,2025,4,11,November,Nov,48,25,Tuesday,Tue,2,No,No,No,2025,4,11,No,329
20251126,2025-11-26,2025,4,11,November,Nov,48,26,Wednesday,Wed,3,No,No,No,2025,4,11,No,330
20251127,2025-11-27,2025,4,11,November,Nov,48,27,Thursday,Thu,4,No,No,No,2025,4,11,No,331
20251128,2025-11-28,2025,4,11,November,Nov,48,28,Friday,Fri,5,No,No,No,2025,4,11,No,332
20251129,2025-11-29,2025,4,11,November,Nov,48,29,Saturday,Sat,6,Yes,No,No,2025,4,11,No,333
20251130,2025-11-30,2025,4,11,November,Nov,48,30,Sunday,Sun,7,Yes,No,Yes,2025,4,11,No,334
20251201,2025-12-01,2025,4,12,December,Dec,49,1,Monday,Mon,1,No,Yes,No,2025,4,12,No,335
20251202,2025-12-02,2025,4,12,December,Dec,49,2,Tuesday,Tue,2,No,No,No,2025,4,12,No,336
20251203,2025-12-03,2025,4,12,December,Dec,49,3,Wednesday,Wed,3,No,No,No,2025,4,12,No,337
20251204,2025-12-04,2025,4,12,December,Dec,49,4,Thursday,Thu,4,No,No,No,2025,4,12,No,338
20251205,2025-12-05,2025,4,12,December,Dec,49,5,Friday,Fri,5,No,No,No,2025,4,12,No,339
20251206,2025-12-06,2025,4,12,December,Dec,49,6,Saturday,Sat,6,Yes,No,No,2025,4,12,No,340
20251207,2025-12-07,2025,4,12,December,Dec,49,7,Sunday,Sun,7,Yes,No,No,2025,4,12,No,341
20251208,2025-12-08,2025,4,12,December,Dec,50,8,Monday,Mon,1,No,No,No,2025,4,12,No,342
20251209,2025-12-09,2025,4,12,December,Dec,50,9,Tuesday,Tue,2,No,No,No,2025,4,12,No,343
20251210,2025-12-10,2025,4,12,December,Dec,50,10,Wednesday,Wed,3,No,No,No,2025,4,12,No,344
20251211,2025-12-11,2025,4,12,December,Dec,50,11,Thursday,Thu,4,No,No,No,2025,4,12,No,345
20251212,2025-12-12,2025,4,12,December,Dec,50,12,Friday,Fri,5,No,No,No,2025,4,12,No,346
20251213,2025-12-13,2025,4,12,December,Dec,50,13,Saturday,Sat,6,Yes,No,No,2025,4,12,No,347
20251214,2025-12-14,2025,4,12,December,Dec,50,14,Sunday,Sun,7,Yes,No,No,2025,4,12,No,348
20251215,2025-12-15,2025,4,12,December,Dec,51,15,Monday,Mon,1,No,No,No,2025,4,12,No,349
20251216,2025-12-16,2025,4,12,December,Dec,51,16,Tuesday,Tue,2,No,No,No,2025,4,12,No,350
20251217,2025-12-17,2025,4,12,December,Dec,51,17,Wednesday,Wed,3,No,No,No,2025,4,12,No,351
20251218,2025-12-18,2025,4,12,December,Dec,51,18,Thursday,Thu,4,No,No,No,2025,4,12,No,352
20251219,2025-12-19,2025,4,12,December,Dec,51,19,Friday,Fri,5,No,No,No,2025,4,12,No,353
20251220,2025-12-20,2025,4,12,December,Dec,51,20,Saturday,Sat,6,Yes,No,No,2025,4,12,No,354
20251221,2025-12-21,2025,4,12,December,Dec,51,21,Sunday,Sun,7,Yes,No,No,2025,4,12,No,355
20251222,2025-12-22,2025,4,12,December,Dec,52,22,Monday,Mon,1,No,No,No,2025,4,12,No,356
20251223,2025-12-23,2025,4,12,December,Dec,52,23,Tuesday,Tue,2,No,No,No,2025,4,12,No,357
20251224,2025-12-24,2025,4,12,December,Dec,52,24,Wednesday,Wed,3,No,No,No,2025,4,12,No,358
20251225,2025-12-25,2025,4,12,December,Dec,52,25,Thursday,Thu,4,No,No,No,2025,4,12,No,359
20251226,2025-12-26,2025,4,12,December,Dec,52,26,Friday,Fri,5,No,No,No,2025,4,12,No,360
20251227,2025-12-27,2025,4,12,December,Dec,52,27,Saturday,Sat,6,Yes,No,No,2025,4,12,No,361
20251228,2025-12-28,2025,4,12,December,Dec,52,28,Sunday,Sun,7,Yes,No,No,2025,4,12,No,362
20251229,2025-12-29,2025,4,12,December,Dec,1,29,Monday,Mon,1,No,No,No,2025,4,12,No,363
20251230,2025-12-30,2025,4,12,December,Dec,1,30,Tuesday,Tue,2,No,No,No,2025,4,12,No,364
20251231,2025-12-31,2025,4,12,December,Dec,1,31,Wednesday,Wed,3,No,No,Yes,2025,4,12,No,365
